Player,Nationality,Club,Season,Round,Opponent,Minute,Goal_Type,Venue,Goals_In_Match
  MOHAMED SALAH  ,Egypt,Liverpool,2013-14,Quarter-final,Borussia Dortmund,1,Header,Away,1
Luis Suarez,Uruguay,Barcelona,2020-21,Final,Manchester City,48,Penalty,Away,1
Gareth Bale,Wales,Real Madrid,2017-18,R16,Juventus,72,Free Kick, Away,1
Karim Benzema,France,Real Madrid,2019-20,GROUP STAGE,Real Madrid,9,Left Foot, Away,2
Mohamed Salah,Egypt,Liverpool,2022-23,Final,Tottenham Hotspur,38,Right Foot,AWAY,2
  ALESSANDRO DEL PIERO  ,Italy,Juventus,2021-22,Round of 16,Arsenal,68,Free Kick,Home ,2
Andriy Shevchenko,Ukraine,AC Milan,2013-14,Round of 16,Real Madrid,63,Penalty,Home,2
Raul Gonzalez,Spain,Real Madrid,2018-19,R16,Benfica,52,PENALTY,Away,1
  ANDRIY SHEVCHENKO  ,Ukraine,AC Milan,2023-24,R16,Atletico Madrid,47,Penalty, Away,2
Bernardo Silva,Portugal,Manchester City,2014-15,Final,Porto,83,Header,Home ,1
  HARRY KANE  ,England,Bayern Munich,2011-12,Final,,,header,Home ,1
Riyad Mahrez,Algeria,Manchester City,2018-19,Round of 16,,86,Left Foot,Away,1
Vinicius Junior,Brazil,Real Madrid,2011-12,Group Stage,AC Milan,64,Right Foot,home,2
Jude Bellingham,England,Real Madrid,2011-12,Group Stage,Inter Milan,27,Header, Away,1
Andriy Shevchenko,Ukraine,AC Milan,2018-19,Round of 16,Porto,17,Header, Away,1
Toni Kroos,Germany,Real Madrid  ,2022-23,Group stage,Inter Milan,8,Header,Home,2
Alessandro Del Piero,Italy,Juventus,2018-19,Final,Atletico Madrid,63',Free Kick,Away,1
Alessandro Del Piero,Italy,Juventus,2021-22,Group stage,Sevilla,8,Left Foot, Away,2
Bukayo Saka,England,Arsenal  ,2022-23,Quarter-final,AC Milan,80,Penalty,Home ,1
Luis Suarez,Uruguay,Barcelona,2013-14,Semi-final,Manchester United,5,Free Kick, Away,3
Bukayo Saka,England,Arsenal,2013-14,R16,Sevilla,91,right foot,Away,2
Luka Modric,Croatia,Real Madrid,2020-21,Group Stage,Manchester City,10,header,Home,2
Cristiano Ronaldo,Portugal,Real Madrid,2021-22,Round of 16,Arsenal,87,Header,AWAY,2
Jude Bellingham,England,Real Madrid,2014-15,GROUP STAGE,Inter Milan,28,Penalty, Away,1
  KARIM BENZEMA  ,France,Real Madrid,2012-13,Group Stage,Manchester City,84,right foot,Home,3
Lionel Messi,Argentina,Paris Saint-Germain,2022-23,Group Stage,AC Milan,16,Free Kick,Away,1
Robert Lewandowski,Poland,Barcelona,2015-16,GROUP STAGE,Napoli,15,PENALTY,home,2
Erling Haaland,Norway,Borussia Dortmund,2023-24,Semi-final,,40,PENALTY, Away,1
Gareth Bale,Wales,Real Madrid,2019-20,GROUP STAGE,Juventus,5,PENALTY,home,1
Wayne Rooney,England,Manchester United,2011-12,Group stage,Borussia Dortmund,17,Header,AWAY,1
Karim Benzema,France,Real Madrid,2012-13,Final,Liverpool,55,PENALTY,home,1
Didier Drogba,Ivory Coast,Chelsea,2021-22,Semi-final,Manchester United,88,right foot,AWAY,1
Cristiano Ronaldo,Portugal,Juventus,2017-18,GROUP STAGE,Real Madrid,38,header,AWAY,2
Cristiano Ronaldo,Portugal,Juventus,2017-18,Group stage,Bayern Munich,39,right foot,Home,1
Gareth Bale,Wales,Real Madrid,2023-24,Group Stage,Porto,11,right foot,Home ,2
Joshua Kimmich,Germany,Bayern Munich,2022-23,Group Stage,Barcelona,93,Penalty,Home,1
Kevin De Bruyne,Belgium,Manchester City,2013-14,R16,Chelsea,82,Left Foot,Home ,1
Erling Haaland,Norway,Manchester City,2022-23,Final,,89,Left Foot,AWAY,1
Sergio Aguero,Argentina,Manchester City,2020-21,Round of 16,Barcelona,40,PENALTY,home,2
Erling Haaland,Norway,Manchester City,2023-24,R16,Arsenal,36,Right Foot, Away,2
Memphis Depay,Netherlands,Barcelona,2013-14,Final,Manchester United,30,Left Foot,AWAY,3
Alessandro Del Piero,Italy,Juventus,2012-13,Group stage,Liverpool,48,Free Kick,Home,1
Fernando Torres,Spain,Liverpool,2020-21,R16,Benfica,17,Right Foot,Home ,2
Harry Kane,England,Tottenham Hotspur,2021-22,GROUP STAGE,Real Madrid,61,Penalty, Away,3
Luis Suarez,Uruguay,Barcelona,2012-13,Semi-final,Inter Milan,14,Header,Away,3
Bukayo Saka,England,Arsenal,2015-16,Semi-final,Atletico Madrid,54,PENALTY, Away,3
Thomas Muller,Germany,Bayern Munich,2020-21,R16,Arsenal,21,Header,home,1
Joshua Kimmich,Germany,Bayern Munich,2016-17,Group Stage,Napoli,64,PENALTY,home,2
Vinicius Junior,Brazil,Real Madrid,2021-22,Semi-final,Inter Milan,67,Header,Home,1
Mohamed Salah,Egypt,Liverpool,2010-11,Round of 16,Real Madrid,36,Right Foot, Away,3
Riyad Mahrez,Algeria,Manchester City,2015-16,Semi-final,Borussia Dortmund,88,header, Away,2
alfredo di stefano,Argentina,Real Madrid,2013-14,Round of 16,Paris Saint-Germain,66,Free Kick,Home ,3
Didier Drogba,Ivory Coast,Chelsea,2022-23,Group Stage,Manchester City,20,Header,home,1
Edinson Cavani,Uruguay,Paris Saint-Germain,2010-11,Final,Bayern Munich,60,Right Foot,Away,3
Filippo Inzaghi,Italy,AC Milan,2019-20,Quarter-final,Atletico Madrid,37,Header,AWAY,2
Harry Kane,England,Tottenham Hotspur,2019-20,GROUP STAGE,Napoli,91,Header,Home,1
Bukayo Saka,England,Arsenal  ,2016-17,Quarter-final,Paris Saint-Germain,53',Header,Away,2
Karim Benzema,France,Real Madrid,2014-15,Group stage,Manchester City,50,right foot,Away,1
Neymar Jr,Brazil,Barcelona,2013-14,Semi-final,,92,Header,Home,2
Karim Benzema,France,Real Madrid,2018-19,Group Stage,Atletico Madrid,22,right foot,AWAY,1
Andriy Shevchenko,Ukraine,AC Milan,2015-16,Group Stage,Napoli,10,right foot,Home,1
Toni Kroos,Germany,Real Madrid,2012-13,GROUP STAGE,Manchester United,45,right foot,AWAY,2
Sadio Mane,Senegal,Liverpool,2018-19,R16,Inter Milan,71,Header,Home ,1
Edinson Cavani,Uruguay,Paris Saint-Germain,2020-21,GROUP STAGE,Real Madrid,7,Free Kick,Home ,1
Kevin De Bruyne,,Manchester City,2020-21,GROUP STAGE,,65,header,home,1
Didier Drogba,Ivory Coast,Chelsea,2015-16,GROUP STAGE,Bayern Munich,78,right foot,AWAY,3
Edinson Cavani,Uruguay,Paris Saint-Germain,2011-12,Final,Liverpool,73,right foot,home,1
Toni Kroos,Germany,Real Madrid,2023-24,R16,Real Madrid,79,PENALTY,home,2
Joshua Kimmich,Germany,Bayern Munich,2015-16,GROUP STAGE,Paris Saint-Germain,12,Free Kick,Away,1
Alfredo Di Stefano,Argentina,Real Madrid,2018-19,Quarter-final,Borussia Dortmund,4,Right Foot, Away,3
Harry Kane,England,Bayern Munich,2014-15,GROUP STAGE,Atletico Madrid,86,header,Home,3
Kevin De Bruyne,Belgium,Manchester City,2018-19,Group stage,Juventus,52,Free Kick,Home,1
Neymar Jr,Brazil,Barcelona,2023-24,R16,Barcelona,54,header,home,1
Cristiano Ronaldo,Portugal,Juventus,2011-12,Round of 16,Barcelona,74,header,Away,3
Zlatan Ibrahimovic,Sweden,AC Milan,2011-12,Group Stage,Tottenham Hotspur,52,header,Away,1
Ousmane Dembele,France,Barcelona,2016-17,Final,Napoli,63,Header,Away,1
  BUKAYO SAKA  ,England,Arsenal,2021-22,Round of 16,Bayern Munich,55,Left Foot,AWAY,1
Sergio Aguero,Argentina,Manchester City,2010-11,Group stage,Barcelona,79,Penalty, Away,2
Luka Modric,Croatia,Real Madrid,2010-11,Quarter-final,Manchester City,1,Right Foot,Home,3
  KEVIN DE BRUYNE  ,Belgium,Manchester City,2021-22,Group Stage,,87,Header, Away,2
edinson cavani,Uruguay,Paris Saint-Germain,2016-17,GROUP STAGE,Paris Saint-Germain,39,right foot,Home,1
Paulo Dybala,Argentina,Juventus,2017-18,R16,Borussia Dortmund,18,PENALTY,Away,2
Robert Lewandowski,Poland,Bayern Munich,2017-18,Round of 16,Atletico Madrid,15,Penalty,Home,1
Victor Osimhen,Nigeria,Napoli,2010-11,GROUP STAGE,Borussia Dortmund,64,PENALTY,Away,1
  MOHAMED SALAH  ,Egypt,Liverpool,2014-15,GROUP STAGE,Manchester United,76,right foot, Away,1
Alfredo Di Stefano,Argentina,Real Madrid,2021-22,GROUP STAGE,Liverpool,54,right foot,AWAY,2
Mohamed Salah,Egypt,Liverpool,2016-17,Group Stage,Sevilla,78,Free Kick,Away,2
Kylian Mbappe,France,Paris Saint-Germain,2018-19,Final,Manchester City,44',right foot, Away,1
Vinicius Junior,Brazil,Real Madrid,2019-20,Final,AC Milan,82,PENALTY, Away,1
Joshua Kimmich,Germany,Bayern Munich,2023-24,Group stage,Benfica,,Left Foot,AWAY,2
Wayne Rooney,England,Manchester United,2021-22,R16,,26,Free Kick,Home,1
julian alvarez,Argentina,Manchester City,2014-15,R16,Manchester City,25,right foot,Home,1
Sergio Aguero,Argentina,Manchester City,2022-23,R16,Barcelona,80,right foot,Away,3
Filippo Inzaghi,,AC Milan,2021-22,Group Stage,Real Madrid,30,Penalty, Away,2
Zlatan Ibrahimovic,Sweden,Inter Milan,2018-19,Round of 16,Borussia Dortmund,68,Penalty,home,2
Jude Bellingham,England,Real Madrid,2017-18,Quarter-final,Borussia Dortmund,61,Left Foot,Home,1
Neymar Jr,Brazil,Paris Saint-Germain,2023-24,Group Stage,Liverpool,66,Header,home,2
Bukayo Saka,England,Arsenal,2011-12,Final,,5,Right Foot, Away,1
Luka Modric,Croatia,Real Madrid,2023-24,Group Stage,Inter Milan,46,Right Foot, Away,1
Memphis Depay,Netherlands,Barcelona,2022-23,Semi-final,Manchester City,70,Left Foot,Home ,1
Fernando Torres,Spain,Liverpool,2012-13,Round of 16,Manchester United,58,header,home,1
Kevin De Bruyne,Belgium,Manchester City,2023-24,GROUP STAGE,,92,Right Foot,home,3
Fernando Torres,Spain,Liverpool,2016-17,Round of 16,Borussia Dortmund,65,right foot,AWAY,2
Victor Osimhen,Nigeria,Napoli,2012-13,Quarter-final,Manchester United,29,Free Kick,Away,1
Raul Gonzalez,Spain,Real Madrid,2016-17,Group stage,Juventus,54,header,Away,1
Luis Suarez,Uruguay,Barcelona,2021-22,Group Stage,Arsenal,48,header,Away,1
Didier Drogba,Ivory Coast,Chelsea,2011-12,Group Stage,Porto,7,right foot,Away,1
Mohamed Salah,Egypt,Liverpool,2017-18,Final,Porto,38,Left Foot,Home ,1
Alfredo Di Stefano,Argentina,Real Madrid,2019-20,Group stage,Barcelona,95,Left Foot, Away,1
Bukayo Saka,England,Arsenal,2018-19,Round of 16,Chelsea,58,Penalty,Away,1
  MOHAMED SALAH  ,Egypt,Liverpool,2020-21,GROUP STAGE,Barcelona,52,PENALTY,AWAY,1
Fernando Torres,Spain,Liverpool,2010-11,Round of 16,Chelsea,52,PENALTY,Away,3
victor osimhen,Nigeria,Napoli  ,2011-12,Final,Napoli,8,right foot,AWAY,1
Ruud van Nistelrooy,Netherlands,Real Madrid,2018-19,Quarter-final,Napoli,51,Penalty,Away,1
Luis Suarez,Uruguay,Barcelona,2010-11,Semi-final,Ajax,54,Header,home,1
Bernardo Silva,Portugal,Manchester City,2022-23,Round of 16,Tottenham Hotspur,70,PENALTY, Away,1
Neymar Jr,Brazil,Barcelona,2015-16,Final,,51,Free Kick,AWAY,3
Wayne Rooney,England,Manchester United,2013-14,Quarter-final,Inter Milan,27,right foot, Away,2
Kevin De Bruyne,Belgium,Manchester City,2018-19,Round of 16,Tottenham Hotspur,18,Left Foot,home,2
Harry Kane,England,Bayern Munich  ,2013-14,Semi-final,Manchester City,77,Left Foot,AWAY,2
Jude Bellingham,England,Real Madrid,2014-15,Semi-final,Inter Milan,1,PENALTY,Away,2
Luis Suarez,Uruguay,Atletico Madrid,2023-24,Semi-final,Porto,3,Right Foot,AWAY,1
Zlatan Ibrahimovic,Sweden,AC Milan,2013-14,Final,Benfica,78,Header, Away,1
Ruud van Nistelrooy,Netherlands,Manchester United,2010-11,Semi-final,Ajax,91,header,AWAY,2
Toni Kroos,,Real Madrid,2018-19,Final,Arsenal,74,Penalty, Away,3
Edinson Cavani,Uruguay,Paris Saint-Germain,2012-13,R16,Atletico Madrid,25,Header,Away,1
Raul Gonzalez,Spain,Real Madrid,2012-13,Group Stage,Chelsea,21,Left Foot,Away,1
Edinson Cavani,Uruguay,Paris Saint-Germain,2018-19,Quarter-final,,60,PENALTY,Home ,3
Bukayo Saka,England,Arsenal,2013-14,Group Stage,Manchester City,28,Free Kick, Away,1
Ousmane Dembele,France,Barcelona,2014-15,Final,Liverpool,43,PENALTY,AWAY,3
Joshua Kimmich,Germany,Bayern Munich,2016-17,Final,Manchester United,64,header,home,1
Edinson Cavani,Uruguay,Paris Saint-Germain,2016-17,Group Stage,Napoli,66,header,Home ,1
Thomas Muller,Germany,Bayern Munich,2016-17,Group stage,Paris Saint-Germain,31,header,Home,1
Antoine Griezmann,France,Atletico Madrid,2021-22,Semi-final,Tottenham Hotspur,59,right foot,Home ,2
Gareth Bale,Wales,Real Madrid,2011-12,GROUP STAGE,Manchester United,2,Free Kick,Home ,1
Memphis Depay,Netherlands,Barcelona,2013-14,R16,,5,right foot,home,1
Alessandro Del Piero,Italy,Juventus,2017-18,Group Stage,Inter Milan,13,Header,Home,1
Alfredo Di Stefano,Argentina,Real Madrid,2019-20,Final,Manchester United,49,Left Foot,Away,1
Cristiano Ronaldo,Portugal,Manchester United,2010-11,Semi-final,Borussia Dortmund,55,PENALTY,Away,2
Luis Suarez,Uruguay,Barcelona,2012-13,Group Stage,,13,Penalty,Home ,2
Bernardo Silva,Portugal,Manchester City,2020-21,Group stage,Paris Saint-Germain,8,Penalty,Home,1
Lionel Messi,Argentina,Paris Saint-Germain,2018-19,Round of 16,Tottenham Hotspur,10,Penalty, Away,2
Toni Kroos,Germany,Real Madrid,2019-20,Final,Tottenham Hotspur,11,Right Foot,Home ,2
Sergio Aguero,Argentina,Manchester City,2010-11,Semi-final,Tottenham Hotspur,84,header,Home,3
Andriy Shevchenko,Ukraine,AC Milan,2012-13,GROUP STAGE,Manchester City,79,Free Kick,home,1
Karim Benzema,France,Real Madrid,2010-11,GROUP STAGE,Real Madrid,60,Header,Home,2
Harry Kane,England,Bayern Munich,2011-12,Semi-final,,28,header,Home,2
  MOHAMED SALAH  ,Egypt,Liverpool,2013-14,Quarter-final,Borussia Dortmund,1,Header,Away,1
Mohamed Salah,Egypt,Liverpool,2018-19,Group stage,Real Madrid,39,Free Kick,Away,1
Andriy Shevchenko,Ukraine,AC Milan,2016-17,GROUP STAGE,,54,PENALTY,Away,1
Paulo Dybala,Argentina,Juventus  ,2011-12,Group Stage,Inter Milan,30,Penalty,Away,1
Bukayo Saka,England,Arsenal,2013-14,R16,Barcelona,59,PENALTY,AWAY,2
Harry Kane,England,Tottenham Hotspur,2016-17,Group Stage,,85,Header,AWAY,1
antoine griezmann,France,Atletico Madrid,2021-22,Group stage,Manchester United,92,header,Home,3
antoine griezmann,France,Atletico Madrid,2018-19,Final,Atletico Madrid,15,Penalty,home,2
Ruud van Nistelrooy,Netherlands,Manchester United,2021-22,Final,Benfica,60,Left Foot,Home ,1
Joshua Kimmich,Germany,Bayern Munich,2017-18,Semi-final,Manchester United,36,Right Foot,Away,3
Erling Haaland,Norway,Manchester City,2019-20,Round of 16,Real Madrid,,PENALTY,home,1
Victor Osimhen,Nigeria,Napoli  ,2017-18,Quarter-final,Atletico Madrid,10,Free Kick,Away,1
Fernando Torres,Spain,Liverpool,2020-21,Round of 16,Ajax,19,header,Home ,2
Kevin De Bruyne,Belgium,Manchester City,2021-22,Group Stage,Real Madrid,34,Right Foot,Home,1
Mohamed Salah,Egypt,Liverpool,2022-23,Final,Ajax,46,right foot, Away,1
Kylian Mbappe,France,Paris Saint-Germain,2018-19,Final,Chelsea,29,Left Foot,Home,2
Riyad Mahrez,Algeria,Manchester City,2021-22,Quarter-final,Inter Milan,25,Header,Away,1
Neymar Jr,Brazil,Barcelona  ,2023-24,R16,Porto,70,Free Kick,Away,1
Alessandro Del Piero,Italy,Juventus,2014-15,Semi-final,,82,Free Kick,Away,1
Sadio Mane,Senegal,Liverpool,2015-16,Group Stage,Manchester City,39,PENALTY,Home,3
Ousmane Dembele,France,Paris Saint-Germain,2022-23,Quarter-final,Manchester United,37,Penalty, Away,2
Karim Benzema,France,Real Madrid,2019-20,Round of 16,Ajax,34,Right Foot,AWAY,2
Neymar Jr,Brazil,Paris Saint-Germain,2020-21,Group stage,,59,Header,home,1
Luis Suarez,Uruguay,Barcelona,2018-19,Final,Bayern Munich,8,Free Kick,AWAY,2
Filippo Inzaghi,Italy,AC Milan,2011-12,Group stage,Bayern Munich,86,header,AWAY,1
Fernando Torres,Spain,Chelsea,2014-15,Final,Chelsea,49,right foot, Away,1
Alessandro Del Piero,Italy,Juventus,2012-13,Group stage,Liverpool,88,Left Foot,home,1
Karim Benzema,France,Real Madrid,2012-13,Group Stage,Tottenham Hotspur,61,Free Kick,Away,1
Riyad Mahrez,Algeria,Manchester City,2023-24,Semi-final,,95,Penalty,home,1
Riyad Mahrez,Algeria,Manchester City,2020-21,Group stage,Barcelona,50,Header, Away,2
Sergio Aguero,Argentina,Manchester City,2022-23,Group stage,Napoli,53,right foot,Home ,1
Cristiano Ronaldo,Portugal,Juventus,2014-15,Semi-final,,80,header,Away,2
Erling Haaland,Norway,Borussia Dortmund,2012-13,R16,Paris Saint-Germain,79,header, Away,3
Thomas Muller,Germany,Bayern Munich,2020-21,Group stage,Borussia Dortmund,79,Header,Home ,1
Lionel Messi,Argentina,Barcelona,2017-18,Quarter-final,Real Madrid,21,Header,home,1
Sadio Mane,Senegal,Bayern Munich,2021-22,GROUP STAGE,Bayern Munich,25,PENALTY,Home,1
Didier Drogba,Ivory Coast,Chelsea,2015-16,GROUP STAGE,Porto,49,Penalty,Away,3
Bukayo Saka,England,Arsenal,2018-19,Group stage,AC Milan,88,Free Kick,AWAY,1
Vinicius Junior,Brazil,Real Madrid,2022-23,Quarter-final,Liverpool,34,Penalty,AWAY,3
Joshua Kimmich,Germany,Bayern Munich,2022-23,Group Stage,AC Milan,58,Penalty,Away,3
Memphis Depay,Netherlands,Barcelona,2012-13,GROUP STAGE,Paris Saint-Germain,79,Free Kick,Home ,2
Erling Haaland,Norway,Manchester City,2018-19,Final,Manchester United,27,Penalty,Home ,1
Luka Modric,Croatia,Real Madrid,2013-14,Final,AC Milan,23,Penalty, Away,1
Thomas Muller,Germany,Bayern Munich,2020-21,R16,Arsenal,64,PENALTY,AWAY,1
Ruud van Nistelrooy,Netherlands,Real Madrid,2020-21,R16,Borussia Dortmund,38,Penalty,Away,1
Luka Modric,Croatia,Real Madrid,2015-16,GROUP STAGE,Sevilla,33,Penalty,Home,1
Didier Drogba,Ivory Coast,Chelsea,2017-18,Quarter-final,Bayern Munich,24,Penalty,Home ,1
Bernardo Silva,Portugal,Manchester City,2013-14,Semi-final,Borussia Dortmund,80,Free Kick, Away,2
Zlatan Ibrahimovic,Sweden,Barcelona,2021-22,Final,Inter Milan,43,PENALTY, Away,1
Ousmane Dembele,France,Barcelona,2016-17,Group stage,,71,Left Foot,home,1
Didier Drogba,Ivory Coast,Chelsea,2013-14,Final,AC Milan,66,Right Foot,Home,1
Gareth Bale,Wales,Real Madrid,2019-20,Semi-final,Juventus,61,Right Foot,AWAY,1
edinson cavani,Uruguay,Paris Saint-Germain  ,2019-20,Semi-final,Tottenham Hotspur,49',Free Kick,home,1
Karim Benzema,France,Real Madrid,2019-20,GROUP STAGE,Manchester City,1,Penalty,AWAY,1
  LIONEL MESSI  ,Argentina,Paris Saint-Germain,2020-21,Semi-final,Benfica,28,right foot,Away,1
Ousmane Dembele,France,Paris Saint-Germain,2015-16,Group Stage,Benfica,64,PENALTY,AWAY,1
Paulo Dybala,Argentina,Juventus,2018-19,Group stage,Inter Milan,34,Right Foot,AWAY,1
Andriy Shevchenko,Ukraine,Chelsea,2012-13,Group stage,Benfica,76,right foot,Home ,3
  GARETH BALE  ,Wales,Real Madrid,2017-18,Final,Napoli,40,right foot,Home,1
Joshua Kimmich,Germany,Bayern Munich,2013-14,Final,Manchester United,27,header,home,2
Joshua Kimmich,Germany,Bayern Munich,2011-12,GROUP STAGE,Sevilla,78,Header,Home ,1
Neymar Jr,Brazil,Barcelona,2012-13,R16,Sevilla,26,header, Away,2
Zlatan Ibrahimovic,Sweden,Barcelona,2010-11,Group stage,Bayern Munich,29,header, Away,1
Antoine Griezmann,France,Atletico Madrid,2020-21,Round of 16,Porto,78,Left Foot,AWAY,1
Cristiano Ronaldo,Portugal,Real Madrid,2018-19,Quarter-final,Sevilla,54,Header, Away,3
Antoine Griezmann,France,Atletico Madrid,2022-23,Round of 16,Chelsea,84,Right Foot,Home ,1
Lionel Messi,Argentina,Paris Saint-Germain,2014-15,R16,Benfica,61,Header,AWAY,1
Kylian Mbappe,France,Real Madrid,2021-22,Quarter-final,Liverpool,28,Free Kick, Away,1
Wayne Rooney,England,Manchester United,2023-24,Round of 16,Atletico Madrid,3,Free Kick, Away,1
Paulo Dybala,Argentina,Juventus,2019-20,Group Stage,Tottenham Hotspur,44,Right Foot,AWAY,2
Zlatan Ibrahimovic,Sweden,Inter Milan,2021-22,Final,,94,Free Kick,Home,1
Fernando Torres,Spain,Liverpool,2013-14,Group Stage,AC Milan,64,header,Home,1
Fernando Torres,Spain,Liverpool,2023-24,Round of 16,AC Milan,79,header,AWAY,1
fernando torres,Spain,Chelsea  ,2010-11,Semi-final,Atletico Madrid,64,Free Kick,home,1
Sergio Aguero,Argentina,Manchester City,2020-21,Semi-final,Juventus,19,Right Foot,home,1
Neymar Jr,Brazil,Barcelona,2010-11,Quarter-final,Atletico Madrid,3,Header,home,2
Erling Haaland,Norway,Borussia Dortmund,2015-16,R16,Manchester United,89,header,AWAY,3
  CRISTIANO RONALDO  ,Portugal,Juventus,2014-15,Group Stage,Porto,83,Free Kick, Away,1
Zlatan Ibrahimovic,Sweden,Paris Saint-Germain,2016-17,Group Stage,Napoli,22,right foot,Home,1
Jude Bellingham,England,Real Madrid,2015-16,Final,AC Milan,82,right foot,home,2
Robert Lewandowski,Poland,Borussia Dortmund,2023-24,Group stage,Benfica,6,Right Foot, Away,1
Memphis Depay,Netherlands,Barcelona,2022-23,Final,Napoli,25,right foot, Away,2
Andriy Shevchenko,,Chelsea,2011-12,GROUP STAGE,Paris Saint-Germain,71,Free Kick,home,1
Thomas Muller,Germany,Bayern Munich,2020-21,Final,Napoli,19,Left Foot,Away,3
Julian Alvarez,Argentina,Manchester City,2011-12,Semi-final,Real Madrid,49,Right Foot, Away,1
Gareth Bale,Wales,Real Madrid,2019-20,Final,Chelsea,94,Right Foot,Home,1
  THOMAS MULLER  ,Germany,Bayern Munich,2019-20,Final,AC Milan,72,right foot,Away,1
  THOMAS MULLER  ,Germany,Bayern Munich,2019-20,Final,Ajax,80,header,Home,2
Thomas Muller,Germany,Bayern Munich,2022-23,Final,,9,right foot,AWAY,1
Filippo Inzaghi,Italy,AC Milan,2020-21,Final,Real Madrid,37,Header,Home,1
Bernardo Silva,Portugal,Manchester City,2022-23,Quarter-final,Ajax,56,Right Foot,Home,1
Cristiano Ronaldo,Portugal,Manchester United,2014-15,Semi-final,Tottenham Hotspur,27,Header,AWAY,1
Toni Kroos,Germany,Real Madrid,2010-11,Group stage,Manchester United,25,Left Foot,Away,3
Luis Suarez,Uruguay,Atletico Madrid,2019-20,Final,Paris Saint-Germain,89,Left Foot,home,2
Kevin De Bruyne,Belgium,Manchester City,2010-11,Quarter-final,Arsenal,64,Header, Away,1
Jude Bellingham,England,Real Madrid,2017-18,Quarter-final,Porto,3,Penalty, Away,1
Didier Drogba,Ivory Coast,Chelsea,2014-15,Round of 16,Sevilla,19,Right Foot, Away,3
Memphis Depay,Netherlands,Barcelona,2014-15,Round of 16,Juventus,27,Header,Home ,1
Sergio Aguero,Argentina,Manchester City,2015-16,Quarter-final,Paris Saint-Germain,23,Penalty,Home ,3
Wayne Rooney,England,Manchester United,2016-17,Group stage,AC Milan,26,PENALTY,Home ,1
Filippo Inzaghi,Italy,AC Milan,2018-19,Round of 16,Ajax,31,Left Foot,home,2
Neymar Jr,Brazil,Barcelona,2012-13,Round of 16,Ajax,23,Penalty,Away,1
Edinson Cavani,Uruguay,Paris Saint-Germain,2023-24,Final,Paris Saint-Germain,76,Penalty,Home,2
Victor Osimhen,Nigeria,Napoli,2010-11,Group Stage,,48,Left Foot,Home ,2
Ruud van Nistelrooy,Netherlands,Real Madrid,2023-24,GROUP STAGE,Manchester United,83,right foot,Home ,2
Neymar Jr,Brazil,Barcelona,2014-15,Group Stage,Atletico Madrid,13,PENALTY,Away,1
Luis Suarez,Uruguay,Atletico Madrid,2011-12,Group Stage,Benfica,75,Left Foot,Home,1
  WAYNE ROONEY  ,England,Manchester United,2014-15,Group Stage,Napoli,83,Penalty,Away,1
Joshua Kimmich,Germany,Bayern Munich,2020-21,R16,Juventus,95,Penalty, Away,1
Toni Kroos,,Real Madrid,2022-23,Quarter-final,Ajax,61,Header, Away,2
Antoine Griezmann,France,Atletico Madrid,2015-16,Semi-final,Napoli,33,right foot, Away,1
Cristiano Ronaldo,Portugal,Manchester United,2020-21,Group stage,Borussia Dortmund,23,PENALTY,Away,3
Erling Haaland,Norway,Manchester City,2019-20,Round of 16,Barcelona,79,header,Home,2
Andriy Shevchenko,Ukraine,Chelsea,2017-18,Group Stage,Arsenal,35,header,Away,3
Gareth Bale,Wales,Real Madrid,2017-18,Quarter-final,Paris Saint-Germain,42',PENALTY, Away,3
Andriy Shevchenko,Ukraine,AC Milan,2022-23,GROUP STAGE,Chelsea,71,PENALTY,home,1
  SADIO MANE  ,Senegal,Bayern Munich,2011-12,R16,Inter Milan,75,PENALTY,Away,2
Ruud van Nistelrooy,Netherlands,Real Madrid,2020-21,Quarter-final,Benfica,8,Header,home,3
Cristiano Ronaldo,Portugal,Real Madrid,2015-16,Quarter-final,Real Madrid,5,Penalty,AWAY,2
Sergio Aguero,Argentina,Manchester City,2017-18,Quarter-final,Manchester United,23,Penalty,home,1
Alfredo Di Stefano,Argentina,Real Madrid,2020-21,Quarter-final,Bayern Munich,3,Left Foot,home,1
Robert Lewandowski,Poland,Barcelona,2020-21,R16,Real Madrid,58,header,Home ,3
Toni Kroos,Germany,Real Madrid,2019-20,Round of 16,Manchester City,44,Penalty,Home ,1
Alfredo Di Stefano,Argentina,Real Madrid,2020-21,Round of 16,Tottenham Hotspur,44,Penalty,home,1
Ruud van Nistelrooy,Netherlands,Real Madrid,2018-19,Group stage,,90,Free Kick,Away,1
Didier Drogba,Ivory Coast,Chelsea,2012-13,Group Stage,Sevilla,77,right foot,AWAY,1
julian alvarez,Argentina,Manchester City,2013-14,Group stage,Chelsea,10,Penalty,AWAY,2
Ruud van Nistelrooy,Netherlands,Real Madrid,2021-22,GROUP STAGE,Barcelona,12,Penalty,Away,1
Fernando Torres,Spain,Chelsea,2019-20,Group Stage,Napoli,40,Right Foot,Home ,1
Raul Gonzalez,Spain,Real Madrid,2021-22,Final,Barcelona,61,header,AWAY,2
  VINICIUS JUNIOR  ,Brazil,Real Madrid,2023-24,GROUP STAGE,Chelsea,4,header, Away,1
Julian Alvarez,Argentina,Manchester City,2017-18,GROUP STAGE,Tottenham Hotspur,72,Header,Home ,3
Mohamed Salah,Egypt,Liverpool,2012-13,R16,Borussia Dortmund,61,PENALTY,Home ,1
Toni Kroos,Germany,Real Madrid,2017-18,Quarter-final,Inter Milan,11,Right Foot,Away,1
Alessandro Del Piero,Italy,Juventus,2019-20,Semi-final,,91,Left Foot,Home,1
Alfredo Di Stefano,Argentina,Real Madrid,2016-17,GROUP STAGE,Porto,12,right foot,Home,1
Cristiano Ronaldo,Portugal,Real Madrid,2021-22,R16,Liverpool,47,PENALTY,Home,1
Andriy Shevchenko,Ukraine,AC Milan,2021-22,Final,Manchester City,54,header, Away,1
Filippo Inzaghi,Italy,AC Milan,2020-21,Group stage,Manchester City,27,Penalty,AWAY,2
Vinicius Junior,Brazil,Real Madrid  ,2010-11,Quarter-final,Atletico Madrid,76,Header,Home ,1
Neymar Jr,Brazil,Paris Saint-Germain,2010-11,Quarter-final,Tottenham Hotspur,65,right foot,Home,1
Memphis Depay,Netherlands,Barcelona,2012-13,Final,Liverpool,90,Header,Home,1
Jude Bellingham,England,Real Madrid,2015-16,Group stage,Porto,16,Free Kick,Away,1
Luis Suarez,Uruguay,Atletico Madrid,2019-20,R16,Chelsea,40,Left Foot,AWAY,1
Memphis Depay,Netherlands,Barcelona,2020-21,Group stage,Arsenal,41,header,AWAY,1
Zlatan Ibrahimovic,Sweden,Paris Saint-Germain,2012-13,Semi-final,Bayern Munich,5,Left Foot,Away,1
Lionel Messi,Argentina,Paris Saint-Germain,2013-14,Group stage,Paris Saint-Germain,53,PENALTY,Home,1
Alfredo Di Stefano,Argentina,Real Madrid,2020-21,Group stage,Real Madrid,29,Right Foot,AWAY,2
  FILIPPO INZAGHI  ,Italy,AC Milan,2015-16,Semi-final,Ajax,83,Left Foot,Home ,3
Gareth Bale,Wales,Real Madrid,2020-21,Quarter-final,Bayern Munich,77,Header,home,2
Antoine Griezmann,France,Atletico Madrid,2023-24,Group Stage,Arsenal,53,Right Foot,Away,3
Bukayo Saka,England,Arsenal,2017-18,Semi-final,Tottenham Hotspur,28,Left Foot,home,2
Riyad Mahrez,Algeria,Manchester City,2021-22,GROUP STAGE,Arsenal,22,Left Foot, Away,3
Joshua Kimmich,Germany,Bayern Munich,2023-24,Final,Manchester City,32,Left Foot,Home ,1
Bukayo Saka,England,Arsenal,2019-20,Final,Tottenham Hotspur,81,PENALTY,AWAY,1
  LUKA MODRIC  ,Croatia,Real Madrid,2011-12,GROUP STAGE,Bayern Munich,57,PENALTY,Away,3
Fernando Torres,Spain,Liverpool,2023-24,Final,Bayern Munich,16,right foot,Away,2
robert lewandowski,Poland,Bayern Munich,2020-21,Semi-final,Liverpool,42,Left Foot,Home,3
Jude Bellingham,England,Real Madrid,2017-18,Final,Chelsea,63,right foot,Home ,1
Bukayo Saka,England,Arsenal  ,2017-18,Final,Chelsea,45',Left Foot,home,1
Kylian Mbappe,France,Real Madrid,2010-11,Round of 16,Manchester United,61,Penalty,Home ,3
Joshua Kimmich,Germany,Bayern Munich,2019-20,Group Stage,Bayern Munich,85,Left Foot, Away,1
Ruud van Nistelrooy,Netherlands,Manchester United,2022-23,Group stage,Borussia Dortmund,18,Left Foot,AWAY,1
Neymar Jr,Brazil,Barcelona,2014-15,Round of 16,Napoli,80,header,AWAY,1
  JOSHUA KIMMICH  ,Germany,Bayern Munich,2023-24,R16,Manchester City,85,Left Foot,AWAY,2
Vinicius Junior,Brazil,Real Madrid,2015-16,Final,Napoli,31,header, Away,2
Bernardo Silva,Portugal,Manchester City,2022-23,R16,Juventus,15,Left Foot,home,1
Didier Drogba,Ivory Coast,Chelsea,2013-14,Group stage,Juventus,84,PENALTY,home,1
Memphis Depay,Netherlands,Barcelona,2016-17,R16,Arsenal,53,Right Foot,home,1
Julian Alvarez,Argentina,Manchester City,2014-15,R16,Paris Saint-Germain,63,Free Kick,Home ,3
Karim Benzema,France,Real Madrid,2018-19,Final,Juventus,30,header,home,1
Paulo Dybala,Argentina,Juventus,2020-21,Semi-final,Inter Milan,3,right foot,AWAY,1
Zlatan Ibrahimovic,Sweden,Paris Saint-Germain,2022-23,GROUP STAGE,Juventus,53,Right Foot,home,1
Lionel Messi,Argentina,Barcelona,2010-11,Semi-final,Sevilla,59,right foot,Away,3
Didier Drogba,Ivory Coast,Chelsea,2016-17,GROUP STAGE,AC Milan,57,PENALTY,AWAY,1
Paulo Dybala,Argentina,Juventus,2021-22,GROUP STAGE,,94,Left Foot,Home,2
Erling Haaland,Norway,Manchester City,2011-12,Group Stage,Arsenal,33,Right Foot,Home ,1
Luis Suarez,Uruguay,Barcelona,2021-22,Round of 16,Manchester City,8,PENALTY,Away,1
Cristiano Ronaldo,Portugal,Manchester United,2017-18,Group stage,Borussia Dortmund,67,Free Kick,Away,1
Luka Modric,Croatia,Real Madrid,2023-24,GROUP STAGE,Atletico Madrid,64,Penalty,AWAY,3
Riyad Mahrez,Algeria,Manchester City,2014-15,Round of 16,Tottenham Hotspur,76,Left Foot,home,3
Memphis Depay,Netherlands,Barcelona,2023-24,Group stage,Juventus,12,PENALTY,Home,1
Vinicius Junior,Brazil,Real Madrid,2012-13,Final,Manchester City,32,PENALTY,home,3
Bukayo Saka,England,Arsenal,2011-12,Final,,48,Penalty,Home,1
Gareth Bale,Wales,Real Madrid,2016-17,R16,Atletico Madrid,94,header,AWAY,1
Bukayo Saka,England,Arsenal,2022-23,R16,Barcelona,82,Penalty, Away,1
jude bellingham,England,Real Madrid,2020-21,Group Stage,AC Milan,11,Free Kick, Away,1
Julian Alvarez,Argentina,Manchester City,2022-23,Round of 16,,88,Free Kick,Away,2
Fernando Torres,Spain,Liverpool,2019-20,Semi-final,Manchester United,70,PENALTY,AWAY,1
Cristiano Ronaldo,Portugal,Real Madrid,2017-18,Final,Arsenal,37,header,Home,1
Mohamed Salah,Egypt,Liverpool,2023-24,Group Stage,Manchester City,89,PENALTY,home,1
Kevin De Bruyne,Belgium,Manchester City,2022-23,Group stage,Bayern Munich,16,Right Foot,home,2
  CRISTIANO RONALDO  ,Portugal,Real Madrid,2023-24,Final,Barcelona,43,PENALTY,AWAY,1
Zlatan Ibrahimovic,Sweden,AC Milan,2013-14,Round of 16,Napoli,55,Free Kick,Home ,1
Kylian Mbappe,France,Paris Saint-Germain,2013-14,Group Stage,Ajax,,Penalty,AWAY,1
Didier Drogba,Ivory Coast,Chelsea,2013-14,Round of 16,,3,Free Kick,Away,1
Riyad Mahrez,Algeria,Manchester City,2019-20,Semi-final,Napoli,,right foot,AWAY,1
Fernando Torres,Spain,Chelsea,2019-20,Final,Manchester United,59,PENALTY,Home,3
Victor Osimhen,Nigeria,Napoli,2012-13,GROUP STAGE,Manchester City,8,Free Kick, Away,2
Filippo Inzaghi,Italy,AC Milan,2016-17,Final,Sevilla,51,right foot,Home,1
Luka Modric,Croatia,Real Madrid,2015-16,Final,,58,Penalty,Home,1
Luka Modric,Croatia,Real Madrid,2010-11,Final,Paris Saint-Germain,43,Right Foot, Away,2
Bernardo Silva,Portugal,Manchester City,2012-13,Semi-final,,56,Header,Home,3
Ousmane Dembele,France,Barcelona,2016-17,Semi-final,,33,Penalty,home,1
Ousmane Dembele,France,Paris Saint-Germain,2013-14,Group Stage,Manchester City,15,Left Foot,Away,1
Neymar Jr,Brazil,Barcelona,2014-15,GROUP STAGE,Chelsea,10',header,Away,3
Fernando Torres,Spain,Liverpool,2012-13,Final,Sevilla,49,Header,Home,1
Mohamed Salah,Egypt,Liverpool,2015-16,GROUP STAGE,Benfica,84,Penalty,AWAY,2
Ruud van Nistelrooy,Netherlands,Real Madrid,2017-18,Round of 16,Borussia Dortmund,41,PENALTY,Home,2
Memphis Depay,Netherlands,Barcelona,2020-21,Round of 16,Bayern Munich,9,Left Foot,Home,3
Riyad Mahrez,Algeria,Manchester City,2023-24,Final,Benfica,49,Left Foot,Away,1
Bernardo Silva,Portugal,Manchester City,2023-24,R16,,62,right foot, Away,1
Mohamed Salah,Egypt,Liverpool,2014-15,Final,Chelsea,11,Header,Away,1
Robert Lewandowski,Poland,Barcelona,2020-21,Group Stage,Atletico Madrid,32,Header,Home ,3
Edinson Cavani,Uruguay,Paris Saint-Germain,2023-24,GROUP STAGE,Atletico Madrid,2,Free Kick,AWAY,3
Luka Modric,Croatia,Real Madrid,2010-11,Semi-final,Bayern Munich,58,PENALTY,AWAY,2
Victor Osimhen,Nigeria,Napoli,2010-11,GROUP STAGE,Porto,5,right foot,Home ,1
mohamed salah,Egypt,Liverpool,2015-16,Quarter-final,Tottenham Hotspur,96,Right Foot,Away,1
Joshua Kimmich,Germany,Bayern Munich,2011-12,Semi-final,Sevilla,21,Left Foot,Home,1
Sadio Mane,Senegal,Bayern Munich,2019-20,Final,Liverpool,95,header,Away,1
Harry Kane,England,Bayern Munich,2021-22,Group stage,Inter Milan,46,header,home,1
  CRISTIANO RONALDO  ,Portugal,Manchester United,2017-18,Group stage,Juventus,25,header,Home,2
  SADIO MANE  ,Senegal,Bayern Munich,2023-24,GROUP STAGE,Manchester City,20,Free Kick, Away,1
Alfredo Di Stefano,Argentina,Real Madrid,2017-18,Semi-final,Liverpool,91,Free Kick,Home,1
Jude Bellingham,England,Real Madrid,2019-20,Round of 16,Juventus,54,Left Foot,home,2
Toni Kroos,Germany,Real Madrid,2015-16,Group stage,,72,Penalty,Home,1
Zlatan Ibrahimovic,Sweden,AC Milan,2019-20,Semi-final,Napoli,81,PENALTY,home,2
Luka Modric,Croatia,Real Madrid,2011-12,Quarter-final,Napoli,17,Penalty,Away,1
Sergio Aguero,Argentina,Manchester City,2017-18,R16,Manchester United,61,header, Away,1
Jude Bellingham,England,Real Madrid  ,2015-16,Group Stage,Ajax,,header,AWAY,2
Gareth Bale,Wales,Real Madrid,2022-23,Group Stage,Atletico Madrid,50,Penalty, Away,1
Ousmane Dembele,,Barcelona,2014-15,Quarter-final,Juventus,90,Penalty, Away,1
  NEYMAR JR  ,Brazil,Barcelona  ,2023-24,Final,Atletico Madrid,65',Right Foot,home,1
Paulo Dybala,Argentina,Juventus,2019-20,Semi-final,,70,Free Kick,home,1
Erling Haaland,Norway,Manchester City,2020-21,Round of 16,Napoli,21,Penalty,Away,1
Julian Alvarez,Argentina,Manchester City,2019-20,Round of 16,Inter Milan,83,PENALTY,AWAY,3
Zlatan Ibrahimovic,Sweden,Barcelona,2020-21,Quarter-final,Real Madrid,16,right foot,home,1
Joshua Kimmich,Germany,Bayern Munich,2011-12,Semi-final,Ajax,49,header,Away,1
Neymar Jr,Brazil,Barcelona,2011-12,R16,Liverpool,22',Header,Home ,1
Sergio Aguero,Argentina,Manchester City,2022-23,Final,Juventus,54,header,home,2
Edinson Cavani,Uruguay,Paris Saint-Germain,2021-22,Final,Benfica,11,Penalty,AWAY,1
Alfredo Di Stefano,Argentina,Real Madrid,2023-24,GROUP STAGE,Arsenal,20,Free Kick,home,1
Riyad Mahrez,Algeria,Manchester City,2021-22,Semi-final,Barcelona,55,Header,home,2
Antoine Griezmann,France,Atletico Madrid,2021-22,Quarter-final,Porto,83,Right Foot,Home ,1
Ruud van Nistelrooy,Netherlands,Manchester United,2011-12,Group Stage,AC Milan,33,Left Foot,Home ,1
  SERGIO AGUERO  ,Argentina,Manchester City,2012-13,Quarter-final,Manchester City,7,right foot,AWAY,2
Neymar Jr,Brazil,Barcelona,2014-15,Group stage,Juventus,89,right foot,Home ,2
Gareth Bale,Wales,Real Madrid  ,2020-21,GROUP STAGE,Manchester City,8,header,AWAY,1
vinicius junior,Brazil,Real Madrid,2016-17,Round of 16,Liverpool,32,PENALTY,AWAY,2
Zlatan Ibrahimovic,Sweden,Paris Saint-Germain,2023-24,Semi-final,Ajax,65,Free Kick,Home ,1
Erling Haaland,Norway,Manchester City,2010-11,R16,Barcelona,70,Header,Home,1
Kylian Mbappe,France,Real Madrid,2015-16,GROUP STAGE,Chelsea,93,Right Foot,Away,1
Sadio Mane,Senegal,Bayern Munich,2015-16,GROUP STAGE,Real Madrid,57,header,Home,1
Neymar Jr,,Paris Saint-Germain,2011-12,Quarter-final,Ajax,83,right foot,AWAY,3
Alessandro Del Piero,Italy,Juventus,2013-14,Round of 16,Napoli,7',PENALTY,Home ,3
Luis Suarez,Uruguay,Barcelona,2015-16,Round of 16,Tottenham Hotspur,48,Penalty,AWAY,1
Toni Kroos,Germany,Real Madrid,2014-15,Group Stage,Atletico Madrid,46,Left Foot,AWAY,1
Cristiano Ronaldo,Portugal,Real Madrid,2022-23,Group Stage,,49,Header,Home,3
  JUDE BELLINGHAM  ,England,Real Madrid,2016-17,R16,Chelsea,95,Right Foot,home,1
Kevin De Bruyne,Belgium,Manchester City,2010-11,Group Stage,,95,Right Foot, Away,1
Zlatan Ibrahimovic,Sweden,Paris Saint-Germain,2015-16,Quarter-final,Napoli,59,Free Kick,Away,1
Neymar Jr,Brazil,Barcelona,2015-16,Final,,51,Free Kick,AWAY,3
Alessandro Del Piero,Italy,Juventus,2013-14,Round of 16,Inter Milan,67,Penalty, Away,1
Raul Gonzalez,Spain,Real Madrid,2015-16,Semi-final,Ajax,69,Header,Home,2
Raul Gonzalez,,Real Madrid,2015-16,Group Stage,Atletico Madrid,52,header,AWAY,1
Alessandro Del Piero,Italy,Juventus,2016-17,R16,,71,Free Kick,Home ,2
Cristiano Ronaldo,Portugal,Real Madrid,2016-17,Round of 16,Benfica,85,Free Kick,Home ,2
Lionel Messi,Argentina,Barcelona,2021-22,Quarter-final,,26',Header,Home ,1
Filippo Inzaghi,Italy,AC Milan,2020-21,Group Stage,Real Madrid,7,Penalty,AWAY,1
Paulo Dybala,Argentina,Juventus,2019-20,Semi-final,Bayern Munich,17,Left Foot, Away,2
Ruud van Nistelrooy,Netherlands,Real Madrid,2014-15,GROUP STAGE,Inter Milan,29,Right Foot,Home,1
Victor Osimhen,Nigeria,Napoli,2022-23,Quarter-final,Borussia Dortmund,55,Penalty,Home ,1
Cristiano Ronaldo,Portugal,Manchester United,2016-17,R16,Inter Milan,18,right foot,AWAY,1
Ruud van Nistelrooy,Netherlands,Real Madrid,2010-11,Quarter-final,Juventus,59,right foot,Away,2
Kevin De Bruyne,Belgium,Manchester City,2017-18,Group stage,Barcelona,75,Right Foot, Away,2
Alessandro Del Piero,Italy,Juventus,2022-23,Group stage,Juventus,57,Free Kick,Home ,1
Kevin De Bruyne,Belgium,Manchester City,2017-18,R16,Juventus,96,Penalty,Away,2
Jude Bellingham,England,Real Madrid,2016-17,Group stage,Atletico Madrid,91,PENALTY,home,1
Edinson Cavani,Uruguay,Paris Saint-Germain,2014-15,Round of 16,Inter Milan,17,right foot,Home ,2
Antoine Griezmann,France,Atletico Madrid,2019-20,Group Stage,Inter Milan,82,right foot,Away,2
Memphis Depay,Netherlands,Barcelona,2023-24,Round of 16,Real Madrid,57,header,Home ,1
Toni Kroos,Germany,Real Madrid,2015-16,R16,Benfica,11,Header,Home,2
Luis Suarez,Uruguay,Barcelona,2015-16,R16,Tottenham Hotspur,11,Header, Away,3
Andriy Shevchenko,Ukraine,Chelsea,2020-21,GROUP STAGE,,34,PENALTY,Home ,2
  ANTOINE GRIEZMANN  ,France,Atletico Madrid,2023-24,Semi-final,Chelsea,87,Free Kick,Away,1
Kylian Mbappe,France,Real Madrid,2023-24,Final,Sevilla,31,Right Foot,Away,1
  THOMAS MULLER  ,Germany,Bayern Munich,2023-24,Group Stage,,18,Free Kick,AWAY,3
Alessandro Del Piero,Italy,Juventus,2012-13,Group Stage,Liverpool,17,right foot,Home ,1
Karim Benzema,France,Real Madrid,2017-18,Quarter-final,Tottenham Hotspur,21,Free Kick, Away,1
Robert Lewandowski,Poland,Barcelona,2014-15,Final,Barcelona,12,Penalty, Away,1
Kevin De Bruyne,Belgium,Manchester City,2010-11,Quarter-final,Manchester City,78,header,Home,1
Memphis Depay,Netherlands,Barcelona,2011-12,Group stage,Inter Milan,37,Header,Home,1
Kylian Mbappe,France,Real Madrid,2023-24,Group stage,Paris Saint-Germain,9,Penalty,Home,1
Jude Bellingham,England,Real Madrid,2010-11,Semi-final,Benfica,95,Free Kick,home,1
Julian Alvarez,Argentina,Manchester City,2021-22,Quarter-final,AC Milan,4,Left Foot,Home ,2
Riyad Mahrez,Algeria,Manchester City,2013-14,Group Stage,Real Madrid,6,Right Foot,Away,1
Toni Kroos,Germany,Real Madrid,2013-14,Semi-final,Real Madrid,9,Left Foot,Home ,1
Ousmane Dembele,France,Paris Saint-Germain  ,2013-14,Final,Paris Saint-Germain,81,PENALTY,home,1
Kevin De Bruyne,Belgium,Manchester City,2016-17,Quarter-final,Juventus,24,Right Foot,Away,2
Antoine Griezmann,France,Atletico Madrid,2011-12,GROUP STAGE,Borussia Dortmund,45,right foot,AWAY,1
Raul Gonzalez,Spain,Real Madrid,2015-16,Semi-final,Ajax,69,Header,Home,2
Mohamed Salah,Egypt,Liverpool,2011-12,GROUP STAGE,Tottenham Hotspur,,Left Foot,AWAY,2
Cristiano Ronaldo,Portugal,Manchester United,2014-15,Quarter-final,,45,Free Kick,Home ,3
Edinson Cavani,Uruguay,Paris Saint-Germain,2022-23,Quarter-final,Bayern Munich,40,Left Foot,Home ,1
Alfredo Di Stefano,Argentina,Real Madrid,2014-15,Quarter-final,Porto,21,Header,Home ,1
Kevin De Bruyne,,Manchester City,2017-18,Semi-final,Manchester United,,Right Foot,Away,3
Robert Lewandowski,Poland,Bayern Munich,2013-14,Quarter-final,Chelsea,55,Right Foot,Home ,1
Luka Modric,Croatia,Real Madrid,2010-11,GROUP STAGE,Manchester United,83,Right Foot,home,1
Memphis Depay,Netherlands,Barcelona,2023-24,Group Stage,,4,Left Foot,Home,3
Cristiano Ronaldo,Portugal,Real Madrid,2013-14,Group Stage,Inter Milan,8,PENALTY,Home ,2
Alfredo Di Stefano,Argentina,Real Madrid,2014-15,GROUP STAGE,Manchester United,78,Header,Home,2
  FILIPPO INZAGHI  ,Italy,AC Milan,2012-13,Group Stage,Arsenal,73,PENALTY,home,1
Joshua Kimmich,Germany,Bayern Munich,2021-22,Final,AC Milan,79,PENALTY,Home,1
Sergio Aguero,Argentina,Manchester City  ,2012-13,Final,Paris Saint-Germain,68,Left Foot,home,1
Ruud van Nistelrooy,Netherlands,Real Madrid,2023-24,GROUP STAGE,Bayern Munich,36,header,home,1
Harry Kane,England,Bayern Munich,2021-22,Semi-final,,72,Penalty,Home,1
Vinicius Junior,Brazil,Real Madrid,2013-14,Group Stage,,66,Right Foot,Home ,3
Kevin De Bruyne,Belgium,Manchester City,2011-12,Semi-final,Bayern Munich,18,Penalty,AWAY,1
Alessandro Del Piero,Italy,Juventus,2016-17,Quarter-final,Liverpool,55,Penalty, Away,1
Kevin De Bruyne,Belgium,Manchester City,2019-20,Round of 16,,2,PENALTY,AWAY,1
Thomas Muller,,Bayern Munich,2020-21,GROUP STAGE,,60,Penalty, Away,2
Zlatan Ibrahimovic,Sweden,Paris Saint-Germain,2015-16,Semi-final,Chelsea,23',header, Away,1
Ousmane Dembele,France,Barcelona,2022-23,Semi-final,Real Madrid,1,Penalty, Away,1
Jude Bellingham,England,Real Madrid,2016-17,Quarter-final,Porto,61,right foot,Home,1
Thomas Muller,Germany,Bayern Munich,2010-11,Round of 16,Manchester City,64,right foot,Away,1
Bernardo Silva,Portugal,Manchester City,2020-21,Round of 16,Paris Saint-Germain,88',Free Kick, Away,1
Luis Suarez,Uruguay,Atletico Madrid,2018-19,R16,Porto,7,Header,Home,2
  LUKA MODRIC  ,Croatia,Real Madrid,2017-18,Quarter-final,Tottenham Hotspur,5,right foot,Home,1
Bukayo Saka,England,Arsenal,2015-16,Round of 16,Manchester City,48,Left Foot,Away,2
Toni Kroos,Germany,Real Madrid,2023-24,GROUP STAGE,Napoli,10,PENALTY,home,1
Paulo Dybala,Argentina,Juventus,2011-12,Semi-final,,42,Free Kick, Away,2
Luis Suarez,Uruguay,Barcelona,2010-11,Final,Napoli,12,Right Foot, Away,1
Thomas Muller,Germany,Bayern Munich,2013-14,Round of 16,Tottenham Hotspur,61,Right Foot,Home ,1
Victor Osimhen,Nigeria,Napoli,2016-17,GROUP STAGE,Real Madrid,89,Free Kick,Away,1
Victor Osimhen,Nigeria,Napoli,2019-20,GROUP STAGE,Real Madrid,20,PENALTY,Away,1
Karim Benzema,France,Real Madrid,2019-20,Final,Bayern Munich,28,Right Foot,home,1
Memphis Depay,Netherlands,Barcelona,2012-13,Group stage,Sevilla,6,Free Kick,Away,1
Edinson Cavani,Uruguay,Paris Saint-Germain,2019-20,Group stage,Barcelona,3,Header,Away,1
Ousmane Dembele,France,Barcelona,2017-18,Final,Ajax,55,right foot,home,2
Gareth Bale,Wales,Real Madrid,2020-21,R16,Atletico Madrid,86,Penalty,Home,1
Kylian Mbappe,France,Paris Saint-Germain,2016-17,GROUP STAGE,Porto,65,Header,Home ,2
Alfredo Di Stefano,Argentina,Real Madrid,2022-23,Group Stage,Ajax,6,Penalty,Home,1
Kevin De Bruyne,Belgium,Manchester City,2013-14,Group stage,Napoli,20',Penalty,Away,1
Ruud van Nistelrooy,Netherlands,Real Madrid,2018-19,Group Stage,Sevilla,17,Right Foot, Away,1
Thomas Muller,Germany,Bayern Munich,2014-15,GROUP STAGE,Liverpool,79,PENALTY,Away,3
Joshua Kimmich,Germany,Bayern Munich,2013-14,Round of 16,Ajax,30,Penalty,home,1
Joshua Kimmich,Germany,Bayern Munich,2013-14,Quarter-final,Paris Saint-Germain,54,Left Foot,home,1
Cristiano Ronaldo,Portugal,Real Madrid,2020-21,Semi-final,Borussia Dortmund,89,right foot,AWAY,1
Ousmane Dembele,France,Paris Saint-Germain,2018-19,Quarter-final,Manchester United,19',right foot,Home,2
Julian Alvarez,Argentina,Manchester City,2011-12,Quarter-final,Chelsea,16,right foot,Home,3
Bernardo Silva,Portugal,Manchester City,2012-13,Round of 16,Tottenham Hotspur,91,Right Foot,AWAY,3
harry kane,England,Bayern Munich,2016-17,GROUP STAGE,Bayern Munich,77,Free Kick,AWAY,1
Cristiano Ronaldo,Portugal,Real Madrid,2022-23,Quarter-final,Liverpool,49,Right Foot,home,1
filippo inzaghi,Italy,AC Milan,2019-20,Group Stage,AC Milan,1,Left Foot,Home,1
Alfredo Di Stefano,Argentina,Real Madrid,2014-15,Final,Inter Milan,11,Penalty,Home ,1
Paulo Dybala,Argentina,Juventus,2019-20,Round of 16,Barcelona,79,Free Kick,Away,1
Luis Suarez,Uruguay,Barcelona,2010-11,Final,Chelsea,21,Free Kick,Home ,3
Mohamed Salah,Egypt,Liverpool,2019-20,R16,Barcelona,71,Right Foot,Home,3
Didier Drogba,Ivory Coast,Chelsea,2013-14,Semi-final,Inter Milan,36,Free Kick,Away,3
Toni Kroos,Germany,Real Madrid,2016-17,Group stage,Porto,70,PENALTY,Home,3
Karim Benzema,France,Real Madrid,2010-11,Semi-final,Borussia Dortmund,38,Free Kick,AWAY,1
Ruud van Nistelrooy,Netherlands,Manchester United,2021-22,GROUP STAGE,Inter Milan,28,Header,home,1
  OUSMANE DEMBELE  ,France,Barcelona,2016-17,R16,AC Milan,6,PENALTY,home,2
Alfredo Di Stefano,Argentina,Real Madrid,2013-14,R16,Paris Saint-Germain,27,PENALTY,Home,2
  HARRY KANE  ,England,Tottenham Hotspur  ,2021-22,Semi-final,Porto,,PENALTY,home,1
Luis Suarez,Uruguay,Atletico Madrid,2021-22,R16,Real Madrid,86,Header,AWAY,1
Sergio Aguero,Argentina,Manchester City,2010-11,Group Stage,Barcelona,74,Free Kick,Away,2
  DIDIER DROGBA  ,Ivory Coast,Chelsea,2011-12,Semi-final,AC Milan,87,Right Foot, Away,2
Jude Bellingham,England,Real Madrid,2011-12,Round of 16,Porto,46,PENALTY, Away,1
Memphis Depay,Netherlands,Barcelona,2021-22,Quarter-final,Tottenham Hotspur,33,Penalty,Home ,1
Andriy Shevchenko,Ukraine,AC Milan,2022-23,Round of 16,Real Madrid,85,Header,AWAY,1
  GARETH BALE  ,Wales,Real Madrid,2012-13,Semi-final,Ajax,,Left Foot,home,1
Vinicius Junior,Brazil,Real Madrid,2012-13,Final,Arsenal,41,Right Foot,Home ,2
Zlatan Ibrahimovic,Sweden,Inter Milan,2020-21,Quarter-final,Liverpool,5,header,Home,1
Ruud van Nistelrooy,Netherlands,Real Madrid,2011-12,Group stage,Napoli,55,Right Foot,AWAY,2
Antoine Griezmann,France,Atletico Madrid,2018-19,Round of 16,,,PENALTY,Home,1
Karim Benzema,France,Real Madrid,2014-15,Quarter-final,Real Madrid,37,Free Kick,Away,2
Gareth Bale,Wales,Real Madrid,2019-20,Round of 16,Porto,88,PENALTY,home,2
Robert Lewandowski,Poland,Borussia Dortmund,2012-13,R16,Manchester United,61,Header,Home ,1
Edinson Cavani,Uruguay,Paris Saint-Germain,2010-11,Group stage,Sevilla,74,Header,Away,1
Fernando Torres,Spain,Liverpool,2021-22,Group Stage,Borussia Dortmund,23,Free Kick, Away,1
Luka Modric,Croatia,Real Madrid,2014-15,Final,,88,Free Kick,Away,2
Bernardo Silva,Portugal,Manchester City,2011-12,Round of 16,Real Madrid,89,Header,Home ,3
Kevin De Bruyne,Belgium,Manchester City,2012-13,Round of 16,Inter Milan,71,right foot, Away,1
Vinicius Junior,Brazil,Real Madrid,2011-12,R16,Bayern Munich,14,Header,Home,1
  LIONEL MESSI  ,Argentina,Paris Saint-Germain,2017-18,Round of 16,Sevilla,73,PENALTY,Home,1
Julian Alvarez,Argentina,Manchester City,2021-22,Semi-final,Manchester City,40,Penalty, Away,1
Jude Bellingham,England,Real Madrid,2016-17,Quarter-final,Bayern Munich,41,Left Foot,AWAY,1
Toni Kroos,Germany,Real Madrid,2013-14,Round of 16,Juventus,23,Penalty,home,3
wayne rooney,England,Manchester United,2021-22,Group stage,Arsenal,16,Right Foot,home,2
Jude Bellingham,England,Real Madrid,2014-15,Group stage,Borussia Dortmund,23,header,Away,1
Mohamed Salah,Egypt,Liverpool,2021-22,R16,Chelsea,36',Free Kick,Home,1
Luis Suarez,Uruguay,Atletico Madrid,2023-24,Quarter-final,Napoli,34,Penalty,home,1
Luka Modric,Croatia,Real Madrid,2010-11,Group stage,Napoli,75,PENALTY,AWAY,1
Bukayo Saka,England,Arsenal,2010-11,Group Stage,Real Madrid,44,Right Foot,home,1
Didier Drogba,,Chelsea,2014-15,Semi-final,,42,PENALTY, Away,1
Thomas Muller,Germany,Bayern Munich,2016-17,Round of 16,AC Milan,60,Free Kick,home,2
Filippo Inzaghi,Italy,AC Milan,2015-16,Group stage,Benfica,65,Right Foot,Home ,3
Kevin De Bruyne,Belgium,Manchester City,2018-19,Group stage,Ajax,19,Right Foot,Away,1
Antoine Griezmann,France,Atletico Madrid,2016-17,Final,Manchester City,92,Free Kick,Home ,1
Paulo Dybala,Argentina,Juventus,2020-21,Round of 16,Sevilla,33,header, Away,1
Erling Haaland,Norway,Manchester City,2011-12,Round of 16,Borussia Dortmund,49,Left Foot,home,2
Toni Kroos,Germany,Real Madrid,2012-13,GROUP STAGE,Manchester City,44,Right Foot,Home ,1
Vinicius Junior,Brazil,Real Madrid,2022-23,Group stage,Barcelona,86,right foot, Away,2
Jude Bellingham,England,Real Madrid,2023-24,GROUP STAGE,Chelsea,30,Penalty, Away,1
Vinicius Junior,Brazil,Real Madrid,2020-21,Semi-final,Sevilla,27,right foot,Home,1
Riyad Mahrez,Algeria,Manchester City,2017-18,Final,Real Madrid,11,PENALTY, Away,2
Kevin De Bruyne,Belgium,Manchester City,2022-23,Round of 16,Tottenham Hotspur,65,right foot,AWAY,1
Jude Bellingham,England,Real Madrid,2010-11,GROUP STAGE,Napoli,41,Free Kick, Away,2
Neymar Jr,Brazil,Paris Saint-Germain,2011-12,Round of 16,,10,header,home,1
Bernardo Silva,Portugal,Manchester City,2017-18,Group stage,AC Milan,46,Penalty,Home ,1
Bernardo Silva,Portugal,Manchester City,2021-22,Round of 16,Bayern Munich,17,Right Foot,AWAY,2
Memphis Depay,Netherlands,Barcelona,2018-19,R16,Manchester United,49,Penalty, Away,1
Mohamed Salah,Egypt,Liverpool,2022-23,Group Stage,Sevilla,16,PENALTY,Away,2
Filippo Inzaghi,Italy,AC Milan,2013-14,Final,Borussia Dortmund,17,header,home,1
Neymar Jr,Brazil,Barcelona,2012-13,Semi-final,Borussia Dortmund,54,Free Kick,Home ,1
Raul Gonzalez,Spain,Real Madrid,2015-16,Group stage,Arsenal,17,PENALTY,Home ,1
Vinicius Junior,Brazil,Real Madrid,2022-23,Final,Ajax,76,Right Foot,home,1
Andriy Shevchenko,Ukraine,Chelsea,2010-11,R16,,14,Right Foot,Home,3
Alessandro Del Piero,Italy,Juventus,2018-19,Group Stage,Sevilla,25,Left Foot,home,2
Andriy Shevchenko,Ukraine,Chelsea,2010-11,Final,,21,Header,AWAY,2
Raul Gonzalez,Spain,Real Madrid,2014-15,Round of 16,Juventus,28,Left Foot,Home ,1
Ousmane Dembele,,Barcelona,2017-18,Round of 16,Atletico Madrid,45,Left Foot, Away,3
Jude Bellingham,England,Real Madrid,2015-16,GROUP STAGE,,84,Left Foot,home,3
  ALFREDO DI STEFANO  ,Argentina,Real Madrid,2014-15,Round of 16,Ajax,94,Left Foot,Home,2
Edinson Cavani,Uruguay,Paris Saint-Germain,2013-14,Group stage,Juventus,19,Left Foot, Away,1
Robert Lewandowski,Poland,Borussia Dortmund,2012-13,Final,,75,PENALTY,Home ,3
Sergio Aguero,Argentina,Manchester City,2015-16,Group stage,Porto,89,header,Home,1
Thomas Muller,,Bayern Munich,2021-22,Final,Barcelona,14',Right Foot,Home,2
Alfredo Di Stefano,Argentina,Real Madrid,2021-22,R16,Borussia Dortmund,36,Right Foot,Away,2
Lionel Messi,Argentina,Paris Saint-Germain,2023-24,Quarter-final,Manchester United,22,Free Kick, Away,1
Riyad Mahrez,Algeria,Manchester City,2012-13,Group stage,,67,header,Home,1
Bernardo Silva,Portugal,Manchester City,2010-11,R16,Chelsea,9,right foot,home,1
Wayne Rooney,England,Manchester United,2010-11,Group Stage,Bayern Munich,2,Right Foot, Away,3
Jude Bellingham,England,Real Madrid,2018-19,Group Stage,AC Milan,14,PENALTY,Away,2
Gareth Bale,Wales,Real Madrid,2017-18,Semi-final,Manchester City,94,PENALTY,home,1
Bukayo Saka,England,Arsenal,2017-18,Group Stage,Tottenham Hotspur,12,PENALTY,Home ,1
Thomas Muller,Germany,Bayern Munich,2011-12,GROUP STAGE,Bayern Munich,91,Header,AWAY,1
Julian Alvarez,Argentina,Manchester City,2011-12,R16,,39,Header,Away,1
  JOSHUA KIMMICH  ,Germany,Bayern Munich,2013-14,GROUP STAGE,Paris Saint-Germain,25,Left Foot,Home,2
cristiano ronaldo,Portugal,Manchester United,2022-23,Round of 16,Chelsea,78,Penalty,Home ,1
Robert Lewandowski,,Bayern Munich,2016-17,Semi-final,Real Madrid,56,Right Foot,home,1
Jude Bellingham,England,Real Madrid,2013-14,R16,Juventus,45,Free Kick,Away,1
Alfredo Di Stefano,Argentina,Real Madrid,2016-17,Group Stage,Real Madrid,71,Penalty,Away,1
Zlatan Ibrahimovic,Sweden,AC Milan,2011-12,Group Stage,Napoli,80,Left Foot,Away,1
Gareth Bale,Wales,Real Madrid,2012-13,Final,Napoli,18,Penalty, Away,2
Karim Benzema,France,Real Madrid,2023-24,Final,Porto,23,header,Home,1
Kevin De Bruyne,Belgium,Manchester City  ,2017-18,Round of 16,,8,right foot,Home ,2
Joshua Kimmich,Germany,Bayern Munich,2018-19,Quarter-final,Atletico Madrid,34,right foot,home,2
Robert Lewandowski,Poland,Barcelona,2016-17,R16,Sevilla,32,Free Kick,Home ,1
Paulo Dybala,Argentina,Juventus,2015-16,Group Stage,Napoli,16,Right Foot,home,1
Edinson Cavani,Uruguay,Paris Saint-Germain,2023-24,Group stage,Manchester United,11,Left Foot,Home ,2
Neymar Jr,Brazil,Barcelona,2011-12,GROUP STAGE,Real Madrid,,PENALTY,Home,1
Mohamed Salah,Egypt,Liverpool,2019-20,Final,,37,Left Foot,Home,1
Gareth Bale,Wales,Real Madrid,2023-24,Quarter-final,Barcelona,42,Penalty,Home,1
Paulo Dybala,Argentina,Juventus,2019-20,R16,Manchester United,89,header,Away,1
Thomas Muller,Germany,Bayern Munich,2014-15,Quarter-final,Manchester City,24,Free Kick,Home,1
Sergio Aguero,Argentina,Manchester City,2016-17,Group Stage,Atletico Madrid,56,Right Foot,home,1
Luis Suarez,Uruguay,Atletico Madrid,2011-12,Round of 16,Tottenham Hotspur,31,Header,AWAY,1
Kylian Mbappe,France,Real Madrid,2019-20,Round of 16,Bayern Munich,4,Penalty,Home,1
Filippo Inzaghi,Italy,AC Milan  ,2021-22,Final,Real Madrid,88,Left Foot,Home ,1
Neymar Jr,Brazil,Barcelona,2012-13,R16,,93,Header,Away,1
Kevin De Bruyne,Belgium,Manchester City,2021-22,Final,,52,Penalty,Away,3
Alfredo Di Stefano,Argentina,Real Madrid,2011-12,Semi-final,Paris Saint-Germain,76',Penalty,Away,3
Neymar Jr,Brazil,Paris Saint-Germain,2014-15,Group Stage,Inter Milan,13,PENALTY,home,1
Gareth Bale,Wales,Real Madrid,2016-17,Group stage,,,Header,Home ,2
Edinson Cavani,Uruguay,Paris Saint-Germain,2019-20,R16,Sevilla,96,Penalty,Home,2
Wayne Rooney,England,Manchester United,2022-23,Group Stage,,90,Header, Away,3
ousmane dembele,France,Barcelona,2016-17,Group Stage,Tottenham Hotspur,59,Free Kick,Home ,1
Alessandro Del Piero,Italy,Juventus,2017-18,Group Stage,Bayern Munich,65,header, Away,2
Thomas Muller,Germany,Bayern Munich,2014-15,GROUP STAGE,Porto,22,right foot, Away,3
  WAYNE ROONEY  ,England,Manchester United,2023-24,Group Stage,Napoli,89,Free Kick, Away,1
Vinicius Junior,Brazil,Real Madrid,2013-14,GROUP STAGE,Paris Saint-Germain,77,Right Foot,home,2
Alfredo Di Stefano,Argentina,Real Madrid,2013-14,Group Stage,Benfica,36,Right Foot,Away,1
Paulo Dybala,Argentina,Juventus,2023-24,Semi-final,Paris Saint-Germain,63,header,Home,2
Alfredo Di Stefano,Argentina,Real Madrid,2020-21,Quarter-final,Arsenal,38,Right Foot,AWAY,2
Victor Osimhen,Nigeria,Napoli,2014-15,Group Stage,Napoli,27,Penalty,home,1
Kylian Mbappe,France,Paris Saint-Germain,2023-24,Semi-final,Bayern Munich,49,Right Foot,Home,1
Toni Kroos,Germany,Real Madrid,2022-23,Final,,67,PENALTY,Home ,1
Vinicius Junior,Brazil,Real Madrid  ,2010-11,Group Stage,Arsenal,12,Penalty,Away,1
Zlatan Ibrahimovic,Sweden,Paris Saint-Germain,2020-21,Final,Atletico Madrid,79,Penalty,AWAY,3
  SERGIO AGUERO  ,Argentina,Manchester City,2020-21,GROUP STAGE,,,Right Foot,home,1
Robert Lewandowski,Poland,Borussia Dortmund,2023-24,Quarter-final,Bayern Munich,62,Penalty,Home,2
Memphis Depay,Netherlands,Barcelona,2016-17,R16,Manchester United,73,right foot,home,1
Harry Kane,England,Tottenham Hotspur,2021-22,Final,Tottenham Hotspur,13,Free Kick, Away,3
Andriy Shevchenko,Ukraine,AC Milan,2021-22,Final,Liverpool,85,Header,home,2
Memphis Depay,Netherlands,Barcelona,2022-23,Semi-final,AC Milan,92,Left Foot,Home,1
Sadio Mane,Senegal,Bayern Munich,2015-16,GROUP STAGE,Borussia Dortmund,53,right foot,Away,2
Luka Modric,Croatia,Real Madrid,2015-16,Round of 16,AC Milan,82,Penalty,AWAY,3
toni kroos,Germany,Real Madrid,2023-24,Final,Benfica,50,Right Foot,Home,1
Victor Osimhen,Nigeria,Napoli,2014-15,Semi-final,Atletico Madrid,59,Right Foot,AWAY,1
Erling Haaland,Norway,Manchester City,2013-14,GROUP STAGE,Manchester City,61,PENALTY, Away,1
Zlatan Ibrahimovic,Sweden,Inter Milan,2023-24,GROUP STAGE,Arsenal,20,Penalty, Away,1
Ruud van Nistelrooy,Netherlands,Manchester United,2011-12,Group stage,Atletico Madrid,48,Free Kick,Away,3
Gareth Bale,Wales,Real Madrid,2021-22,GROUP STAGE,AC Milan,9,PENALTY,Away,1
Zlatan Ibrahimovic,Sweden,AC Milan,2014-15,R16,Paris Saint-Germain,81,Left Foot, Away,1
Julian Alvarez,Argentina,Manchester City,2011-12,Final,Barcelona,84,right foot,Home,1
Victor Osimhen,Nigeria,Napoli,2023-24,R16,AC Milan,21,header,AWAY,3
  PAULO DYBALA  ,Argentina,Juventus,2018-19,Semi-final,Manchester United,9,header,Home ,2
Neymar Jr,Brazil,Barcelona,2014-15,Round of 16,AC Milan,36,Free Kick,AWAY,2
Didier Drogba,Ivory Coast,Chelsea,2015-16,R16,Manchester City,91,Header,Home,1
Fernando Torres,Spain,Liverpool,2021-22,Final,Napoli,95,Free Kick,Home ,2
Alessandro Del Piero,Italy,Juventus,2010-11,Quarter-final,Napoli,8,Penalty,Home ,3
  LIONEL MESSI  ,Argentina,Paris Saint-Germain,2019-20,Semi-final,Barcelona,22,header, Away,1
Zlatan Ibrahimovic,Sweden,AC Milan,2010-11,Round of 16,,25,Free Kick,Home ,2
Sadio Mane,Senegal,Bayern Munich,2019-20,Group Stage,,38,Header,Away,1
Erling Haaland,Norway,Borussia Dortmund,2017-18,Quarter-final,Borussia Dortmund,85,PENALTY,AWAY,1
Vinicius Junior,Brazil,Real Madrid,2018-19,Group Stage,Paris Saint-Germain,74,header,home,1
Harry Kane,England,Bayern Munich,2023-24,R16,Inter Milan,80,Header, Away,2
Lionel Messi,Argentina,Paris Saint-Germain,2015-16,Quarter-final,Inter Milan,7,Penalty, Away,1
Luis Suarez,Uruguay,Barcelona,2013-14,R16,Porto,47,Right Foot,home,2
Cristiano Ronaldo,Portugal,Real Madrid,2020-21,Group stage,Napoli,59,right foot,Home ,3
Gareth Bale,Wales,Real Madrid,2022-23,Group Stage,,39,PENALTY,home,1
Zlatan Ibrahimovic,,Paris Saint-Germain,2016-17,R16,Napoli,39,header, Away,1
Zlatan Ibrahimovic,Sweden,AC Milan,2011-12,GROUP STAGE,Benfica,37,PENALTY, Away,1
Robert Lewandowski,Poland,Bayern Munich,2022-23,R16,Manchester City,5,right foot, Away,1
Erling Haaland,Norway,Borussia Dortmund,2012-13,Group stage,Manchester City,11,header,home,1
Sadio Mane,Senegal,Liverpool,2010-11,Semi-final,AC Milan,42,PENALTY,Away,3
  SERGIO AGUERO  ,Argentina,Manchester City,2010-11,Group Stage,,26,PENALTY, Away,2
Paulo Dybala,Argentina,Juventus,2014-15,Quarter-final,Juventus,51,Right Foot,Away,1
Kevin De Bruyne,Belgium,Manchester City,2020-21,GROUP STAGE,Tottenham Hotspur,91,header,Away,1
Raul Gonzalez,Spain,Real Madrid,2017-18,R16,Benfica,54,header,Away,3
Filippo Inzaghi,Italy,AC Milan,2016-17,R16,Napoli,69,header,Home ,3
Toni Kroos,Germany,Real Madrid,2020-21,GROUP STAGE,Paris Saint-Germain,37,Header,Home,2
Sergio Aguero,Argentina,Manchester City,2015-16,Group Stage,Sevilla,47',Free Kick,Away,1
Jude Bellingham,England,Real Madrid,2015-16,Quarter-final,,9,header,AWAY,1
Erling Haaland,Norway,Borussia Dortmund,2023-24,R16,Atletico Madrid,25,Right Foot,AWAY,1
Edinson Cavani,,Paris Saint-Germain,2013-14,GROUP STAGE,,41,Penalty,AWAY,1
Raul Gonzalez,Spain,Real Madrid,2018-19,Group Stage,Real Madrid,26,Right Foot, Away,1
Neymar Jr,Brazil,Barcelona,2019-20,Final,Atletico Madrid,41',Left Foot, Away,1
Lionel Messi,Argentina,Paris Saint-Germain,2016-17,GROUP STAGE,,39,header, Away,2
Bernardo Silva,Portugal,Manchester City,2019-20,Round of 16,Real Madrid,35,right foot,Home ,3
Wayne Rooney,England,Manchester United,2023-24,Quarter-final,AC Milan,42,Left Foot, Away,3
  RUUD VAN NISTELROOY  ,Netherlands,Manchester United,2020-21,GROUP STAGE,Arsenal,85,Left Foot,home,1
Luis Suarez,Uruguay,Barcelona,2015-16,Quarter-final,Tottenham Hotspur,3,right foot,Home,2
Alfredo Di Stefano,Argentina,Real Madrid,2020-21,Group stage,,35,Header,Home,2
Mohamed Salah,Egypt,Liverpool,2016-17,Group Stage,Real Madrid,7,Header,Away,1
Riyad Mahrez,Algeria,Manchester City,2023-24,Quarter-final,Borussia Dortmund,76,right foot,AWAY,3
Andriy Shevchenko,Ukraine,Chelsea,2019-20,R16,Liverpool,1,Header,Home ,1
Ruud van Nistelrooy,Netherlands,Real Madrid,2017-18,Group Stage,Barcelona,34',Penalty,Away,1
Kylian Mbappe,France,Real Madrid,2019-20,Final,Porto,93,Right Foot,Home ,1
Cristiano Ronaldo,Portugal,Real Madrid,2017-18,GROUP STAGE,Real Madrid,94,Header,Home,1
Neymar Jr,Brazil,Paris Saint-Germain,2019-20,Semi-final,Bayern Munich,43,Penalty,home,1
Neymar Jr,Brazil,Barcelona,2019-20,GROUP STAGE,Real Madrid,65,Right Foot,Home,1
Memphis Depay,Netherlands,Barcelona,2022-23,Semi-final,AC Milan,92,Left Foot,Home,1
Joshua Kimmich,Germany,Bayern Munich,2017-18,Group stage,,79,right foot,Home,1
Gareth Bale,Wales,Real Madrid,2017-18,Round of 16,Manchester United,41,Free Kick,home,3
Robert Lewandowski,Poland,Bayern Munich,2017-18,Semi-final,Inter Milan,74,PENALTY,Away,2
Ousmane Dembele,France,Barcelona,2015-16,Quarter-final,,13,Header, Away,3
Wayne Rooney,England,Manchester United,2015-16,Semi-final,Liverpool,86',Left Foot,home,1
Lionel Messi,Argentina,Barcelona,2020-21,Round of 16,Inter Milan,,Right Foot,AWAY,2
Karim Benzema,France,Real Madrid,2020-21,Semi-final,Inter Milan,11,header,Home,1
Bukayo Saka,England,Arsenal,2019-20,Quarter-final,Tottenham Hotspur,70,right foot,home,1
Victor Osimhen,Nigeria,Napoli,2021-22,R16,Bayern Munich,48,Free Kick, Away,1
Gareth Bale,Wales,Real Madrid,2019-20,R16,Chelsea,82,Header,AWAY,1
Riyad Mahrez,Algeria,Manchester City,2012-13,Quarter-final,Bayern Munich,16',Right Foot,Home,1
Luis Suarez,Uruguay,Atletico Madrid,2012-13,R16,Napoli,15,header, Away,1
Luis Suarez,Uruguay,Atletico Madrid,2018-19,Round of 16,AC Milan,94,Right Foot,home,2
Paulo Dybala,Argentina,Juventus,2017-18,GROUP STAGE,Napoli,66,Free Kick,Home,3
Alfredo Di Stefano,Argentina,Real Madrid,2021-22,Quarter-final,Sevilla,56,Header, Away,1
Memphis Depay,Netherlands,Barcelona,2017-18,Group stage,Manchester City,93,Penalty, Away,1
Memphis Depay,Netherlands,Barcelona,2017-18,R16,Ajax,52,Right Foot,Home ,1
Ruud van Nistelrooy,Netherlands,Manchester United,2015-16,Round of 16,Inter Milan,11,header, Away,1
Antoine Griezmann,France,Atletico Madrid,2015-16,Quarter-final,,52',Penalty,Away,1
Zlatan Ibrahimovic,Sweden,Barcelona,2013-14,Final,Sevilla,12,Free Kick,Home ,1
Alessandro Del Piero,Italy,Juventus,2013-14,Group stage,Inter Milan,73,right foot, Away,1
  HARRY KANE  ,England,Bayern Munich,2011-12,R16,Real Madrid,95,Penalty,Away,1
Kylian Mbappe,France,Real Madrid,2018-19,R16,Napoli,75',PENALTY, Away,1
Robert Lewandowski,Poland,Bayern Munich,2015-16,Group stage,Liverpool,64,Free Kick,AWAY,3
Ruud van Nistelrooy,Netherlands,Real Madrid,2018-19,Group stage,,11,header,home,1
Cristiano Ronaldo,Portugal,Manchester United,2020-21,Group stage,AC Milan,28,Free Kick,AWAY,2
Wayne Rooney,England,Manchester United,2021-22,Quarter-final,Inter Milan,92,Free Kick,Home,1
Zlatan Ibrahimovic,Sweden,Inter Milan,2020-21,Semi-final,Arsenal,47,Right Foot,Home,1
Neymar Jr,Brazil,Paris Saint-Germain,2014-15,R16,Napoli,22,Header, Away,1
Alessandro Del Piero,Italy,Juventus  ,2017-18,Quarter-final,Napoli,4,Penalty,Home ,1
Antoine Griezmann,France,Atletico Madrid,2015-16,Final,,28,header,Home ,1
Erling Haaland,Norway,Borussia Dortmund,2021-22,Quarter-final,Ajax,19,Header, Away,1
Robert Lewandowski,Poland,Bayern Munich,2018-19,Group stage,Real Madrid,1,Header,Away,1
Riyad Mahrez,Algeria,Manchester City,2018-19,Semi-final,Benfica,81,Left Foot,Home ,1
Cristiano Ronaldo,Portugal,Manchester United,2017-18,R16,Liverpool,64,Penalty, Away,1
Riyad Mahrez,Algeria,Manchester City,2014-15,Round of 16,Porto,76,Header,AWAY,2
Didier Drogba,Ivory Coast,Chelsea,2014-15,R16,Inter Milan,50,Free Kick,Home ,2
Harry Kane,England,Tottenham Hotspur,2010-11,GROUP STAGE,Bayern Munich,66,Free Kick,Away,1
Edinson Cavani,Uruguay,Paris Saint-Germain,2013-14,Quarter-final,AC Milan,27,PENALTY,home,1
Ruud van Nistelrooy,Netherlands,Manchester United,2012-13,Quarter-final,Napoli,44,Header,Home ,1
Jude Bellingham,England,Real Madrid,2021-22,Quarter-final,Atletico Madrid,,Right Foot,Home ,3
Raul Gonzalez,Spain,Real Madrid,2010-11,Quarter-final,Tottenham Hotspur,48,header,Home ,1
Ousmane Dembele,France,Paris Saint-Germain,2017-18,Quarter-final,Ajax,45,Header,Home ,1
Thomas Muller,Germany,Bayern Munich,2021-22,Final,Bayern Munich,57,Right Foot,Home ,1
Fernando Torres,Spain,Chelsea,2017-18,R16,Porto,87,Penalty,Home ,3
Luka Modric,Croatia,Real Madrid,2020-21,Group stage,Manchester United,80,right foot, Away,2
Alessandro Del Piero,Italy,Juventus,2016-17,R16,Napoli,61,Penalty,AWAY,1
Kylian Mbappe,France,Paris Saint-Germain,2021-22,GROUP STAGE,Ajax,6,Right Foot, Away,1
Luis Suarez,Uruguay,Atletico Madrid,2011-12,Quarter-final,Juventus,72,Penalty,Away,1
Zlatan Ibrahimovic,Sweden,Barcelona,2018-19,Quarter-final,Ajax,63,header,Away,3
Didier Drogba,Ivory Coast,Chelsea,2012-13,Round of 16,AC Milan,65,Penalty, Away,2
Raul Gonzalez,Spain,Real Madrid,2014-15,GROUP STAGE,Atletico Madrid,,header, Away,1
Lionel Messi,Argentina,Barcelona,2017-18,GROUP STAGE,Inter Milan,40,PENALTY,home,2
Andriy Shevchenko,Ukraine,AC Milan,2010-11,Quarter-final,Napoli,96,PENALTY,Home ,1
Erling Haaland,Norway,Manchester City,2011-12,Semi-final,Liverpool,5,header,Away,1
Luka Modric,Croatia,Real Madrid,2011-12,Group Stage,Inter Milan,79,PENALTY,Away,1
Robert Lewandowski,Poland,Bayern Munich,2016-17,Final,Tottenham Hotspur,94,header,Home,1
  ZLATAN IBRAHIMOVIC  ,Sweden,Barcelona,2011-12,Group Stage,Tottenham Hotspur,93,right foot,AWAY,1
Riyad Mahrez,Algeria,Manchester City,2021-22,R16,Paris Saint-Germain,49,header,Away,3
Luis Suarez,Uruguay,Barcelona,2014-15,R16,Porto,59,Free Kick,home,1
Kylian Mbappe,France,Real Madrid,2018-19,Quarter-final,,54,Header,Away,1
Zlatan Ibrahimovic,Sweden,AC Milan,2021-22,Semi-final,Juventus,61,right foot,AWAY,2
Kevin De Bruyne,Belgium,Manchester City,2013-14,Final,Manchester United,33,Right Foot,Away,2
Wayne Rooney,England,Manchester United,2023-24,Round of 16,Tottenham Hotspur,30,Header,home,3
Alessandro Del Piero,Italy,Juventus,2023-24,Group stage,Napoli,40,header,AWAY,1
Bernardo Silva,Portugal,Manchester City  ,2022-23,Group Stage,Porto,55,Header,AWAY,2
Luis Suarez,Uruguay,Barcelona,2022-23,GROUP STAGE,Porto,69,header, Away,1
Bukayo Saka,England,Arsenal,2015-16,Group stage,Manchester United,46',header,home,1
  ROBERT LEWANDOWSKI  ,Poland,Barcelona,2022-23,Semi-final,,62,Left Foot,home,1
Toni Kroos,Germany,Real Madrid,2017-18,Round of 16,Manchester City,75,Left Foot,Home ,2
Memphis Depay,Netherlands,Barcelona,2017-18,GROUP STAGE,Benfica,60,PENALTY,Home ,1
Gareth Bale,Wales,Real Madrid,2013-14,Quarter-final,Atletico Madrid,87,Left Foot,Away,2
Alfredo Di Stefano,Argentina,Real Madrid,2010-11,R16,Benfica,42,PENALTY,Home ,2
Alfredo Di Stefano,Argentina,Real Madrid,2017-18,Quarter-final,Chelsea,71,PENALTY,Away,3
Toni Kroos,Germany,Real Madrid,2017-18,Semi-final,Bayern Munich,35,PENALTY,AWAY,1
Jude Bellingham,England,Real Madrid,2014-15,Group stage,Chelsea,68,Left Foot,Home ,1
Edinson Cavani,Uruguay,Paris Saint-Germain,2016-17,Group Stage,Bayern Munich,83,header,AWAY,1
Toni Kroos,Germany,Real Madrid,2013-14,Group stage,Benfica,49,Header,Home ,3
Erling Haaland,Norway,Borussia Dortmund,2015-16,Group stage,Inter Milan,52,Free Kick,Away,1
Luis Suarez,Uruguay,Atletico Madrid,2019-20,R16,Porto,82,Penalty,home,1
Neymar Jr,Brazil,Barcelona,2012-13,Group stage,Juventus,78,Left Foot, Away,1
  CRISTIANO RONALDO  ,Portugal,Real Madrid,2015-16,Group Stage,Real Madrid,27,Penalty,Home,1
Edinson Cavani,Uruguay,Paris Saint-Germain,2021-22,Quarter-final,Arsenal,40,Right Foot,Home ,1
  ANTOINE GRIEZMANN  ,France,Atletico Madrid,2012-13,Semi-final,Napoli,8,Free Kick, Away,1
Neymar Jr,Brazil,Paris Saint-Germain,2018-19,Quarter-final,Atletico Madrid,74,Header,Away,1
Zlatan Ibrahimovic,Sweden,AC Milan,2016-17,GROUP STAGE,Paris Saint-Germain,10,Left Foot,Away,1
Lionel Messi,Argentina,Paris Saint-Germain,2021-22,Final,Real Madrid,62,Penalty,AWAY,3
Joshua Kimmich,Germany,Bayern Munich,2022-23,Final,Porto,94,PENALTY,home,2
Toni Kroos,Germany,Real Madrid,2020-21,Round of 16,Barcelona,2,header,Home ,2
Antoine Griezmann,France,Atletico Madrid,2021-22,R16,Liverpool,83,Free Kick, Away,1
Bernardo Silva,Portugal,Manchester City,2020-21,R16,Bayern Munich,68,Right Foot,Away,1
Didier Drogba,Ivory Coast,Chelsea,2010-11,Group Stage,Porto,69,Right Foot,Home,2
Memphis Depay,Netherlands,Barcelona,2010-11,Quarter-final,Liverpool,65,header,AWAY,1
  TONI KROOS  ,Germany,Real Madrid,2019-20,Group Stage,Inter Milan,72',header, Away,2
Luis Suarez,,Barcelona,2012-13,Final,Inter Milan,23,Left Foot,Home,1
Paulo Dybala,Argentina,Juventus,2014-15,Group stage,Napoli,86,Right Foot,Away,1
Jude Bellingham,England,Real Madrid,2021-22,Semi-final,Paris Saint-Germain,51,Penalty,Home ,3
Bukayo Saka,England,Arsenal,2013-14,Round of 16,,12,right foot,Away,1
Bukayo Saka,England,Arsenal,2018-19,Quarter-final,Liverpool,1,header,AWAY,1
Paulo Dybala,Argentina,Juventus,2023-24,Final,Juventus,32,Left Foot,AWAY,1
Riyad Mahrez,Algeria,Manchester City,2015-16,GROUP STAGE,Sevilla,59,Right Foot,Home ,2
Wayne Rooney,England,Manchester United,2014-15,R16,Inter Milan,39,right foot,Away,1
Mohamed Salah,Egypt,Liverpool,2017-18,Group Stage,Sevilla,48,Penalty,home,1
Neymar Jr,Brazil,Barcelona,2011-12,Group Stage,,95,Header,AWAY,1
Andriy Shevchenko,Ukraine,AC Milan,2010-11,R16,Barcelona,94,Left Foot,home,1
Ousmane Dembele,France,Paris Saint-Germain,2016-17,Final,Tottenham Hotspur,58,Left Foot,AWAY,2
Toni Kroos,Germany,Real Madrid,2020-21,R16,Sevilla,1,Left Foot,AWAY,1
Bukayo Saka,England,Arsenal,2022-23,Final,Tottenham Hotspur,44,Free Kick, Away,1
Cristiano Ronaldo,Portugal,Real Madrid,2016-17,Final,Liverpool,4,right foot,Home,1
Sadio Mane,Senegal,Bayern Munich,2014-15,Group Stage,,74,right foot,AWAY,2
Raul Gonzalez,Spain,Real Madrid,2021-22,R16,Benfica,53,right foot,Home,1
Memphis Depay,Netherlands,Barcelona,2022-23,GROUP STAGE,Sevilla,58,header,home,1
Raul Gonzalez,Spain,Real Madrid,2023-24,Round of 16,Paris Saint-Germain,65,Right Foot, Away,3
Sergio Aguero,Argentina,Manchester City,2015-16,Group Stage,Inter Milan,63,Left Foot,Away,1
Sadio Mane,Senegal,Liverpool,2022-23,R16,Atletico Madrid,21,Penalty, Away,1
Jude Bellingham,England,Real Madrid,2016-17,Quarter-final,Liverpool,55,Free Kick,Home,3
Alfredo Di Stefano,Argentina,Real Madrid,2019-20,Group Stage,Inter Milan,29,Free Kick,Home ,2
Fernando Torres,Spain,Chelsea,2022-23,Group Stage,Porto,36,Left Foot,AWAY,2
Luka Modric,Croatia,Real Madrid,2012-13,Final,Chelsea,75,PENALTY,AWAY,1
Victor Osimhen,Nigeria,Napoli,2019-20,GROUP STAGE,Bayern Munich,38,right foot,AWAY,1
Mohamed Salah,Egypt,Liverpool,2012-13,R16,Liverpool,47,right foot,AWAY,2
Wayne Rooney,England,Manchester United,2014-15,Quarter-final,Chelsea,41,Penalty,AWAY,1
Bukayo Saka,England,Arsenal,2012-13,R16,Liverpool,76,right foot,home,3
Karim Benzema,France,Real Madrid,2019-20,GROUP STAGE,Bayern Munich,93,PENALTY,AWAY,1
  ZLATAN IBRAHIMOVIC  ,Sweden,AC Milan,2015-16,GROUP STAGE,Real Madrid,28,Penalty,Home,3
mohamed salah,Egypt,Liverpool,2015-16,Semi-final,Manchester United,42,Free Kick,AWAY,2
Vinicius Junior,Brazil,Real Madrid,2021-22,Group Stage,Manchester United,26,header, Away,2
Riyad Mahrez,Algeria,Manchester City,2016-17,Group Stage,Ajax,6,header, Away,1
Antoine Griezmann,France,Atletico Madrid,2018-19,Final,Napoli,83,Free Kick,home,1
Ousmane Dembele,France,Barcelona,2022-23,Group Stage,Juventus,53,Penalty,Away,1
Raul Gonzalez,Spain,Real Madrid,2011-12,Semi-final,Porto,39,Free Kick, Away,1
Mohamed Salah,Egypt,Liverpool,2018-19,Final,Sevilla,18,Left Foot,Home ,1
Ousmane Dembele,France,Paris Saint-Germain,2010-11,Semi-final,Tottenham Hotspur,16,header,Away,2
Sadio Mane,Senegal,Bayern Munich,2022-23,Semi-final,Borussia Dortmund,47,Free Kick,home,1
Julian Alvarez,Argentina,Manchester City,2016-17,R16,Chelsea,20,Penalty,home,1
Victor Osimhen,Nigeria,Napoli  ,2020-21,Round of 16,Atletico Madrid,81,PENALTY,Away,1
karim benzema,France,Real Madrid,2022-23,Semi-final,Paris Saint-Germain,78,PENALTY,Home ,1
Didier Drogba,Ivory Coast,Chelsea,2022-23,GROUP STAGE,Tottenham Hotspur,90,right foot,home,1
Kylian Mbappe,France,Paris Saint-Germain,2015-16,Quarter-final,Liverpool,57,Free Kick,home,1
ousmane dembele,France,Barcelona,2021-22,Group Stage,Atletico Madrid,78,Left Foot,AWAY,1
Edinson Cavani,Uruguay,Paris Saint-Germain,2015-16,Group stage,Inter Milan,31,Penalty,home,1
Bernardo Silva,Portugal,Manchester City,2021-22,Quarter-final,Bayern Munich,82,header,Home,2
Bukayo Saka,England,Arsenal,2015-16,Group Stage,,74,Free Kick, Away,3
Thomas Muller,Germany,Bayern Munich,2013-14,Quarter-final,Liverpool,35,right foot,AWAY,3
  MEMPHIS DEPAY  ,Netherlands,Barcelona,2018-19,R16,Real Madrid,17,Free Kick, Away,1
Antoine Griezmann,France,Atletico Madrid,2019-20,R16,Liverpool,19,right foot, Away,3
Julian Alvarez,Argentina,Manchester City,2017-18,GROUP STAGE,Paris Saint-Germain,56,Penalty,home,1
Harry Kane,England,Tottenham Hotspur,2019-20,Final,Arsenal,36,header,Home,3
Bukayo Saka,England,Arsenal,2022-23,GROUP STAGE,,31,header, Away,1
Lionel Messi,Argentina,Paris Saint-Germain,2014-15,Quarter-final,Sevilla,52,PENALTY,Home ,3
Harry Kane,England,Bayern Munich,2011-12,Semi-final,Tottenham Hotspur,95,Penalty,Away,2
Erling Haaland,Norway,Manchester City,2018-19,GROUP STAGE,Borussia Dortmund,73',Penalty,Away,1
Joshua Kimmich,,Bayern Munich,2015-16,Round of 16,Tottenham Hotspur,26,header,Home,1
Neymar Jr,Brazil,Barcelona,2022-23,Semi-final,Bayern Munich,16,PENALTY,AWAY,2
Wayne Rooney,England,Manchester United,2015-16,Round of 16,Borussia Dortmund,15,PENALTY,AWAY,1
Riyad Mahrez,Algeria,Manchester City,2013-14,Final,Arsenal,53,Right Foot,AWAY,1
Victor Osimhen,Nigeria,Napoli  ,2014-15,GROUP STAGE,Juventus,61,Free Kick,Home,3
Wayne Rooney,England,Manchester United,2014-15,Final,AC Milan,20',Right Foot,Away,1
Karim Benzema,France,Real Madrid,2015-16,Round of 16,Liverpool,44,Penalty, Away,1
Kevin De Bruyne,Belgium,Manchester City,2017-18,Semi-final,Chelsea,81,right foot,home,1
Gareth Bale,Wales,Real Madrid,2010-11,Group Stage,Juventus,68,Header,Home,2
Kylian Mbappe,France,Paris Saint-Germain,2016-17,Final,Benfica,32,PENALTY, Away,1
  NEYMAR JR  ,Brazil,Barcelona,2013-14,Group Stage,Ajax,42,Header,home,3
Erling Haaland,Norway,Manchester City,2010-11,Round of 16,Tottenham Hotspur,36,right foot,Home,1
Julian Alvarez,Argentina,Manchester City,2023-24,R16,AC Milan,83,header,home,1
Ruud van Nistelrooy,Netherlands,Real Madrid,2022-23,Round of 16,Ajax,22,PENALTY, Away,1
Cristiano Ronaldo,Portugal,Real Madrid,2013-14,Quarter-final,Sevilla,66,Left Foot, Away,3
Luka Modric,Croatia,Real Madrid,2014-15,R16,AC Milan,18,Left Foot, Away,1
Joshua Kimmich,Germany,Bayern Munich,2011-12,Quarter-final,Bayern Munich,70,right foot,AWAY,1
Joshua Kimmich,Germany,Bayern Munich,2018-19,GROUP STAGE,Manchester City,83,PENALTY, Away,2
Harry Kane,England,Bayern Munich,2021-22,Group stage,AC Milan,67,header,Home,2
Bernardo Silva,Portugal,Manchester City,2018-19,Round of 16,Borussia Dortmund,22,Left Foot,Away,1
Kylian Mbappe,France,Real Madrid  ,2011-12,Round of 16,Ajax,48,Free Kick,Home,1
Luis Suarez,Uruguay,Atletico Madrid,2021-22,Group Stage,Porto,35,PENALTY,Home,1
Victor Osimhen,Nigeria,Napoli,2023-24,Round of 16,Inter Milan,70,PENALTY,home,2
Mohamed Salah,Egypt,Liverpool,2021-22,Group Stage,Inter Milan,89,Penalty,Away,1
Toni Kroos,Germany,Real Madrid,2022-23,R16,Bayern Munich,41,Free Kick,AWAY,1
Edinson Cavani,Uruguay,Paris Saint-Germain,2019-20,Quarter-final,Ajax,23,Free Kick,Home ,1
Joshua Kimmich,Germany,Bayern Munich,2023-24,R16,AC Milan,50,Right Foot,AWAY,1
Jude Bellingham,England,Real Madrid,2015-16,R16,Borussia Dortmund,60,Header,home,2
Edinson Cavani,Uruguay,Paris Saint-Germain,2013-14,Group stage,AC Milan,81,right foot,AWAY,1
Lionel Messi,Argentina,Barcelona,2017-18,GROUP STAGE,Tottenham Hotspur,55,Left Foot,AWAY,1
Alfredo Di Stefano,Argentina,Real Madrid,2016-17,Semi-final,Tottenham Hotspur,19,Right Foot,Away,1
Raul Gonzalez,Spain,Real Madrid,2010-11,GROUP STAGE,Sevilla,89,header,Home,2
Toni Kroos,Germany,Real Madrid,2015-16,Semi-final,Barcelona,54,right foot,home,2
Vinicius Junior,Brazil,Real Madrid,2020-21,R16,Real Madrid,75,Left Foot,Home,1
Ruud van Nistelrooy,Netherlands,Real Madrid,2023-24,Semi-final,Paris Saint-Germain,74,Left Foot, Away,1
Robert Lewandowski,Poland,Borussia Dortmund,2020-21,Group Stage,Bayern Munich,18,header,Away,1
Didier Drogba,Ivory Coast,Chelsea,2019-20,Semi-final,Barcelona,30,Free Kick,home,2
  NEYMAR JR  ,Brazil,Paris Saint-Germain,2018-19,GROUP STAGE,Tottenham Hotspur,21,PENALTY,Home ,3
Toni Kroos,Germany,Real Madrid,2018-19,Final,Sevilla,77,Right Foot,AWAY,1
Cristiano Ronaldo,Portugal,Real Madrid,2015-16,Group Stage,Manchester United,85,Header,Home ,1
Andriy Shevchenko,Ukraine,AC Milan,2020-21,Final,Sevilla,79,Header,AWAY,1
Neymar Jr,Brazil,Paris Saint-Germain,2019-20,GROUP STAGE,Barcelona,49,Penalty,AWAY,2
Raul Gonzalez,Spain,Real Madrid,2020-21,Quarter-final,Porto,66,Header,Home,2
Neymar Jr,Brazil,Barcelona,2022-23,Final,Sevilla,70,header,Home,2
Bernardo Silva,Portugal,Manchester City,2011-12,Semi-final,Ajax,68,Right Foot,AWAY,1
Filippo Inzaghi,Italy,AC Milan,2023-24,Group stage,Atletico Madrid,87,PENALTY,home,2
Memphis Depay,Netherlands,Barcelona,2022-23,R16,Juventus,88,Free Kick,home,1
Bernardo Silva,Portugal,Manchester City,2013-14,R16,Inter Milan,95,PENALTY,AWAY,1
Erling Haaland,Norway,Manchester City,2020-21,GROUP STAGE,Atletico Madrid,,Free Kick,home,1
Bernardo Silva,Portugal,Manchester City,2012-13,GROUP STAGE,Benfica,1,Header, Away,1
Toni Kroos,Germany,Real Madrid,2023-24,Group Stage,Ajax,78,header, Away,2
Joshua Kimmich,Germany,Bayern Munich,2017-18,Round of 16,Bayern Munich,90,Penalty,AWAY,3
memphis depay,Netherlands,Barcelona,2013-14,Quarter-final,Inter Milan,49,Free Kick, Away,1
Karim Benzema,France,Real Madrid,2013-14,GROUP STAGE,Manchester City,25,Free Kick,home,1
Mohamed Salah,Egypt,Liverpool,2020-21,GROUP STAGE,Sevilla,87,Header,Home ,1
Kylian Mbappe,France,Real Madrid,2016-17,R16,AC Milan,34,Left Foot,Away,2
Fernando Torres,Spain,Chelsea,2013-14,Round of 16,Barcelona,34,Free Kick, Away,1
Luka Modric,Croatia,Real Madrid,2013-14,Quarter-final,Inter Milan,4,right foot,Home,1
Kevin De Bruyne,Belgium,Manchester City,2022-23,Group stage,,70,header,Home,1
Riyad Mahrez,Algeria,Manchester City,2012-13,Group stage,Sevilla,79,Penalty, Away,1
Filippo Inzaghi,Italy,AC Milan,2021-22,Final,,59,Header,home,1
Antoine Griezmann,France,Atletico Madrid,2012-13,R16,Benfica,28,Free Kick,home,2
Erling Haaland,Norway,Manchester City  ,2013-14,Round of 16,Inter Milan,36,Penalty,AWAY,1
Paulo Dybala,Argentina,Juventus,2021-22,Round of 16,,46,Left Foot,home,1
Gareth Bale,Wales,Real Madrid,2020-21,Quarter-final,Chelsea,94,Header,Home,1
Raul Gonzalez,Spain,Real Madrid,2020-21,R16,,74,PENALTY,home,2
Zlatan Ibrahimovic,Sweden,Paris Saint-Germain,2016-17,Quarter-final,Arsenal,,Header,Away,1
Zlatan Ibrahimovic,Sweden,Paris Saint-Germain,2019-20,Round of 16,Atletico Madrid,40,Penalty,Away,1
Jude Bellingham,England,Real Madrid,2012-13,Semi-final,Bayern Munich,67,header,Home,2
Sergio Aguero,Argentina,Manchester City,2022-23,GROUP STAGE,Barcelona,27,Right Foot,Away,2
Joshua Kimmich,Germany,Bayern Munich,2010-11,Group stage,AC Milan,91,Header,Home ,1
Wayne Rooney,England,Manchester United,2011-12,Group stage,Arsenal,75,header,Home ,3
Joshua Kimmich,,Bayern Munich,2020-21,Quarter-final,Sevilla,47,PENALTY,Away,2
Thomas Muller,Germany,Bayern Munich,2016-17,R16,Atletico Madrid,57,Header, Away,3
Ruud van Nistelrooy,Netherlands,Manchester United  ,2022-23,Round of 16,Sevilla,19,header,Home ,1
Victor Osimhen,Nigeria,Napoli,2015-16,GROUP STAGE,,93,right foot,Away,1
Vinicius Junior,Brazil,Real Madrid,2012-13,R16,Borussia Dortmund,45,header,Home,2
Edinson Cavani,Uruguay,Paris Saint-Germain,2011-12,Group stage,Barcelona,26',Penalty,Home ,1
Antoine Griezmann,France,Atletico Madrid,2012-13,Semi-final,Arsenal,62,Free Kick,Home,1
Kylian Mbappe,France,Paris Saint-Germain,2019-20,Semi-final,Juventus,75,Left Foot,Home,3
Karim Benzema,France,Real Madrid,2018-19,Group Stage,Bayern Munich,10,header,AWAY,1
Gareth Bale,Wales,Real Madrid,2019-20,R16,Barcelona,85,right foot,AWAY,1
Lionel Messi,Argentina,Barcelona,2017-18,Semi-final,Barcelona,74,PENALTY, Away,1
Bukayo Saka,England,Arsenal,2012-13,GROUP STAGE,,27,Penalty,home,1
Luis Suarez,Uruguay,Atletico Madrid,2020-21,Quarter-final,Juventus,65,Left Foot,Away,1
Toni Kroos,Germany,Real Madrid,2012-13,Semi-final,Sevilla,43,Penalty,AWAY,3
Kylian Mbappe,France,Paris Saint-Germain,2017-18,R16,Benfica,20,PENALTY,Home ,2
Antoine Griezmann,France,Atletico Madrid,2019-20,Semi-final,Barcelona,76,Penalty,Home,2
Zlatan Ibrahimovic,Sweden,Barcelona,2010-11,Semi-final,Manchester United,78,Left Foot,Home,1
Thomas Muller,Germany,Bayern Munich,2018-19,Semi-final,Manchester City,47,header,Home,2
Vinicius Junior,Brazil,Real Madrid,2017-18,Round of 16,Porto,46,Left Foot,home,2
Memphis Depay,Netherlands,Barcelona,2012-13,Round of 16,Real Madrid,93,right foot,home,1
Robert Lewandowski,Poland,Borussia Dortmund,2011-12,R16,Ajax,65,Right Foot,AWAY,1
  RIYAD MAHREZ  ,Algeria,Manchester City,2021-22,Semi-final,,39,Left Foot, Away,3
Ruud van Nistelrooy,Netherlands,Manchester United,2010-11,Semi-final,Tottenham Hotspur,68,Free Kick, Away,1
Zlatan Ibrahimovic,Sweden,AC Milan,2014-15,Quarter-final,,40,Header,Home,2
Julian Alvarez,Argentina,Manchester City,2012-13,Round of 16,Inter Milan,,Penalty,Home,2
Wayne Rooney,England,Manchester United,2020-21,Final,Juventus,78,header,Home,2
Bukayo Saka,England,Arsenal,2012-13,Round of 16,Benfica,36,Free Kick,Away,1
Filippo Inzaghi,Italy,AC Milan,2017-18,Round of 16,Real Madrid,88,right foot, Away,1
Victor Osimhen,Nigeria,Napoli,2022-23,Final,Napoli,34,Header,Home,3
Luka Modric,Croatia,Real Madrid,2023-24,R16,Barcelona,3,PENALTY,AWAY,3
Neymar Jr,Brazil,Barcelona,2014-15,Round of 16,Napoli,80,header,AWAY,1
Joshua Kimmich,Germany,Bayern Munich,2014-15,Round of 16,AC Milan,71,PENALTY,AWAY,1
Thomas Muller,Germany,Bayern Munich,2021-22,Final,Manchester United,71,Free Kick,Home ,1
Victor Osimhen,Nigeria,Napoli,2022-23,Quarter-final,Chelsea,18,header,Home ,1
Edinson Cavani,Uruguay,Paris Saint-Germain,2023-24,Round of 16,Manchester City,7,header,Home ,1
Kylian Mbappe,France,Paris Saint-Germain,2020-21,GROUP STAGE,Chelsea,51,Left Foot,Home ,1
Thomas Muller,Germany,Bayern Munich,2019-20,Semi-final,Barcelona,62,Left Foot,AWAY,1
Alessandro Del Piero,Italy,Juventus,2015-16,Round of 16,Bayern Munich,40,header,AWAY,1
Jude Bellingham,England,Real Madrid,2016-17,Group Stage,Bayern Munich,21,Penalty,Home,1
Zlatan Ibrahimovic,Sweden,Inter Milan,2023-24,GROUP STAGE,Arsenal,20,Penalty, Away,1
Gareth Bale,Wales,Real Madrid,2023-24,R16,Benfica,43,header,Home ,2
  THOMAS MULLER  ,Germany,Bayern Munich,2016-17,Semi-final,Borussia Dortmund,2,Header,AWAY,1
Sadio Mane,Senegal,Liverpool,2019-20,Final,Napoli,12',Left Foot, Away,3
Alessandro Del Piero,Italy,Juventus,2021-22,Group stage,Sevilla,8,Left Foot, Away,2
Joshua Kimmich,Germany,Bayern Munich,2019-20,Group Stage,Atletico Madrid,56,Header,home,1
  LIONEL MESSI  ,Argentina,Barcelona,2017-18,Final,Napoli,17,PENALTY,Home,2
Andriy Shevchenko,Ukraine,AC Milan,2017-18,GROUP STAGE,Sevilla,92,PENALTY,AWAY,2
Zlatan Ibrahimovic,Sweden,AC Milan,2012-13,Group stage,Manchester United,76,PENALTY,Home,1
Julian Alvarez,Argentina,Manchester City,2020-21,R16,,36,PENALTY, Away,3
Didier Drogba,Ivory Coast,Chelsea,2019-20,Group stage,Ajax,51,header, Away,1
Riyad Mahrez,Algeria,Manchester City,2012-13,Round of 16,Atletico Madrid,83,header,Home,3
Sadio Mane,Senegal,Liverpool,2010-11,Final,Atletico Madrid,59,header, Away,2
Bukayo Saka,England,Arsenal,2012-13,Group Stage,Benfica,18,Penalty,Home ,1
Ousmane Dembele,France,Paris Saint-Germain,2019-20,Group stage,AC Milan,16,Free Kick,Away,1
Julian Alvarez,Argentina,Manchester City,2013-14,Semi-final,Atletico Madrid,19,Free Kick,home,1
Bernardo Silva,Portugal,Manchester City,2014-15,Final,Benfica,91,header,Away,1
Toni Kroos,Germany,Real Madrid,2013-14,Semi-final,Paris Saint-Germain,61,PENALTY,Home,1
Cristiano Ronaldo,Portugal,Manchester United,2020-21,Quarter-final,Benfica,58,Free Kick,AWAY,2
Thomas Muller,Germany,Bayern Munich,2020-21,GROUP STAGE,Real Madrid,89,Left Foot,Home,3
  THOMAS MULLER  ,Germany,Bayern Munich,2020-21,Final,Juventus,25,Header,Away,2
Mohamed Salah,Egypt,Liverpool,2019-20,Group stage,Sevilla,52,Free Kick,AWAY,2
Thomas Muller,Germany,Bayern Munich,2019-20,Quarter-final,Juventus,1,PENALTY,Home,3
Sadio Mane,Senegal,Bayern Munich,2011-12,Semi-final,Porto,68,Penalty,AWAY,1
Memphis Depay,Netherlands,Barcelona,2021-22,GROUP STAGE,Inter Milan,19,Penalty, Away,3
Fernando Torres,Spain,Liverpool,2022-23,R16,Liverpool,64,Free Kick,Home ,1
Antoine Griezmann,France,Atletico Madrid,2023-24,Round of 16,Porto,11,Penalty,Home ,3
Mohamed Salah,Egypt,Liverpool,2014-15,Quarter-final,Liverpool,29,Free Kick, Away,1
Luka Modric,Croatia,Real Madrid,2011-12,Group Stage,,66,right foot,AWAY,1
Raul Gonzalez,Spain,Real Madrid,2020-21,GROUP STAGE,Sevilla,76,PENALTY,home,1
Victor Osimhen,Nigeria,Napoli,2022-23,Round of 16,Benfica,44,PENALTY,Home,1
Lionel Messi,Argentina,Paris Saint-Germain,2012-13,Final,Tottenham Hotspur,46,PENALTY,Home,1
Riyad Mahrez,Algeria,Manchester City,2010-11,Group Stage,Tottenham Hotspur,72,Penalty,Home,1
Erling Haaland,Norway,Borussia Dortmund,2015-16,Group stage,Inter Milan,52,Free Kick,Away,1
Memphis Depay,Netherlands,Barcelona,2023-24,Quarter-final,Atletico Madrid,11,Free Kick,Home,1
Filippo Inzaghi,Italy,AC Milan  ,2016-17,Group stage,Sevilla,62',header,home,2
Antoine Griezmann,France,Atletico Madrid,2015-16,Group Stage,Chelsea,14,header,Home ,1
Memphis Depay,Netherlands,Barcelona,2022-23,GROUP STAGE,Sevilla,58,header,home,1
Paulo Dybala,Argentina,Juventus,2021-22,Quarter-final,Paris Saint-Germain,47,PENALTY, Away,1
Alfredo Di Stefano,Argentina,Real Madrid,2018-19,Semi-final,Tottenham Hotspur,82,header,Home,1
Thomas Muller,Germany,Bayern Munich  ,2012-13,Round of 16,Chelsea,21,right foot,home,2
Harry Kane,England,Bayern Munich  ,2020-21,GROUP STAGE,Tottenham Hotspur,63,Free Kick,Away,1
Victor Osimhen,Nigeria,Napoli  ,2014-15,GROUP STAGE,Juventus,61,Free Kick,Home,3
Mohamed Salah,Egypt,Liverpool,2017-18,R16,Borussia Dortmund,71,Right Foot,home,1
Bernardo Silva,Portugal,Manchester City,2011-12,Group Stage,Napoli,1,PENALTY,Home ,1
Didier Drogba,Ivory Coast,Chelsea,2016-17,GROUP STAGE,AC Milan,1,Left Foot,Away,1
Jude Bellingham,England,Real Madrid,2022-23,Group stage,Ajax,66,Left Foot,AWAY,1
Andriy Shevchenko,Ukraine,Chelsea,2013-14,Group stage,Benfica,34,right foot,home,2
Julian Alvarez,Argentina,Manchester City,2014-15,Semi-final,Paris Saint-Germain,6,Penalty,Home,1
Ruud van Nistelrooy,Netherlands,Manchester United  ,2010-11,Round of 16,Tottenham Hotspur,86,Header,Away,1
Alessandro Del Piero,Italy,Juventus,2020-21,GROUP STAGE,,7,Header,Away,1
Luis Suarez,Uruguay,Atletico Madrid,2020-21,Round of 16,Bayern Munich,78,Header,Home ,3
Alfredo Di Stefano,Argentina,Real Madrid,2015-16,GROUP STAGE,Liverpool,73,Left Foot,home,2
Alessandro Del Piero,Italy,Juventus,2016-17,Group stage,Porto,86,Header, Away,3
Harry Kane,England,Tottenham Hotspur,2016-17,Group Stage,Sevilla,17,Left Foot,Home,2
Cristiano Ronaldo,Portugal,Juventus,2020-21,GROUP STAGE,Liverpool,21,Header,Home,1
Bernardo Silva,Portugal,Manchester City,2012-13,Quarter-final,Bayern Munich,72,Header,home,2
Raul Gonzalez,,Real Madrid,2020-21,Semi-final,AC Milan,26,Penalty,home,1
Riyad Mahrez,Algeria,Manchester City,2017-18,Round of 16,Ajax,33,PENALTY,Away,1
Mohamed Salah,Egypt,Liverpool,2022-23,R16,,51,Header,home,1
Robert Lewandowski,Poland,Borussia Dortmund,2010-11,Quarter-final,Liverpool,48,right foot,home,2
Thomas Muller,Germany,Bayern Munich,2017-18,GROUP STAGE,Juventus,17,Penalty,AWAY,1
Fernando Torres,Spain,Liverpool,2012-13,R16,Manchester United,,header,home,3
Luka Modric,Croatia,Real Madrid,2017-18,Final,Napoli,42,Free Kick,home,2
Ousmane Dembele,France,Paris Saint-Germain,2021-22,Group Stage,Bayern Munich,23,header,AWAY,1
Didier Drogba,Ivory Coast,Chelsea,2011-12,Group Stage,Juventus,17,Right Foot,home,2
Sadio Mane,Senegal,Liverpool,2018-19,R16,Inter Milan,72,Right Foot,Away,2
Alfredo Di Stefano,Argentina,Real Madrid,2013-14,Round of 16,,72,header,AWAY,2
Luis Suarez,Uruguay,Atletico Madrid,2019-20,Group stage,Borussia Dortmund,57,Header,Home ,3
Luis Suarez,Uruguay,Atletico Madrid,2022-23,R16,Real Madrid,18,Free Kick, Away,2
Sadio Mane,Senegal,Bayern Munich,2013-14,Final,Benfica,25,PENALTY,Away,1
Alfredo Di Stefano,Argentina,Real Madrid,2010-11,Quarter-final,Chelsea,12,Header, Away,1
Sadio Mane,,Liverpool,2023-24,R16,Manchester United,32,Left Foot, Away,2
Cristiano Ronaldo,Portugal,Manchester United,2017-18,Semi-final,Manchester City,49,right foot,home,1
Erling Haaland,Norway,Borussia Dortmund,2022-23,Semi-final,Manchester City,90,Left Foot,Home ,2
Cristiano Ronaldo,Portugal,Juventus,2021-22,Round of 16,Napoli,12,Free Kick, Away,2
Kevin De Bruyne,Belgium,Manchester City,2013-14,Semi-final,Inter Milan,71,right foot,home,1
Luka Modric,Croatia,Real Madrid,2014-15,Final,Ajax,46,Left Foot,Home ,1
Luka Modric,Croatia,Real Madrid,2010-11,Semi-final,Napoli,10,Free Kick,Home,1
Vinicius Junior,,Real Madrid,2016-17,Round of 16,Borussia Dortmund,88,Header, Away,1
Paulo Dybala,Argentina,Juventus,2016-17,GROUP STAGE,Benfica,71,Header, Away,1
Alfredo Di Stefano,Argentina,Real Madrid,2012-13,Round of 16,Arsenal,40,right foot,Away,1
Edinson Cavani,Uruguay,Paris Saint-Germain,2018-19,Semi-final,Tottenham Hotspur,92,PENALTY,Away,2
Ruud van Nistelrooy,Netherlands,Real Madrid,2020-21,Group stage,Paris Saint-Germain,34,Penalty, Away,1
Edinson Cavani,Uruguay,Paris Saint-Germain,2022-23,Final,Ajax,68,PENALTY,Away,3
Cristiano Ronaldo,Portugal,Juventus,2016-17,Group stage,Tottenham Hotspur,32,Right Foot,Home ,1
Andriy Shevchenko,Ukraine,Chelsea,2022-23,Semi-final,Borussia Dortmund,45,Header, Away,2
Karim Benzema,France,Real Madrid,2012-13,Round of 16,Borussia Dortmund,38,right foot,Home,1
Ruud van Nistelrooy,Netherlands,Real Madrid,2013-14,Group Stage,,61,right foot,Away,2
Erling Haaland,Norway,Borussia Dortmund,2012-13,Final,Benfica,30,right foot,Home ,3
Luka Modric,Croatia,Real Madrid,2018-19,Quarter-final,Manchester City,89,Header, Away,1
Andriy Shevchenko,Ukraine,AC Milan,2012-13,Group stage,Chelsea,80,Left Foot,Home ,2
Riyad Mahrez,Algeria,Manchester City,2023-24,Semi-final,Chelsea,83,Penalty, Away,1
Andriy Shevchenko,Ukraine,Chelsea,2010-11,Group stage,Liverpool,66,header,AWAY,1
Raul Gonzalez,Spain,Real Madrid,2013-14,Final,Barcelona,43,right foot,Home ,1
Fernando Torres,Spain,Chelsea,2012-13,Final,Manchester City,15,right foot,Home,1
Riyad Mahrez,Algeria,Manchester City,2020-21,Group Stage,Borussia Dortmund,42,Left Foot, Away,3
Sergio Aguero,Argentina,Manchester City,2020-21,Semi-final,Benfica,89,Penalty,AWAY,1
Luka Modric,Croatia,Real Madrid,2014-15,Quarter-final,Borussia Dortmund,56,header,Away,1
Andriy Shevchenko,Ukraine,AC Milan  ,2015-16,Semi-final,Atletico Madrid,9,Penalty, Away,2
  RAUL GONZALEZ  ,Spain,Real Madrid,2013-14,Group Stage,,33,right foot, Away,1
Andriy Shevchenko,Ukraine,AC Milan,2015-16,R16,Borussia Dortmund,60,right foot,home,2
Wayne Rooney,England,Manchester United,2016-17,Final,Chelsea,70,Penalty,Away,1
Julian Alvarez,Argentina,Manchester City,2020-21,GROUP STAGE,Ajax,75,Left Foot,Home,2
Filippo Inzaghi,Italy,AC Milan,2023-24,R16,Atletico Madrid,67,right foot,Away,2
Vinicius Junior,Brazil,Real Madrid,2014-15,Round of 16,Arsenal,71,Left Foot,home,1
Joshua Kimmich,Germany,Bayern Munich,2017-18,Quarter-final,Ajax,34,Right Foot, Away,2
Thomas Muller,Germany,Bayern Munich,2021-22,Group stage,Atletico Madrid,88,header,Home,1
Joshua Kimmich,Germany,Bayern Munich,2012-13,GROUP STAGE,Manchester City,84,Left Foot,Home ,3
  OUSMANE DEMBELE  ,France,Barcelona,2011-12,Final,Benfica,60,header,Home,1
Memphis Depay,Netherlands,Barcelona,2010-11,Semi-final,Liverpool,28,right foot,Home ,2
Cristiano Ronaldo,Portugal,Real Madrid,2019-20,Round of 16,,43,Free Kick,AWAY,2
Toni Kroos,Germany,Real Madrid,2021-22,Final,Porto,5,header,AWAY,2
Kevin De Bruyne,Belgium,Manchester City,2018-19,Quarter-final,Manchester City,36,right foot, Away,1
Cristiano Ronaldo,Portugal,Manchester United,2014-15,Final,,82,header,Home,2
Fernando Torres,Spain,Chelsea,2022-23,Quarter-final,Liverpool,24',Free Kick,Home,2
  LIONEL MESSI  ,Argentina,Barcelona,2014-15,Round of 16,Barcelona,95,PENALTY,Home ,3
Wayne Rooney,England,Manchester United,2017-18,GROUP STAGE,Manchester United,89,Penalty,home,1
Ousmane Dembele,France,Barcelona,2013-14,GROUP STAGE,Bayern Munich,58,right foot,Home,2
Alfredo Di Stefano,Argentina,Real Madrid,2015-16,R16,Bayern Munich,80,Right Foot,home,1
Cristiano Ronaldo,Portugal,Manchester United,2022-23,Final,Napoli,71,Right Foot, Away,1
Lionel Messi,Argentina,Barcelona,2020-21,Group stage,Paris Saint-Germain,4,header,AWAY,3
Kylian Mbappe,France,Paris Saint-Germain,2016-17,Quarter-final,,,Penalty, Away,3
Kevin De Bruyne,Belgium,Manchester City,2023-24,Quarter-final,Paris Saint-Germain,33,header,home,3
Raul Gonzalez,Spain,Real Madrid,2021-22,Group Stage,Atletico Madrid,50,right foot,home,1
Sadio Mane,Senegal,Bayern Munich,2015-16,GROUP STAGE,Bayern Munich,81,Left Foot,Away,2
Harry Kane,England,Bayern Munich,2012-13,Quarter-final,Chelsea,71,header,Home,1
Wayne Rooney,England,Manchester United,2022-23,Quarter-final,Ajax,91,Left Foot, Away,1
Vinicius Junior,Brazil,Real Madrid,2016-17,R16,Bayern Munich,87,Header,home,1
Memphis Depay,Netherlands,Barcelona  ,2012-13,Final,Porto,11,Right Foot, Away,3
Jude Bellingham,England,Real Madrid,2022-23,Semi-final,Liverpool,94,Penalty,Home,2
Vinicius Junior,Brazil,Real Madrid,2014-15,Group Stage,Ajax,90,Penalty,AWAY,1
raul gonzalez,Spain,Real Madrid,2022-23,Group Stage,Juventus,53,Header, Away,1
Joshua Kimmich,Germany,Bayern Munich,2022-23,Semi-final,Tottenham Hotspur,88,Left Foot,Home ,2
Zlatan Ibrahimovic,Sweden,Barcelona,2013-14,Final,,64,Free Kick,Away,1
Alfredo Di Stefano,Argentina,Real Madrid,2023-24,R16,Juventus,77,PENALTY, Away,1
Robert Lewandowski,Poland,Barcelona,2011-12,R16,Chelsea,3,Penalty,AWAY,1
Andriy Shevchenko,Ukraine,AC Milan,2017-18,GROUP STAGE,Paris Saint-Germain,87,Right Foot,AWAY,2
Erling Haaland,Norway,Borussia Dortmund,2023-24,Group Stage,Chelsea,53,Left Foot,home,1
Kylian Mbappe,France,Paris Saint-Germain,2017-18,Quarter-final,Atletico Madrid,13,Penalty,Home ,3
Ruud van Nistelrooy,Netherlands,Manchester United,2021-22,Semi-final,Juventus,89,PENALTY,Home,1
Raul Gonzalez,Spain,Real Madrid,2018-19,GROUP STAGE,Manchester City,55,Left Foot,Home,2
Luis Suarez,Uruguay,Atletico Madrid,2011-12,Group stage,AC Milan,19,PENALTY,home,1
Antoine Griezmann,France,Atletico Madrid,2010-11,Group stage,Liverpool,70,right foot, Away,3
Ousmane Dembele,France,Paris Saint-Germain,2012-13,R16,Inter Milan,38,Header,Home,2
Thomas Muller,Germany,Bayern Munich,2010-11,Semi-final,Arsenal,40,PENALTY,Home ,1
Thomas Muller,Germany,Bayern Munich,2013-14,Group stage,Napoli,7,Penalty,AWAY,1
Bukayo Saka,England,Arsenal,2013-14,Group Stage,Atletico Madrid,86,Penalty,AWAY,1
Joshua Kimmich,Germany,Bayern Munich,2016-17,GROUP STAGE,Tottenham Hotspur,13,Header,Home ,2
Joshua Kimmich,Germany,Bayern Munich,2015-16,Group stage,AC Milan,26,header,Home,2
Jude Bellingham,England,Real Madrid,2017-18,Group Stage,Paris Saint-Germain,28,Left Foot,AWAY,1
Mohamed Salah,Egypt,Liverpool,2019-20,R16,Chelsea,81,header,Home,1
Ruud van Nistelrooy,,Real Madrid,2014-15,Round of 16,Atletico Madrid,48,Header,Home,2
Bernardo Silva,Portugal,Manchester City,2020-21,Round of 16,Paris Saint-Germain,88',Free Kick, Away,1
Kevin De Bruyne,Belgium,Manchester City,2018-19,GROUP STAGE,Manchester United,22,right foot,Home ,1
Memphis Depay,Netherlands,Barcelona,2016-17,Group stage,Real Madrid,79,right foot,Away,1
Bernardo Silva,Portugal,Manchester City,2022-23,Round of 16,AC Milan,74,Penalty,Home,2
Karim Benzema,France,Real Madrid,2011-12,Group stage,AC Milan,13,PENALTY,home,2
Alfredo Di Stefano,Argentina,Real Madrid,2016-17,Group Stage,Inter Milan,38,Left Foot,AWAY,2
Raul Gonzalez,Spain,Real Madrid,2011-12,R16,Liverpool,5,Free Kick,AWAY,3
Fernando Torres,Spain,Chelsea,2017-18,Group Stage,Benfica,95,header,Home ,1
Andriy Shevchenko,Ukraine,Chelsea,2023-24,Round of 16,,86,Left Foot,Home,1
Cristiano Ronaldo,Portugal,Real Madrid,2021-22,GROUP STAGE,AC Milan,56,right foot,Away,1
  RUUD VAN NISTELROOY  ,Netherlands,Manchester United,2021-22,R16,Manchester United,68,header, Away,2
Raul Gonzalez,Spain,Real Madrid,2010-11,GROUP STAGE,Bayern Munich,63,Right Foot, Away,1
Didier Drogba,Ivory Coast,Chelsea,2010-11,GROUP STAGE,,90,Left Foot,AWAY,1
Alfredo Di Stefano,,Real Madrid,2015-16,Final,Borussia Dortmund,28,right foot, Away,1
Antoine Griezmann,France,Atletico Madrid,2022-23,Round of 16,Benfica,68,Free Kick,Home,1
Karim Benzema,France,Real Madrid,2010-11,Group stage,Benfica,94,Right Foot,Home ,2
Memphis Depay,Netherlands,Barcelona,2016-17,Group Stage,Porto,70,Left Foot,Home ,1
Victor Osimhen,Nigeria,Napoli,2012-13,Semi-final,Paris Saint-Germain,58,header,Home,2
Julian Alvarez,Argentina,Manchester City  ,2023-24,Final,AC Milan,42,Penalty,Home,1
Julian Alvarez,Argentina,Manchester City,2019-20,Quarter-final,Porto,34,Header,AWAY,1
Fernando Torres,Spain,Liverpool,2010-11,Quarter-final,Liverpool,14,Penalty,Home,1
Victor Osimhen,Nigeria,Napoli,2012-13,R16,Atletico Madrid,59,right foot,Home ,3
Cristiano Ronaldo,Portugal,Manchester United,2023-24,Quarter-final,Barcelona,61',PENALTY,Home,1
Thomas Muller,Germany,Bayern Munich,2016-17,Semi-final,Porto,7,Penalty,Home,2
Luka Modric,Croatia,Real Madrid,2018-19,Round of 16,Tottenham Hotspur,34,Left Foot,AWAY,2
Paulo Dybala,Argentina,Juventus,2023-24,Semi-final,Bayern Munich,58,header,home,3
Vinicius Junior,Brazil,Real Madrid  ,2022-23,Quarter-final,Paris Saint-Germain,60,Left Foot,Home ,3
Antoine Griezmann,France,Atletico Madrid,2019-20,GROUP STAGE,Porto,16,Penalty,AWAY,1
sadio mane,Senegal,Bayern Munich,2017-18,Quarter-final,Real Madrid,21,Penalty,Away,1
Luis Suarez,Uruguay,Barcelona,2013-14,Round of 16,Real Madrid,5,Free Kick,home,1
Karim Benzema,France,Real Madrid,2023-24,Round of 16,Barcelona,59,Header,Home ,3
Raul Gonzalez,Spain,Real Madrid,2023-24,Group Stage,Sevilla,64,Free Kick,Away,3
Mohamed Salah,Egypt,Liverpool,2018-19,Quarter-final,Ajax,78,right foot, Away,3
  HARRY KANE  ,England,Bayern Munich,2017-18,Final,Benfica,58,PENALTY, Away,1
Sadio Mane,Senegal,Bayern Munich,2022-23,Round of 16,Napoli,73,header, Away,2
julian alvarez,Argentina,Manchester City,2010-11,Round of 16,Ajax,6,Right Foot,Home,1
Gareth Bale,Wales,Real Madrid,2021-22,Group stage,,82,right foot,Home,2
Memphis Depay,Netherlands,Barcelona,2018-19,Group stage,Porto,56,Header,home,3
Bukayo Saka,England,Arsenal,2019-20,Group Stage,Manchester City,86,right foot,AWAY,2
Luis Suarez,Uruguay,Barcelona,2018-19,Semi-final,,96,PENALTY,home,1
Kevin De Bruyne,Belgium,Manchester City,2017-18,Quarter-final,,22,Penalty,Home ,2
Thomas Muller,Germany,Bayern Munich,2012-13,Group Stage,,,header, Away,1
Riyad Mahrez,Algeria,Manchester City,2023-24,Semi-final,Napoli,92,Free Kick,AWAY,2
Alfredo Di Stefano,Argentina,Real Madrid,2013-14,R16,Juventus,40,Free Kick,home,2
Riyad Mahrez,Algeria,Manchester City,2012-13,GROUP STAGE,Real Madrid,29',right foot,Away,2
ruud van nistelrooy,Netherlands,Manchester United,2013-14,Final,Sevilla,61,right foot,Home,3
Joshua Kimmich,Germany,Bayern Munich,2021-22,Group Stage,Juventus,47,Right Foot,home,1
Lionel Messi,Argentina,Paris Saint-Germain,2022-23,Final,Arsenal,19,Right Foot,AWAY,2
Toni Kroos,Germany,Real Madrid,2023-24,GROUP STAGE,Napoli,10,PENALTY,home,1
Gareth Bale,Wales,Real Madrid,2022-23,Round of 16,Atletico Madrid,29,PENALTY,home,1
Riyad Mahrez,Algeria,Manchester City,2012-13,GROUP STAGE,Paris Saint-Germain,94,Header,AWAY,2
Erling Haaland,Norway,Manchester City,2013-14,Round of 16,Atletico Madrid,78,Left Foot, Away,1
Sergio Aguero,Argentina,Manchester City,2013-14,GROUP STAGE,Barcelona,26,PENALTY,Away,1
Antoine Griezmann,France,Atletico Madrid,2022-23,Final,,20,Right Foot,Away,1
Mohamed Salah,Egypt,Liverpool,2021-22,R16,Sevilla,77,right foot,Home ,1
Memphis Depay,Netherlands,Barcelona,2015-16,Final,Inter Milan,53,PENALTY,Away,1
Neymar Jr,Brazil,Paris Saint-Germain,2018-19,Semi-final,Benfica,79,right foot,Home ,1
Raul Gonzalez,Spain,Real Madrid,2020-21,Group Stage,,23,PENALTY,Home ,1
  SERGIO AGUERO  ,Argentina,Manchester City,2019-20,R16,Real Madrid,11,Right Foot,Home,2
Alessandro Del Piero,Italy,Juventus,2013-14,GROUP STAGE,Paris Saint-Germain,90,PENALTY, Away,2
Ousmane Dembele,France,Barcelona,2018-19,Semi-final,Benfica,81,Header,Home,3
Karim Benzema,France,Real Madrid,2018-19,Final,Bayern Munich,40,header,home,2
Alessandro Del Piero,Italy,Juventus,2023-24,R16,Inter Milan,16,right foot,Home ,2
Zlatan Ibrahimovic,Sweden,AC Milan  ,2017-18,Final,Tottenham Hotspur,9,Free Kick,Home,1
Alfredo Di Stefano,Argentina,Real Madrid,2016-17,Group stage,Real Madrid,85,Header,Home ,2
Luka Modric,Croatia,Real Madrid,2015-16,Semi-final,Manchester United,28,header,home,1
Neymar Jr,Brazil,Paris Saint-Germain,2023-24,Group stage,Manchester City,94,right foot,AWAY,3
Mohamed Salah,Egypt,Liverpool  ,2017-18,R16,Sevilla,43,Free Kick, Away,1
Memphis Depay,Netherlands,Barcelona,2020-21,Group Stage,Real Madrid,14,header, Away,1
zlatan ibrahimovic,Sweden,Paris Saint-Germain,2010-11,Group stage,Porto,54,Header,Away,1
Bukayo Saka,England,Arsenal,2014-15,Round of 16,Real Madrid,60,Free Kick,Away,1
Vinicius Junior,Brazil,Real Madrid,2021-22,Quarter-final,Inter Milan,28,Right Foot, Away,1
Vinicius Junior,Brazil,Real Madrid,2017-18,Group Stage,Borussia Dortmund,30,Penalty, Away,1
Ruud van Nistelrooy,Netherlands,Real Madrid,2023-24,Semi-final,Tottenham Hotspur,55,PENALTY,Away,1
Bernardo Silva,Portugal,Manchester City,2011-12,Final,Real Madrid,31,Free Kick,Home,1
Neymar Jr,Brazil,Paris Saint-Germain,2017-18,Semi-final,Borussia Dortmund,70,header, Away,3
Victor Osimhen,Nigeria,Napoli,2016-17,Round of 16,,63,Right Foot,Away,1
Victor Osimhen,Nigeria,Napoli,2018-19,Final,AC Milan,39,Penalty,home,2
Antoine Griezmann,France,Atletico Madrid,2014-15,GROUP STAGE,Sevilla,60,Free Kick,Home,2
  THOMAS MULLER  ,Germany,Bayern Munich,2021-22,Round of 16,Napoli,76,header, Away,1
Alfredo Di Stefano,Argentina,Real Madrid,2019-20,GROUP STAGE,Benfica,83,Header,Away,2
Paulo Dybala,Argentina,Juventus,2022-23,Group Stage,Porto,40,Right Foot,Away,2
Filippo Inzaghi,Italy,AC Milan,2022-23,Quarter-final,Sevilla,58,Header,Away,2
Karim Benzema,France,Real Madrid,2019-20,Round of 16,Atletico Madrid,15,Left Foot,AWAY,1
Paulo Dybala,Argentina,Juventus,2014-15,Quarter-final,Napoli,94,PENALTY,Home,1
Edinson Cavani,Uruguay,Paris Saint-Germain,2015-16,Group stage,Sevilla,41,header,home,1
Paulo Dybala,Argentina,Juventus,2013-14,GROUP STAGE,Porto,8,Left Foot,home,1
Ousmane Dembele,France,Barcelona,2016-17,R16,Napoli,45,Header,Away,1
Kevin De Bruyne,Belgium,Manchester City,2020-21,Group Stage,Porto,5,Right Foot,Away,3
Didier Drogba,Ivory Coast,Chelsea,2015-16,Group Stage,,78,Header, Away,2
Cristiano Ronaldo,Portugal,Real Madrid  ,2017-18,R16,Real Madrid,78,right foot,Home,1
Joshua Kimmich,Germany,Bayern Munich,2010-11,GROUP STAGE,Tottenham Hotspur,36,Penalty,Home,1
Raul Gonzalez,Spain,Real Madrid,2021-22,R16,Napoli,64,header,AWAY,1
Riyad Mahrez,Algeria,Manchester City,2021-22,GROUP STAGE,Manchester City,64,PENALTY,Away,2
Edinson Cavani,Uruguay,Paris Saint-Germain,2015-16,Group stage,Manchester City,84,Penalty,Home ,2
Luis Suarez,Uruguay,Barcelona,2018-19,Final,Napoli,3',Penalty,Home ,1
Luis Suarez,Uruguay,Barcelona,2018-19,Final,Napoli,3',Penalty,Home ,1
Andriy Shevchenko,Ukraine,AC Milan,2019-20,GROUP STAGE,,9,Header, Away,1
  KEVIN DE BRUYNE  ,Belgium,Manchester City,2020-21,Group stage,Tottenham Hotspur,96,Right Foot, Away,2
Robert Lewandowski,Poland,Barcelona,2019-20,R16,Borussia Dortmund,64,Free Kick,AWAY,2
Cristiano Ronaldo,Portugal,Real Madrid,2011-12,Group Stage,,18,header,AWAY,1
Joshua Kimmich,Germany,Bayern Munich,2013-14,GROUP STAGE,Ajax,52,Free Kick,Home ,1
Didier Drogba,Ivory Coast,Chelsea,2014-15,Final,Manchester United,37,Free Kick,Home,1
Antoine Griezmann,France,Atletico Madrid,2015-16,Group stage,Juventus,88,right foot,home,1
Luka Modric,Croatia,Real Madrid,2019-20,Semi-final,Arsenal,1,right foot,Away,2
Neymar Jr,Brazil,Paris Saint-Germain,2012-13,Semi-final,Benfica,51,Header,Away,2
Antoine Griezmann,France,Atletico Madrid,2016-17,GROUP STAGE,Chelsea,71',header,Home ,1
Sadio Mane,Senegal,Bayern Munich,2020-21,Final,Manchester United,85,Penalty, Away,1
zlatan ibrahimovic,Sweden,Inter Milan,2019-20,Group Stage,Benfica,55,Penalty,Home,3
Sadio Mane,Senegal,Liverpool,2011-12,Group stage,Bayern Munich,69,header,Away,1
Victor Osimhen,Nigeria,Napoli,2017-18,R16,Paris Saint-Germain,32,right foot,Home ,3
Antoine Griezmann,France,Atletico Madrid  ,2015-16,Quarter-final,Porto,91,Left Foot,Home,1
Mohamed Salah,Egypt,Liverpool,2019-20,Quarter-final,AC Milan,26,right foot,Away,2
Zlatan Ibrahimovic,Sweden,Inter Milan,2012-13,Group Stage,Atletico Madrid,5,right foot,Away,3
Jude Bellingham,England,Real Madrid,2022-23,Round of 16,Sevilla,47,Right Foot,home,1
Luis Suarez,Uruguay,Atletico Madrid,2016-17,Group Stage,,24,Free Kick, Away,2
Neymar Jr,Brazil,Paris Saint-Germain,2011-12,GROUP STAGE,Manchester United,52,Header,Home,1
Robert Lewandowski,Poland,Borussia Dortmund,2021-22,GROUP STAGE,Atletico Madrid,25,right foot, Away,3
Luka Modric,Croatia,Real Madrid,2017-18,Round of 16,Inter Milan,76,header,home,2
Edinson Cavani,Uruguay,Paris Saint-Germain,2010-11,Final,Bayern Munich,60,Right Foot,Away,3
Kevin De Bruyne,Belgium,Manchester City,2012-13,Final,Benfica,31,Free Kick,AWAY,1
Fernando Torres,Spain,Liverpool  ,2012-13,Group stage,Tottenham Hotspur,44,header,AWAY,1
Neymar Jr,Brazil,Barcelona,2023-24,Semi-final,Porto,90,Right Foot,Away,2
Memphis Depay,Netherlands,Barcelona,2012-13,Round of 16,Real Madrid,93,right foot,home,1
Toni Kroos,Germany,Real Madrid  ,2011-12,R16,Real Madrid,64,right foot,Home ,2
Cristiano Ronaldo,Portugal,Juventus,2013-14,Group Stage,Atletico Madrid,29,header,Away,1
Luka Modric,Croatia,Real Madrid,2016-17,R16,Atletico Madrid,65,Right Foot,Home ,1
Robert Lewandowski,Poland,Borussia Dortmund,2012-13,Round of 16,Benfica,48,Free Kick,Away,1
Riyad Mahrez,Algeria,Manchester City,2013-14,Semi-final,Barcelona,40',right foot,Home,1
Karim Benzema,France,Real Madrid,2014-15,GROUP STAGE,Real Madrid,26,Right Foot, Away,1
Paulo Dybala,Argentina,Juventus,2011-12,Group stage,Bayern Munich,52,Right Foot,AWAY,1
Neymar Jr,Brazil,Barcelona,2010-11,R16,Inter Milan,23,Right Foot,Away,3
Joshua Kimmich,Germany,Bayern Munich,2023-24,GROUP STAGE,AC Milan,60,Header,Home,1
Kylian Mbappe,France,Real Madrid,2017-18,R16,Porto,4,PENALTY, Away,2
Victor Osimhen,Nigeria,Napoli,2020-21,Group stage,Liverpool,4,Left Foot,home,2
Kevin De Bruyne,Belgium,Manchester City,2012-13,Final,Benfica,32,Header,AWAY,1
Fernando Torres,Spain,Chelsea,2013-14,GROUP STAGE,Tottenham Hotspur,64,header,home,1
Wayne Rooney,England,Manchester United,2020-21,Group Stage,Paris Saint-Germain,2,Left Foot,Home ,3
Lionel Messi,Argentina,Paris Saint-Germain,2012-13,Group Stage,Juventus,15,Left Foot, Away,1
Ousmane Dembele,France,Barcelona  ,2017-18,Quarter-final,Borussia Dortmund,38,Header,AWAY,3
Neymar Jr,Brazil,Barcelona,2023-24,Group stage,Sevilla,64,Right Foot, Away,1
Erling Haaland,Norway,Borussia Dortmund,2012-13,Group Stage,Paris Saint-Germain,38,Right Foot,Home ,1
Raul Gonzalez,Spain,Real Madrid,2010-11,Group Stage,Sevilla,96,Header,Home,3
Sadio Mane,Senegal,Liverpool,2013-14,Final,Inter Milan,57,PENALTY,home,1
luis suarez,Uruguay,Atletico Madrid,2014-15,Quarter-final,Bayern Munich,16,Header,Away,2
Antoine Griezmann,France,Atletico Madrid,2018-19,GROUP STAGE,Real Madrid,48,Header,home,1
Jude Bellingham,England,Real Madrid,2016-17,Quarter-final,Real Madrid,78,PENALTY,Away,1
Wayne Rooney,England,Manchester United,2022-23,R16,Juventus,68,right foot,Home ,1
Julian Alvarez,Argentina,Manchester City,2014-15,Final,AC Milan,50,header, Away,1
Fernando Torres,Spain,Liverpool,2019-20,Final,,86,PENALTY, Away,1
  TONI KROOS  ,Germany,Real Madrid,2013-14,Group Stage,,17,Header,Away,2
Sergio Aguero,Argentina,Manchester City,2013-14,Group stage,Borussia Dortmund,1,Penalty,Home,2
Filippo Inzaghi,Italy,AC Milan  ,2013-14,Round of 16,Benfica,56,Left Foot,AWAY,2
Luis Suarez,Uruguay,Atletico Madrid,2021-22,R16,Sevilla,68,PENALTY,AWAY,1
Victor Osimhen,Nigeria,Napoli,2023-24,Round of 16,Inter Milan,70,PENALTY,home,2
Bukayo Saka,England,Arsenal,2017-18,Round of 16,Atletico Madrid,18,Free Kick,Home,1
Alessandro Del Piero,Italy,Juventus,2013-14,Group Stage,Borussia Dortmund,16,Right Foot,Home ,1
Lionel Messi,Argentina,Barcelona,2021-22,Quarter-final,Benfica,38,PENALTY,Home,1
Harry Kane,England,Bayern Munich  ,2020-21,GROUP STAGE,Tottenham Hotspur,63,Free Kick,Away,1
Lionel Messi,Argentina,Barcelona,2010-11,Final,Manchester United,52',PENALTY,AWAY,1
Alfredo Di Stefano,Argentina,Real Madrid,2022-23,Group stage,Atletico Madrid,37,PENALTY,Home ,2
Ruud van Nistelrooy,Netherlands,Real Madrid,2010-11,Semi-final,Chelsea,75,Penalty,home,1
Alessandro Del Piero,Italy,Juventus,2013-14,Quarter-final,Manchester City,24,PENALTY, Away,1
Thomas Muller,Germany,Bayern Munich,2013-14,Round of 16,Tottenham Hotspur,61,Right Foot,Home ,1
kevin de bruyne,Belgium,Manchester City,2014-15,Quarter-final,Barcelona,28,Right Foot,home,2
Cristiano Ronaldo,Portugal,Real Madrid,2015-16,Semi-final,Inter Milan,96,Penalty,home,1
Toni Kroos,Germany,Real Madrid,2010-11,Group Stage,Benfica,54,Left Foot,Away,1
Robert Lewandowski,Poland,Bayern Munich,2014-15,R16,,94,right foot,AWAY,1
Bernardo Silva,Portugal,Manchester City,2011-12,Group stage,Ajax,68,Penalty,Away,1
Zlatan Ibrahimovic,Sweden,Paris Saint-Germain,2014-15,R16,Barcelona,36,Left Foot, Away,2
Riyad Mahrez,Algeria,Manchester City,2015-16,Final,Bayern Munich,56,Header,Away,1
Luis Suarez,Uruguay,Atletico Madrid,2015-16,GROUP STAGE,Real Madrid,40,Header,AWAY,1
Gareth Bale,Wales,Real Madrid,2013-14,Quarter-final,Barcelona,36,Free Kick, Away,2
Thomas Muller,Germany,Bayern Munich,2013-14,Semi-final,Arsenal,34,Penalty,home,1
Alessandro Del Piero,Italy,Juventus,2022-23,Quarter-final,Liverpool,28,PENALTY,Away,3
Raul Gonzalez,Spain,Real Madrid,2012-13,Group stage,,30,Header,AWAY,3
Thomas Muller,Germany,Bayern Munich,2018-19,R16,,47,Header,AWAY,1
Jude Bellingham,England,Real Madrid,2022-23,GROUP STAGE,Tottenham Hotspur,55,Free Kick,Home,2
Wayne Rooney,England,Manchester United,2022-23,Group stage,Paris Saint-Germain,52,Left Foot,Home ,1
Vinicius Junior,Brazil,Real Madrid,2017-18,R16,Atletico Madrid,27,Header, Away,1
Karim Benzema,France,Real Madrid,2018-19,Semi-final,Porto,72,right foot, Away,2
Kevin De Bruyne,Belgium,Manchester City,2010-11,Round of 16,Barcelona,93,header,Away,1
Cristiano Ronaldo,Portugal,Manchester United,2014-15,R16,Real Madrid,4,Left Foot,Home,2
Mohamed Salah,Egypt,Liverpool,2012-13,R16,Juventus,9,PENALTY,Home ,2
Joshua Kimmich,Germany,Bayern Munich,2013-14,Final,Manchester United,27,header,home,2
Zlatan Ibrahimovic,Sweden,Paris Saint-Germain,2010-11,GROUP STAGE,Benfica,47,Penalty,AWAY,1
Bernardo Silva,Portugal,Manchester City,2017-18,Group stage,Atletico Madrid,25,Penalty,Home ,1
Filippo Inzaghi,,AC Milan,2010-11,Round of 16,Borussia Dortmund,17,PENALTY, Away,1
Mohamed Salah,Egypt,Liverpool,2020-21,R16,Ajax,60,Free Kick,AWAY,2
Fernando Torres,Spain,Liverpool,2011-12,Final,Arsenal,94,header,Home ,2
Wayne Rooney,England,Manchester United,2021-22,GROUP STAGE,Benfica,47,right foot, Away,1
  MEMPHIS DEPAY  ,Netherlands,Barcelona,2011-12,Final,Napoli,35,PENALTY,Home ,1
Kylian Mbappe,France,Real Madrid,2013-14,GROUP STAGE,Manchester City,32,Left Foot,Home,1
Kevin De Bruyne,Belgium,Manchester City,2015-16,Semi-final,Juventus,3,Right Foot, Away,1
Kevin De Bruyne,Belgium,Manchester City,2016-17,GROUP STAGE,Porto,51,right foot,AWAY,1
Memphis Depay,Netherlands,Barcelona,2016-17,Group Stage,Tottenham Hotspur,11,PENALTY,Away,1
Ruud van Nistelrooy,Netherlands,Manchester United,2010-11,Final,Napoli,40,Left Foot, Away,2
Joshua Kimmich,Germany,Bayern Munich,2022-23,Round of 16,Tottenham Hotspur,69,Right Foot, Away,2
Edinson Cavani,Uruguay,Paris Saint-Germain,2012-13,Final,Manchester City,4,Left Foot,Away,3
Didier Drogba,Ivory Coast,Chelsea,2014-15,Group Stage,Real Madrid,12,PENALTY,home,1
Thomas Muller,Germany,Bayern Munich,2013-14,Quarter-final,Liverpool,35,right foot,AWAY,3
Didier Drogba,Ivory Coast,Chelsea,2016-17,Quarter-final,Paris Saint-Germain,82,Header,AWAY,2
Didier Drogba,Ivory Coast,Chelsea,2013-14,Semi-final,Manchester United,32,right foot,Away,1
Filippo Inzaghi,Italy,AC Milan,2019-20,Group Stage,Porto,60',Free Kick, Away,1
Bernardo Silva,Portugal,Manchester City,2013-14,Group Stage,AC Milan,9,Header,Home,2
Robert Lewandowski,Poland,Borussia Dortmund,2014-15,Round of 16,Inter Milan,14,PENALTY,Home,2
Fernando Torres,Spain,Liverpool,2023-24,Final,Manchester City,59,Header,Home ,1
Mohamed Salah,Egypt,Liverpool,2014-15,Quarter-final,Bayern Munich,29,right foot,AWAY,1
Joshua Kimmich,Germany,Bayern Munich,2013-14,Group Stage,Barcelona,37,Free Kick, Away,1
Mohamed Salah,Egypt,Liverpool,2015-16,Quarter-final,Manchester City,42,Right Foot,Home,2
Karim Benzema,France,Real Madrid,2010-11,R16,AC Milan,15,PENALTY,Away,2
Cristiano Ronaldo,Portugal,Real Madrid,2022-23,R16,Porto,64,Right Foot,AWAY,2
Ousmane Dembele,France,Paris Saint-Germain,2010-11,Final,Arsenal,32,Header, Away,3
Sergio Aguero,Argentina,Manchester City,2018-19,Group stage,Liverpool,57,Right Foot,Home ,1
Zlatan Ibrahimovic,Sweden,Paris Saint-Germain,2017-18,Round of 16,Bayern Munich,87,Left Foot,home,1
Riyad Mahrez,Algeria,Manchester City  ,2021-22,GROUP STAGE,,89,Left Foot,Away,2
Ruud van Nistelrooy,Netherlands,Real Madrid,2022-23,Group stage,AC Milan,79,right foot,AWAY,2
Luis Suarez,Uruguay,Atletico Madrid,2013-14,Group stage,Arsenal,69,Right Foot, Away,2
Kylian Mbappe,France,Paris Saint-Germain,2010-11,R16,Bayern Munich,92,PENALTY,Home,2
Paulo Dybala,Argentina,Juventus,2021-22,Round of 16,,46,Left Foot,home,1
Zlatan Ibrahimovic,Sweden,Paris Saint-Germain,2015-16,GROUP STAGE,,2,Penalty,Home,2
Wayne Rooney,England,Manchester United,2017-18,Quarter-final,Porto,28,Header,home,1
Andriy Shevchenko,Ukraine,AC Milan,2010-11,Group stage,Manchester United,38,Header,Away,1
Robert Lewandowski,Poland,Barcelona,2015-16,Final,Sevilla,65,Left Foot,home,1
Luis Suarez,Uruguay,Barcelona  ,2020-21,Round of 16,Manchester United,30,Left Foot,Home,1
Robert Lewandowski,Poland,Borussia Dortmund,2018-19,Final,Chelsea,3,Free Kick, Away,1
Riyad Mahrez,Algeria,Manchester City,2013-14,GROUP STAGE,Porto,33,right foot,Home ,2
Joshua Kimmich,Germany,Bayern Munich,2023-24,Round of 16,Manchester City,19,Right Foot,AWAY,3
Victor Osimhen,Nigeria,Napoli,2020-21,Quarter-final,Paris Saint-Germain,69,header,home,2
Robert Lewandowski,Poland,Borussia Dortmund,2023-24,GROUP STAGE,AC Milan,91,Free Kick,Away,1
Filippo Inzaghi,Italy,AC Milan,2014-15,Final,Borussia Dortmund,3,Right Foot,Home ,1
Didier Drogba,Ivory Coast,Chelsea,2021-22,Group Stage,Paris Saint-Germain,18,Left Foot, Away,3
Kylian Mbappe,France,Paris Saint-Germain,2021-22,R16,Ajax,43,PENALTY,home,2
Paulo Dybala,Argentina,Juventus,2019-20,Group stage,Ajax,35,Left Foot,Home ,1
Sadio Mane,Senegal,Liverpool,2015-16,Round of 16,Paris Saint-Germain,76,Right Foot,Home ,1
Mohamed Salah,Egypt,Liverpool,2023-24,Group stage,,60,PENALTY,home,1
alfredo di stefano,Argentina,Real Madrid,2018-19,Semi-final,Napoli,64,Right Foot, Away,1
Harry Kane,England,Bayern Munich,2019-20,Group stage,Liverpool,46,Header, Away,1
Kevin De Bruyne,Belgium,Manchester City,2017-18,Round of 16,Napoli,91,header,Home ,2
Ruud van Nistelrooy,Netherlands,Manchester United,2013-14,R16,Juventus,,Right Foot,Home,2
Wayne Rooney,England,Manchester United,2014-15,Group Stage,Juventus,34,right foot, Away,1
Lionel Messi,Argentina,Barcelona,2022-23,Final,Arsenal,60,header,Home ,1
Vinicius Junior,Brazil,Real Madrid,2015-16,Final,Bayern Munich,78,Penalty, Away,1
Vinicius Junior,Brazil,Real Madrid,2016-17,Group Stage,Atletico Madrid,86,Left Foot,Away,1
Andriy Shevchenko,Ukraine,Chelsea,2015-16,Round of 16,Borussia Dortmund,51,Header,Home,2
Toni Kroos,Germany,Real Madrid,2010-11,Quarter-final,Sevilla,19,Penalty,Home,1
Toni Kroos,Germany,Real Madrid  ,2010-11,Group stage,,29,Free Kick,home,1
Vinicius Junior,Brazil,Real Madrid,2019-20,GROUP STAGE,Benfica,25,Penalty,Home,3
Jude Bellingham,England,Real Madrid,2017-18,GROUP STAGE,Juventus,30,Header,Home ,3
Wayne Rooney,England,Manchester United,2012-13,Quarter-final,AC Milan,74,Penalty,Home,3
Harry Kane,England,Tottenham Hotspur,2017-18,GROUP STAGE,,90,Penalty,AWAY,1
Sadio Mane,Senegal,Bayern Munich,2022-23,Group Stage,Bayern Munich,73,header, Away,1
Kevin De Bruyne,Belgium,Manchester City,2018-19,Round of 16,Manchester City,92,right foot,Home ,3
Robert Lewandowski,Poland,Borussia Dortmund,2011-12,Semi-final,Sevilla,1,PENALTY,Home,1
Julian Alvarez,Argentina,Manchester City  ,2018-19,Final,Atletico Madrid,19,right foot,Home ,2
Bukayo Saka,England,Arsenal,2020-21,R16,Bayern Munich,7,Penalty, Away,3
Didier Drogba,Ivory Coast,Chelsea,2021-22,Quarter-final,Manchester United,92,Left Foot,Home,2
Filippo Inzaghi,Italy,AC Milan,2012-13,Final,Sevilla,32',PENALTY,Away,1
Gareth Bale,Wales,Real Madrid,2015-16,Final,Arsenal,42,Header,Away,3
Cristiano Ronaldo,Portugal,Real Madrid,2013-14,Final,Liverpool,63,Free Kick,Home,1
Neymar Jr,Brazil,Paris Saint-Germain,2019-20,Quarter-final,Manchester City,57',Header,Home ,3
Kylian Mbappe,France,Paris Saint-Germain,2010-11,Group Stage,Liverpool,78,Header,Home ,1
Toni Kroos,Germany,Real Madrid,2017-18,Group stage,Sevilla,49,Free Kick,home,2
Lionel Messi,Argentina,Barcelona,2023-24,Final,Chelsea,19,Header,AWAY,3
Cristiano Ronaldo,Portugal,Manchester United,2011-12,Quarter-final,Paris Saint-Germain,2,header,Away,1
Thomas Muller,Germany,Bayern Munich,2016-17,Round of 16,Inter Milan,20,Penalty,AWAY,1
  JOSHUA KIMMICH  ,Germany,Bayern Munich,2022-23,Final,Barcelona,30,Left Foot,Home,1
Luis Suarez,Uruguay,Atletico Madrid,2015-16,Final,Liverpool,14,Header,Home,1
Robert Lewandowski,Poland,Borussia Dortmund,2012-13,GROUP STAGE,Porto,42,Right Foot,Home ,1
Thomas Muller,Germany,Bayern Munich,2012-13,R16,Liverpool,21,Right Foot,Home,2
Andriy Shevchenko,Ukraine,AC Milan,2016-17,Round of 16,,39,PENALTY,Home,2
Karim Benzema,France,Real Madrid,2014-15,Semi-final,Benfica,56,Free Kick,home,3
Luka Modric,Croatia,Real Madrid,2021-22,R16,,83,Penalty,Home ,2
  JULIAN ALVAREZ  ,Argentina,Manchester City,2022-23,R16,Paris Saint-Germain,,Penalty,home,1
Erling Haaland,Norway,Borussia Dortmund,2019-20,Quarter-final,Benfica,63,Left Foot,Away,1
Cristiano Ronaldo,Portugal,Juventus,2018-19,Quarter-final,Borussia Dortmund,43,right foot, Away,2
Raul Gonzalez,Spain,Real Madrid,2022-23,Group stage,Paris Saint-Germain,78,Right Foot,Away,1
Joshua Kimmich,Germany,Bayern Munich,2010-11,Semi-final,Manchester United,76,Right Foot,Home ,1
Lionel Messi,Argentina,Paris Saint-Germain,2013-14,Quarter-final,Bayern Munich,22,Penalty,AWAY,2
Paulo Dybala,Argentina,Juventus,2011-12,Semi-final,Sevilla,76,header, Away,3
  PAULO DYBALA  ,Argentina,Juventus  ,2022-23,Semi-final,Bayern Munich,94,Penalty,Away,1
Cristiano Ronaldo,Portugal,Manchester United,2021-22,Group stage,Manchester United,17,header,Home,1
Jude Bellingham,England,Real Madrid,2010-11,GROUP STAGE,AC Milan,68,Left Foot,Home,2
Riyad Mahrez,Algeria,Manchester City,2013-14,Group Stage,AC Milan,27,right foot,Home,3
Toni Kroos,Germany,Real Madrid,2010-11,Semi-final,Manchester City,53',Left Foot,AWAY,1
Julian Alvarez,Argentina,Manchester City,2013-14,R16,,92,Penalty,Home ,2
Ruud van Nistelrooy,Netherlands,Manchester United,2016-17,Semi-final,Barcelona,27,Right Foot, Away,1
Alfredo Di Stefano,Argentina,Real Madrid,2012-13,GROUP STAGE,Liverpool,59,PENALTY,Home ,1
Sergio Aguero,Argentina,Manchester City,2012-13,R16,Manchester United,64,right foot,Away,1
Wayne Rooney,England,Manchester United,2020-21,Group stage,Benfica,50',PENALTY, Away,1
Sadio Mane,Senegal,Bayern Munich,2023-24,Semi-final,Liverpool,75,Free Kick,Home,2
  JULIAN ALVAREZ  ,Argentina,Manchester City,2021-22,Semi-final,Manchester United,60,Left Foot,AWAY,1
Thomas Muller,Germany,Bayern Munich,2018-19,GROUP STAGE,Benfica,78,PENALTY,Home,1
Alfredo Di Stefano,Argentina,Real Madrid,2023-24,Final,Barcelona,41,Header,AWAY,3
andriy shevchenko,Ukraine,Chelsea,2012-13,Group stage,Atletico Madrid,59,Left Foot,Away,1
Sergio Aguero,Argentina,Manchester City,2016-17,Group Stage,Napoli,95,right foot, Away,1
Raul Gonzalez,Spain,Real Madrid,2011-12,R16,Napoli,42,Penalty,home,3
Gareth Bale,Wales,Real Madrid,2013-14,Semi-final,Bayern Munich,94,Header,Away,2
Edinson Cavani,Uruguay,Paris Saint-Germain,2018-19,Semi-final,Benfica,14,Free Kick, Away,3
Filippo Inzaghi,Italy,AC Milan,2015-16,Group stage,Ajax,12,right foot, Away,1
Riyad Mahrez,Algeria,Manchester City,2014-15,Quarter-final,Barcelona,53,Left Foot,Home ,2
Lionel Messi,Argentina,Paris Saint-Germain,2012-13,GROUP STAGE,Arsenal,82,Left Foot,AWAY,1
Mohamed Salah,Egypt,Liverpool,2013-14,Group Stage,Chelsea,59,Right Foot,home,1
Neymar Jr,Brazil,Barcelona,2012-13,R16,Sevilla,60,header, Away,2
Paulo Dybala,Argentina,Juventus,2019-20,GROUP STAGE,Porto,82,Left Foot,Home ,2
Erling Haaland,Norway,Manchester City,2019-20,Round of 16,Real Madrid,,PENALTY,home,1
ousmane dembele,France,Paris Saint-Germain,2016-17,R16,AC Milan,14,right foot,home,1
Fernando Torres,Spain,Liverpool,2013-14,Round of 16,AC Milan,94,Header,home,1
Alfredo Di Stefano,Argentina,Real Madrid,2015-16,Group stage,Barcelona,57,Free Kick, Away,1
Mohamed Salah,Egypt,Liverpool,2021-22,R16,Benfica,37,header, Away,2
Lionel Messi,,Paris Saint-Germain,2012-13,Group Stage,,54,PENALTY,Home ,1
Vinicius Junior,Brazil,Real Madrid,2016-17,Round of 16,Paris Saint-Germain,68,PENALTY,Home ,1
Julian Alvarez,Argentina,Manchester City,2020-21,Semi-final,Barcelona,55,Free Kick,Away,3
Wayne Rooney,England,Manchester United,2017-18,GROUP STAGE,Manchester City,25,Free Kick, Away,1
Riyad Mahrez,Algeria,Manchester City,2016-17,Round of 16,Barcelona,61,header, Away,3
Kylian Mbappe,France,Paris Saint-Germain,2012-13,Round of 16,Manchester United,9',Free Kick,AWAY,1
Cristiano Ronaldo,Portugal,Real Madrid,2010-11,GROUP STAGE,AC Milan,46,Header,AWAY,1
Edinson Cavani,Uruguay,Paris Saint-Germain,2012-13,Group Stage,Porto,,PENALTY,Home,1
Bernardo Silva,Portugal,Manchester City,2021-22,Final,Barcelona,43,Penalty,Home ,1
Alfredo Di Stefano,Argentina,Real Madrid,2014-15,Group stage,Arsenal,16,Right Foot,AWAY,1
Vinicius Junior,Brazil,Real Madrid,2011-12,GROUP STAGE,Real Madrid,72,Penalty, Away,1
Julian Alvarez,Argentina,Manchester City,2011-12,Quarter-final,Arsenal,57,header,Home,1
Karim Benzema,France,Real Madrid,2010-11,GROUP STAGE,Juventus,94,right foot,Home,1
Luis Suarez,Uruguay,Atletico Madrid,2011-12,Group stage,Ajax,88,Header,Home ,1
Robert Lewandowski,Poland,Barcelona,2016-17,R16,AC Milan,25,Penalty, Away,1
Ousmane Dembele,France,Barcelona,2022-23,Group Stage,Sevilla,40,right foot,AWAY,2
joshua kimmich,Germany,Bayern Munich,2014-15,Round of 16,Manchester United,28,Penalty,home,3
Wayne Rooney,England,Manchester United,2017-18,GROUP STAGE,Sevilla,45,PENALTY,home,1
Toni Kroos,Germany,Real Madrid,2020-21,Final,Arsenal,24,Right Foot,Home,1
Thomas Muller,Germany,Bayern Munich,2016-17,Round of 16,,42,header,Away,1
Raul Gonzalez,Spain,Real Madrid,2011-12,GROUP STAGE,Barcelona,93,Free Kick,Home,2
Paulo Dybala,Argentina,Juventus,2013-14,Quarter-final,Barcelona,39,PENALTY,AWAY,3
Neymar Jr,Brazil,Paris Saint-Germain,2016-17,Quarter-final,Juventus,69,header,Away,1
Gareth Bale,Wales,Real Madrid,2015-16,Group Stage,Sevilla,83,Free Kick,home,3
Lionel Messi,Argentina,Paris Saint-Germain,2013-14,Group stage,Paris Saint-Germain,53,PENALTY,Home,1
Filippo Inzaghi,Italy,AC Milan,2016-17,Group stage,Manchester City,38,header,Away,1
Luis Suarez,Uruguay,Atletico Madrid,2013-14,GROUP STAGE,Barcelona,,PENALTY,Away,3
Sergio Aguero,Argentina,Manchester City,2020-21,Group Stage,Bayern Munich,47,Penalty, Away,1
Zlatan Ibrahimovic,Sweden,Inter Milan,2010-11,R16,Benfica,26,Free Kick,Away,3
Neymar Jr,Brazil,Barcelona,2022-23,Group Stage,Benfica,26,right foot,Home ,3
Raul Gonzalez,Spain,Real Madrid,2019-20,Group stage,Liverpool,4',Penalty,home,2
Neymar Jr,Brazil,Barcelona,2020-21,Final,Napoli,,PENALTY, Away,3
Luis Suarez,Uruguay,Atletico Madrid,2017-18,Semi-final,Porto,67,header,home,1
Ousmane Dembele,France,Barcelona,2020-21,GROUP STAGE,Borussia Dortmund,66,right foot,Home,1
Alfredo Di Stefano,Argentina,Real Madrid,2019-20,Final,Juventus,,Free Kick, Away,1
Filippo Inzaghi,Italy,AC Milan,2014-15,Group Stage,Arsenal,78,Penalty,home,2
Riyad Mahrez,Algeria,Manchester City,2021-22,Group Stage,Manchester United,88,right foot,Home ,1
Ousmane Dembele,France,Barcelona,2023-24,Group Stage,Tottenham Hotspur,23,Header,Home,2
Kevin De Bruyne,Belgium,Manchester City,2018-19,Round of 16,Napoli,34,Header,Home ,3
Riyad Mahrez,Algeria,Manchester City,2020-21,Final,Barcelona,43,Header, Away,1
Kylian Mbappe,France,Real Madrid,2015-16,R16,Borussia Dortmund,80,Right Foot,home,1
victor osimhen,Nigeria,Napoli,2021-22,Quarter-final,Atletico Madrid,81,PENALTY,Home,1
Kylian Mbappe,France,Paris Saint-Germain,2010-11,Semi-final,Bayern Munich,,PENALTY,AWAY,2
Bernardo Silva,Portugal,Manchester City,2020-21,Group Stage,Real Madrid,93,header,Home,3
Zlatan Ibrahimovic,Sweden,Barcelona,2012-13,GROUP STAGE,Manchester City,70,Free Kick, Away,1
Bernardo Silva,Portugal,Manchester City,2015-16,Group stage,Atletico Madrid,53,Header,Home ,1
Lionel Messi,Argentina,Paris Saint-Germain,2019-20,Semi-final,Barcelona,33,Free Kick,Away,1
Vinicius Junior,Brazil,Real Madrid,2013-14,Semi-final,Ajax,95',Header,AWAY,3
Memphis Depay,Netherlands,Barcelona,2011-12,Quarter-final,Tottenham Hotspur,91,right foot,AWAY,2
Edinson Cavani,Uruguay,Paris Saint-Germain,2016-17,Semi-final,Arsenal,33,Right Foot, Away,1
Sergio Aguero,Argentina,Manchester City  ,2019-20,Group Stage,Tottenham Hotspur,10,Penalty, Away,1
Neymar Jr,Brazil,Paris Saint-Germain  ,2023-24,Group stage,Real Madrid,60,PENALTY, Away,3
Lionel Messi,Argentina,Paris Saint-Germain,2015-16,R16,Chelsea,27,header,Home,2
Riyad Mahrez,Algeria,Manchester City,2014-15,Round of 16,Atletico Madrid,77,right foot, Away,2
Kevin De Bruyne,,Manchester City,2022-23,R16,Liverpool,80,Penalty, Away,1
Robert Lewandowski,Poland,Bayern Munich,2016-17,Round of 16,Real Madrid,85,right foot,home,1
  JUDE BELLINGHAM  ,England,Real Madrid,2012-13,Semi-final,Arsenal,67,header,Away,1
kylian mbappe,France,Paris Saint-Germain,2010-11,R16,Real Madrid,78,Header,Away,1
Didier Drogba,Ivory Coast,Chelsea,2012-13,Group stage,Atletico Madrid,33,Header,Home,2
Sadio Mane,Senegal,Bayern Munich,2012-13,Quarter-final,Paris Saint-Germain,16,Right Foot,home,3
Ousmane Dembele,France,Paris Saint-Germain,2021-22,Final,Borussia Dortmund,34,Right Foot,home,2
Toni Kroos,Germany,Real Madrid,2023-24,Semi-final,Chelsea,86,Free Kick,Home ,3
Karim Benzema,France,Real Madrid,2018-19,Group Stage,Barcelona,94,Left Foot,home,1
Fernando Torres,Spain,Chelsea,2022-23,Semi-final,Arsenal,40,Right Foot,home,2
Edinson Cavani,Uruguay,Paris Saint-Germain,2014-15,Group stage,Barcelona,89,PENALTY,home,1
Toni Kroos,Germany,Real Madrid,2019-20,Semi-final,Juventus,32,right foot,Home,1
Luka Modric,Croatia,Real Madrid,2020-21,Round of 16,Real Madrid,59,header, Away,1
Alfredo Di Stefano,Argentina,Real Madrid,2018-19,Group stage,Real Madrid,54,Free Kick,Home ,1
Harry Kane,England,Bayern Munich,2010-11,Semi-final,Chelsea,74,PENALTY,home,2
Kylian Mbappe,France,Paris Saint-Germain,2017-18,Group Stage,AC Milan,41',Left Foot,Home ,3
Filippo Inzaghi,Italy,AC Milan,2018-19,GROUP STAGE,Sevilla,96,Left Foot, Away,1
Alfredo Di Stefano,Argentina,Real Madrid,2011-12,Quarter-final,Arsenal,41,Header,Home ,2
Sadio Mane,Senegal,Bayern Munich,2016-17,Group stage,,18,Penalty,home,1
Julian Alvarez,Argentina,Manchester City,2010-11,Semi-final,Bayern Munich,54,PENALTY,Home ,3
Alessandro Del Piero,Italy,Juventus,2019-20,Quarter-final,Barcelona,17,Right Foot,home,1
Victor Osimhen,Nigeria,Napoli,2012-13,Round of 16,Manchester City,14,Right Foot,Away,1
Karim Benzema,France,Real Madrid,2016-17,Quarter-final,Liverpool,38,Left Foot,Away,2
Sergio Aguero,Argentina,Manchester City  ,2023-24,Quarter-final,Tottenham Hotspur,54,Right Foot,home,1
Julian Alvarez,Argentina,Manchester City,2010-11,R16,Porto,37,Right Foot,Home,1
Zlatan Ibrahimovic,Sweden,AC Milan,2018-19,Group Stage,,86,PENALTY,AWAY,2
Wayne Rooney,England,Manchester United,2013-14,Group stage,AC Milan,88,right foot, Away,3
Ousmane Dembele,France,Paris Saint-Germain,2022-23,Round of 16,Arsenal,94,PENALTY,Home,2
Ruud van Nistelrooy,Netherlands,Manchester United,2018-19,Group Stage,Real Madrid,23,PENALTY,Away,3
Zlatan Ibrahimovic,Sweden,Paris Saint-Germain,2012-13,R16,Inter Milan,6,PENALTY,AWAY,2
Bukayo Saka,England,Arsenal,2010-11,Semi-final,Benfica,16,Penalty,AWAY,1
Mohamed Salah,Egypt,Liverpool,2017-18,Quarter-final,Liverpool,88,Left Foot,Away,2
Gareth Bale,Wales,Real Madrid,2017-18,Final,Borussia Dortmund,66,Left Foot,AWAY,1
Paulo Dybala,Argentina,Juventus,2018-19,R16,AC Milan,9,Header,AWAY,2
Didier Drogba,Ivory Coast,Chelsea,2019-20,GROUP STAGE,Sevilla,24,Header,AWAY,2
Thomas Muller,Germany,Bayern Munich,2019-20,Round of 16,Manchester City,76,Penalty,Home ,2
Jude Bellingham,England,Real Madrid  ,2010-11,R16,Paris Saint-Germain,33,PENALTY,home,3
Wayne Rooney,England,Manchester United,2011-12,GROUP STAGE,Inter Milan,51,right foot,Away,1
Riyad Mahrez,Algeria,Manchester City,2012-13,Semi-final,Sevilla,85,Header,Home,1
Karim Benzema,France,Real Madrid,2012-13,GROUP STAGE,Ajax,86,Right Foot,AWAY,1
Robert Lewandowski,Poland,Bayern Munich,2020-21,Group Stage,Benfica,90,Header,home,1
Sergio Aguero,Argentina,Manchester City,2022-23,Quarter-final,Paris Saint-Germain,13,Left Foot,home,1
Andriy Shevchenko,Ukraine,AC Milan,2010-11,GROUP STAGE,Sevilla,14,Penalty,Away,2
Neymar Jr,Brazil,Barcelona,2010-11,Final,Juventus,45,Penalty,Away,1
Memphis Depay,Netherlands,Barcelona,2022-23,Group stage,Porto,4,Free Kick,AWAY,1
Victor Osimhen,Nigeria,Napoli,2011-12,Group Stage,Liverpool,15,Header, Away,3
Kylian Mbappe,France,Real Madrid,2014-15,Final,Arsenal,46,header,AWAY,1
Antoine Griezmann,France,Atletico Madrid,2017-18,Group Stage,Ajax,29,Penalty,Home,1
Neymar Jr,Brazil,Paris Saint-Germain,2012-13,Group Stage,Barcelona,68,right foot,Home ,1
Julian Alvarez,Argentina,Manchester City,2013-14,Final,Arsenal,55,Left Foot,AWAY,2
Harry Kane,England,Tottenham Hotspur,2019-20,Group stage,Manchester United,95,Left Foot,AWAY,1
  SADIO MANE  ,Senegal,Liverpool,2018-19,GROUP STAGE,Porto,46,right foot,AWAY,2
Bukayo Saka,England,Arsenal,2016-17,Group stage,Manchester City,82,header, Away,1
Luka Modric,Croatia,Real Madrid,2015-16,Group Stage,Porto,90,PENALTY,Away,3
  MEMPHIS DEPAY  ,Netherlands,Barcelona  ,2020-21,R16,Napoli,3,Right Foot,Home ,1
Andriy Shevchenko,Ukraine,AC Milan,2016-17,GROUP STAGE,AC Milan,10,right foot, Away,2
Alessandro Del Piero,Italy,Juventus,2011-12,Final,Barcelona,74,right foot,home,1
Neymar Jr,Brazil,Barcelona,2011-12,Final,Borussia Dortmund,82,Penalty, Away,2
Gareth Bale,Wales,Real Madrid,2018-19,Final,Arsenal,64',Right Foot, Away,2
Toni Kroos,Germany,Real Madrid,2019-20,Semi-final,AC Milan,41,Penalty,AWAY,1
Ousmane Dembele,France,Barcelona,2016-17,Semi-final,Inter Milan,74,Header,AWAY,2
Ruud van Nistelrooy,Netherlands,Manchester United,2016-17,Round of 16,Napoli,96,right foot,Away,1
Joshua Kimmich,Germany,Bayern Munich,2019-20,Group stage,,72,right foot, Away,1
Bukayo Saka,England,Arsenal,2012-13,Group stage,Napoli,22,Header, Away,1
Mohamed Salah,Egypt,Liverpool,2020-21,Round of 16,Barcelona,54,PENALTY,Home ,1
Toni Kroos,Germany,Real Madrid,2023-24,Round of 16,Napoli,61,Right Foot, Away,1
Riyad Mahrez,Algeria,Manchester City,2015-16,Quarter-final,,11,Penalty,home,1
Andriy Shevchenko,Ukraine,Chelsea,2021-22,Quarter-final,Chelsea,83,PENALTY,Home ,1
Harry Kane,England,Tottenham Hotspur,2015-16,Group stage,Manchester United,70,Left Foot, Away,1
Karim Benzema,France,Real Madrid,2020-21,R16,Arsenal,77,Left Foot,AWAY,1
Joshua Kimmich,Germany,Bayern Munich,2013-14,Semi-final,Bayern Munich,51,header,home,2
Sergio Aguero,Argentina,Manchester City,2023-24,Group Stage,Napoli,27,header,AWAY,2
Vinicius Junior,Brazil,Real Madrid,2021-22,Round of 16,Arsenal,24,Header,AWAY,1
Luka Modric,Croatia,Real Madrid,2018-19,Semi-final,Sevilla,23,Left Foot, Away,3
Fernando Torres,Spain,Chelsea,2019-20,GROUP STAGE,Manchester United,42,Left Foot,AWAY,2
Ousmane Dembele,France,Barcelona,2010-11,Round of 16,Barcelona,24,Left Foot,Home ,2
Jude Bellingham,England,Real Madrid,2010-11,Round of 16,Chelsea,44,Penalty,home,1
Joshua Kimmich,Germany,Bayern Munich,2012-13,Group stage,Tottenham Hotspur,49,right foot,Away,1
Karim Benzema,France,Real Madrid,2022-23,Group Stage,Chelsea,86,Right Foot,Home,2
Victor Osimhen,Nigeria,Napoli,2021-22,Semi-final,Arsenal,,Header,home,2
Sergio Aguero,Argentina,Manchester City,2021-22,Final,Benfica,9,right foot,Home ,3
Thomas Muller,Germany,Bayern Munich,2023-24,Round of 16,Borussia Dortmund,72,PENALTY,home,1
Sergio Aguero,Argentina,Manchester City,2012-13,Group Stage,Barcelona,21,Left Foot,Home ,1
Fernando Torres,Spain,Chelsea,2021-22,Round of 16,Benfica,46,header,Home,2
Alessandro Del Piero,Italy,Juventus,2015-16,Final,Liverpool,14,Left Foot,home,1
Riyad Mahrez,Algeria,Manchester City,2023-24,GROUP STAGE,Ajax,57,right foot,Home ,1
Riyad Mahrez,Algeria,Manchester City,2019-20,Final,Real Madrid,5,PENALTY,Home,3
Wayne Rooney,England,Manchester United,2018-19,Semi-final,AC Milan,34,Penalty,AWAY,1
Edinson Cavani,Uruguay,Paris Saint-Germain,2014-15,Final,Porto,3,Right Foot,AWAY,1
Fernando Torres,Spain,Chelsea,2021-22,Quarter-final,Manchester United,26',right foot,AWAY,1
Joshua Kimmich,Germany,Bayern Munich,2016-17,Group Stage,Ajax,51,header,Home,3
Jude Bellingham,England,Real Madrid,2018-19,Group stage,Manchester United,51',Header,AWAY,2
Gareth Bale,Wales,Real Madrid,2011-12,GROUP STAGE,Sevilla,91,Free Kick,home,2
Edinson Cavani,Uruguay,Paris Saint-Germain,2023-24,Round of 16,Chelsea,25,Penalty,AWAY,3
Harry Kane,England,Bayern Munich,2021-22,Final,Manchester United,63,right foot,Home ,2
Cristiano Ronaldo,Portugal,Manchester United,2010-11,GROUP STAGE,Tottenham Hotspur,13,Left Foot, Away,1
Erling Haaland,Norway,Manchester City,2018-19,Round of 16,Napoli,37,Right Foot,Home ,3
Memphis Depay,Netherlands,Barcelona,2014-15,Final,Liverpool,39,header,AWAY,1
Jude Bellingham,England,Real Madrid,2017-18,Group stage,Napoli,34',right foot,home,2
Harry Kane,England,Tottenham Hotspur,2020-21,Semi-final,Chelsea,2,PENALTY,AWAY,2
Luis Suarez,Uruguay,Barcelona,2017-18,Group Stage,Chelsea,47,Header,AWAY,1
Wayne Rooney,England,Manchester United,2014-15,Round of 16,Tottenham Hotspur,95,right foot,Home,1
Erling Haaland,Norway,Manchester City,2023-24,Round of 16,Tottenham Hotspur,47,right foot,Home ,1
Erling Haaland,Norway,Manchester City,2010-11,Quarter-final,Barcelona,96,right foot,home,2
Sadio Mane,,Bayern Munich,2023-24,Semi-final,Sevilla,11,header,AWAY,1
Riyad Mahrez,Algeria,Manchester City,2021-22,Quarter-final,Real Madrid,23,right foot,AWAY,1
Antoine Griezmann,France,Atletico Madrid,2012-13,Group stage,Liverpool,50,Header,Home ,1
Ousmane Dembele,France,Paris Saint-Germain,2013-14,Semi-final,Inter Milan,,Penalty,Home,2
Memphis Depay,Netherlands,Barcelona,2012-13,Group Stage,AC Milan,,Penalty, Away,1
  JOSHUA KIMMICH  ,Germany,Bayern Munich,2011-12,Quarter-final,Barcelona,55,PENALTY, Away,1
Neymar Jr,Brazil,Barcelona,2019-20,GROUP STAGE,Manchester United,88,Left Foot,Away,2
Karim Benzema,France,Real Madrid,2020-21,Group stage,Real Madrid,58,Right Foot,Home ,2
Bernardo Silva,Portugal,Manchester City,2021-22,Quarter-final,Real Madrid,53,Free Kick,home,2
Harry Kane,England,Tottenham Hotspur,2018-19,GROUP STAGE,Manchester City,3,Header,Home ,1
Robert Lewandowski,Poland,Borussia Dortmund,2023-24,GROUP STAGE,AC Milan,91,Free Kick,Away,1
Zlatan Ibrahimovic,Sweden,Barcelona,2021-22,Group Stage,Juventus,15,Penalty,Away,1
Alessandro Del Piero,Italy,Juventus,2019-20,Group stage,AC Milan,29,Penalty,Home ,2
Bernardo Silva,Portugal,Manchester City,2013-14,Semi-final,Arsenal,63,header,AWAY,3
Luis Suarez,Uruguay,Atletico Madrid,2010-11,Quarter-final,Porto,81,PENALTY,Home ,1
Filippo Inzaghi,Italy,AC Milan,2011-12,Group Stage,Atletico Madrid,27,Header,AWAY,1
Paulo Dybala,Argentina,Juventus,2019-20,Group Stage,Tottenham Hotspur,44,Right Foot,AWAY,2
Didier Drogba,Ivory Coast,Chelsea,2017-18,Group Stage,Liverpool,82,PENALTY, Away,1
  SERGIO AGUERO  ,Argentina,Manchester City,2012-13,Quarter-final,Manchester City,7,right foot,AWAY,2
Wayne Rooney,England,Manchester United,2020-21,Semi-final,Manchester City,80,PENALTY,Away,1
Zlatan Ibrahimovic,Sweden,Inter Milan,2017-18,Group Stage,Juventus,59,Free Kick,home,1
Fernando Torres,Spain,Liverpool,2017-18,Round of 16,Borussia Dortmund,67,Header,AWAY,2
wayne rooney,England,Manchester United,2022-23,GROUP STAGE,,72,Right Foot,Home ,3
Wayne Rooney,England,Manchester United,2019-20,Semi-final,Barcelona,30,Right Foot,home,2
Kevin De Bruyne,Belgium,Manchester City,2018-19,R16,Manchester City,20,header, Away,1
Fernando Torres,Spain,Chelsea,2011-12,R16,Paris Saint-Germain,54,header,home,1
Luis Suarez,Uruguay,Atletico Madrid,2017-18,Semi-final,Sevilla,13,Free Kick, Away,1
Vinicius Junior,Brazil,Real Madrid,2019-20,Quarter-final,Chelsea,5,Left Foot, Away,1
Mohamed Salah,Egypt,Liverpool,2010-11,GROUP STAGE,Arsenal,,PENALTY,Home ,1
Robert Lewandowski,Poland,Bayern Munich,2014-15,Group Stage,Chelsea,64,Left Foot,AWAY,3
Jude Bellingham,England,Real Madrid,2022-23,Round of 16,Liverpool,,Left Foot,home,1
Edinson Cavani,Uruguay,Paris Saint-Germain,2019-20,Group stage,Barcelona,3,Header,Away,1
Karim Benzema,France,Real Madrid,2022-23,GROUP STAGE,Atletico Madrid,93,Right Foot,home,2
Robert Lewandowski,Poland,Barcelona,2010-11,Semi-final,Atletico Madrid,69,Left Foot,home,1
Gareth Bale,Wales,Real Madrid,2023-24,R16,Atletico Madrid,58,Header,Away,1
Toni Kroos,Germany,Real Madrid,2022-23,Final,Inter Milan,1,Free Kick, Away,3
Bukayo Saka,England,Arsenal,2013-14,Quarter-final,Chelsea,15,PENALTY,Away,1
Andriy Shevchenko,Ukraine,Chelsea,2020-21,Group stage,Chelsea,75,Header, Away,1
Ruud van Nistelrooy,Netherlands,Manchester United,2016-17,Round of 16,Borussia Dortmund,39,Right Foot,Away,1
Jude Bellingham,England,Real Madrid,2021-22,GROUP STAGE,Manchester City,38,Penalty, Away,3
Neymar Jr,Brazil,Barcelona,2019-20,GROUP STAGE,Bayern Munich,16,header,Away,1
Kevin De Bruyne,Belgium,Manchester City  ,2017-18,GROUP STAGE,Ajax,39,Right Foot,Away,1
Ruud van Nistelrooy,Netherlands,Manchester United,2013-14,Group Stage,Manchester City,64,Penalty,AWAY,1
Erling Haaland,Norway,Borussia Dortmund,2018-19,Quarter-final,Porto,54,Left Foot,Away,2
Victor Osimhen,Nigeria,Napoli,2012-13,Final,Real Madrid,90,Header,home,2
Bukayo Saka,England,Arsenal,2018-19,Quarter-final,Porto,93,header,Away,3
Neymar Jr,Brazil,Barcelona,2023-24,Group Stage,Liverpool,31,Left Foot,home,1
Alfredo Di Stefano,Argentina,Real Madrid,2017-18,Semi-final,Borussia Dortmund,64,Penalty,Home,2
Kylian Mbappe,France,Real Madrid,2015-16,Quarter-final,Inter Milan,55,Right Foot,Away,1
  MEMPHIS DEPAY  ,Netherlands,Barcelona,2012-13,Final,Bayern Munich,16,Penalty,Home ,2
Zlatan Ibrahimovic,Sweden,Paris Saint-Germain,2020-21,Quarter-final,Real Madrid,38,Right Foot,Home,2
Cristiano Ronaldo,Portugal,Manchester United,2022-23,Final,Juventus,75,Left Foot,AWAY,1
bukayo saka,England,Arsenal,2022-23,GROUP STAGE,Chelsea,64,Free Kick,Away,2
Luis Suarez,Uruguay,Barcelona,2020-21,Final,AC Milan,85,Left Foot,Away,1
Harry Kane,England,Bayern Munich,2017-18,Semi-final,Atletico Madrid,67,right foot,home,1
Riyad Mahrez,Algeria,Manchester City,2014-15,Round of 16,Porto,32,Header,Home ,2
Vinicius Junior,Brazil,Real Madrid,2012-13,GROUP STAGE,Paris Saint-Germain,52,Right Foot,home,3
Riyad Mahrez,Algeria,Manchester City,2022-23,R16,Bayern Munich,56,Penalty,Home ,2
riyad mahrez,Algeria,Manchester City,2013-14,Group Stage,Arsenal,5,header,Home,2
Luis Suarez,Uruguay,Barcelona,2015-16,Final,Paris Saint-Germain,59,Left Foot,home,1
Sadio Mane,Senegal,Liverpool,2010-11,Group Stage,,36,Penalty,AWAY,2
Ruud van Nistelrooy,Netherlands,Real Madrid,2023-24,Round of 16,,3,Left Foot,Away,1
Didier Drogba,Ivory Coast,Chelsea,2014-15,GROUP STAGE,Napoli,86,right foot,Away,1
Thomas Muller,Germany,Bayern Munich,2012-13,Round of 16,Atletico Madrid,51,PENALTY,Away,1
Julian Alvarez,Argentina,Manchester City,2011-12,Round of 16,Sevilla,54,Right Foot,AWAY,2
Vinicius Junior,Brazil,Real Madrid,2021-22,Round of 16,,41,right foot, Away,2
bukayo saka,England,Arsenal,2016-17,Group stage,Real Madrid,83,right foot,Away,1
Victor Osimhen,Nigeria,Napoli,2013-14,Final,Barcelona,54,right foot,Home ,1
  ROBERT LEWANDOWSKI  ,Poland,Borussia Dortmund,2014-15,Round of 16,Porto,73,Right Foot,Home ,1
Alfredo Di Stefano,Argentina,Real Madrid,2013-14,GROUP STAGE,Porto,43,header, Away,1
Luka Modric,Croatia,Real Madrid,2022-23,GROUP STAGE,Benfica,28,Header,Away,2
Erling Haaland,Norway,Manchester City,2022-23,Quarter-final,Napoli,62,PENALTY,AWAY,1
Gareth Bale,Wales,Real Madrid,2018-19,Group Stage,AC Milan,86',header, Away,2
Didier Drogba,Ivory Coast,Chelsea,2010-11,Group stage,Juventus,70,Right Foot,Home ,1
Riyad Mahrez,Algeria,Manchester City,2018-19,Round of 16,Napoli,90,right foot,AWAY,1
filippo inzaghi,Italy,AC Milan,2019-20,Quarter-final,AC Milan,30,header, Away,1
Harry Kane,England,Bayern Munich,2020-21,GROUP STAGE,Napoli,17,Left Foot,home,1
Antoine Griezmann,France,Atletico Madrid,2012-13,R16,Chelsea,16,header,home,1
Joshua Kimmich,Germany,Bayern Munich,2018-19,Group Stage,Ajax,85,Free Kick,Home,1
Fernando Torres,Spain,Chelsea,2017-18,Quarter-final,Sevilla,34,Header, Away,3
Alfredo Di Stefano,Argentina,Real Madrid,2020-21,Round of 16,Chelsea,5,Penalty, Away,1
Filippo Inzaghi,Italy,AC Milan,2019-20,Group stage,Juventus,24,header,home,1
Bernardo Silva,Portugal,Manchester City,2021-22,GROUP STAGE,,31,Free Kick, Away,1
Neymar Jr,Brazil,Paris Saint-Germain,2016-17,Quarter-final,Liverpool,74,PENALTY,AWAY,1
Ousmane Dembele,France,Barcelona,2011-12,GROUP STAGE,Manchester City,2,header,home,3
Gareth Bale,Wales,Real Madrid,2023-24,R16,Arsenal,33,PENALTY,AWAY,3
  LUKA MODRIC  ,Croatia,Real Madrid,2013-14,GROUP STAGE,,83',Left Foot, Away,1
  DIDIER DROGBA  ,Ivory Coast,Chelsea,2023-24,Round of 16,Tottenham Hotspur,43,Right Foot,Away,3
Thomas Muller,Germany,Bayern Munich,2020-21,Round of 16,Tottenham Hotspur,6,Penalty,Away,1
Alessandro Del Piero,Italy,Juventus,2013-14,Round of 16,Arsenal,67,Penalty,Home,1
Ousmane Dembele,France,Paris Saint-Germain,2017-18,Semi-final,Atletico Madrid,82,Header,Away,1
Antoine Griezmann,France,Atletico Madrid,2014-15,R16,Juventus,50,Header,home,3
Toni Kroos,Germany,Real Madrid,2017-18,Quarter-final,Tottenham Hotspur,70,Left Foot,AWAY,1
  THOMAS MULLER  ,Germany,Bayern Munich,2013-14,Group Stage,Ajax,59,PENALTY, Away,1
Ousmane Dembele,France,Barcelona,2020-21,Group stage,,67,Left Foot,AWAY,2
Filippo Inzaghi,Italy,AC Milan,2017-18,Final,Sevilla,18,Penalty,home,1
Riyad Mahrez,Algeria,Manchester City,2015-16,Group stage,Ajax,3,Free Kick,home,3
Lionel Messi,Argentina,Paris Saint-Germain,2022-23,Quarter-final,Real Madrid,39,Free Kick,Away,1
Bernardo Silva,Portugal,Manchester City,2018-19,R16,Tottenham Hotspur,41,Penalty,home,2
Kevin De Bruyne,Belgium,Manchester City,2015-16,Group stage,,27,Free Kick, Away,2
Alfredo Di Stefano,Argentina,Real Madrid,2011-12,Group Stage,Real Madrid,16,header,Home ,1
Kylian Mbappe,France,Paris Saint-Germain,2010-11,R16,Manchester United,56,Right Foot,Away,1
Alfredo Di Stefano,Argentina,Real Madrid,2018-19,Semi-final,Tottenham Hotspur,82,header,Home,1
Kevin De Bruyne,Belgium,Manchester City,2015-16,Semi-final,Manchester City,20,PENALTY,Away,3
Julian Alvarez,Argentina,Manchester City,2012-13,Group stage,,1,header,AWAY,1
Sergio Aguero,Argentina,Manchester City,2021-22,Final,Juventus,47,Free Kick, Away,2
Paulo Dybala,Argentina,Juventus,2020-21,R16,Arsenal,12,header,home,1
Thomas Muller,Germany,Bayern Munich  ,2022-23,Semi-final,Ajax,55,header,Away,1
Victor Osimhen,Nigeria,Napoli,2014-15,Group Stage,Ajax,19',Penalty,Away,1
Thomas Muller,Germany,Bayern Munich,2019-20,R16,Borussia Dortmund,77,Header,Home,2
Alfredo Di Stefano,Argentina,Real Madrid,2010-11,Group stage,Ajax,80',Header,Home,1
Bernardo Silva,Portugal,Manchester City,2021-22,R16,Bayern Munich,83,header,AWAY,1
Antoine Griezmann,France,Atletico Madrid,2014-15,R16,Tottenham Hotspur,94,Free Kick,Away,1
  ERLING HAALAND  ,Norway,Borussia Dortmund,2019-20,Group Stage,AC Milan,5,Right Foot,Home ,2
andriy shevchenko,Ukraine,AC Milan,2012-13,Round of 16,Manchester United,96,Free Kick, Away,1
Gareth Bale,Wales,Real Madrid,2018-19,Round of 16,Atletico Madrid,16,Header,AWAY,2
Robert Lewandowski,Poland,Borussia Dortmund,2010-11,Final,,39,Penalty,AWAY,1
Wayne Rooney,England,Manchester United,2010-11,GROUP STAGE,Borussia Dortmund,33,Free Kick, Away,1
Robert Lewandowski,Poland,Bayern Munich,2016-17,Final,Barcelona,90,Penalty, Away,2
Bernardo Silva,Portugal,Manchester City,2014-15,Round of 16,Sevilla,33,Left Foot,Away,1
Thomas Muller,Germany,Bayern Munich,2018-19,GROUP STAGE,Borussia Dortmund,17,Right Foot, Away,1
Antoine Griezmann,France,Atletico Madrid,2012-13,Group Stage,Manchester City,37',header, Away,3
Luis Suarez,Uruguay,Atletico Madrid,2019-20,Round of 16,Ajax,15,Header,Away,2
Erling Haaland,Norway,Borussia Dortmund,2017-18,Round of 16,Arsenal,59,Right Foot,Home ,3
Paulo Dybala,Argentina,Juventus,2015-16,GROUP STAGE,Tottenham Hotspur,30,PENALTY,Away,2
Vinicius Junior,Brazil,Real Madrid,2014-15,Group stage,Sevilla,26,Left Foot,AWAY,1
Alfredo Di Stefano,Argentina,Real Madrid,2011-12,Round of 16,Atletico Madrid,94,Penalty,Home ,1
Ruud van Nistelrooy,Netherlands,Real Madrid,2020-21,Semi-final,,67,Free Kick,home,2
Vinicius Junior,Brazil,Real Madrid,2020-21,Group stage,Napoli,68,Right Foot,Home,2
Julian Alvarez,Argentina,Manchester City,2021-22,Final,Juventus,51,Header,AWAY,1
Bernardo Silva,Portugal,Manchester City,2022-23,R16,Atletico Madrid,94',Penalty,Home,1
Wayne Rooney,England,Manchester United,2015-16,R16,,52,Free Kick, Away,1
Ousmane Dembele,France,Paris Saint-Germain,2021-22,Round of 16,Atletico Madrid,35,Free Kick, Away,1
Ruud van Nistelrooy,Netherlands,Real Madrid  ,2011-12,Round of 16,Barcelona,12',Header, Away,1
Antoine Griezmann,France,Atletico Madrid,2017-18,R16,AC Milan,30,Free Kick,Home ,1
Robert Lewandowski,Poland,Borussia Dortmund  ,2018-19,Group stage,AC Milan,70,PENALTY, Away,2
Bernardo Silva,Portugal,Manchester City,2021-22,Round of 16,AC Milan,64,PENALTY, Away,2
  BUKAYO SAKA  ,England,Arsenal,2019-20,Semi-final,Bayern Munich,91,Free Kick,Away,1
Luis Suarez,Uruguay,Barcelona,2014-15,Semi-final,AC Milan,28,right foot,Home,2
Ruud van Nistelrooy,Netherlands,Manchester United,2021-22,Group stage,Tottenham Hotspur,39,Free Kick,home,2
Gareth Bale,Wales,Real Madrid,2022-23,Round of 16,Ajax,63,Header,AWAY,1
Alessandro Del Piero,Italy,Juventus,2013-14,Semi-final,Ajax,27,right foot,Away,1
Sadio Mane,Senegal,Bayern Munich  ,2019-20,Group Stage,Porto,88,Header,AWAY,1
Didier Drogba,Ivory Coast,Chelsea,2020-21,Group stage,Borussia Dortmund,84,Left Foot,Away,1
Luka Modric,Croatia,Real Madrid  ,2020-21,Final,Tottenham Hotspur,74,Left Foot,Away,1
Ruud van Nistelrooy,Netherlands,Real Madrid,2023-24,Quarter-final,Ajax,31,Left Foot,Home ,1
Jude Bellingham,England,Real Madrid,2013-14,GROUP STAGE,Porto,17,PENALTY,home,1
Raul Gonzalez,Spain,Real Madrid,2023-24,Group stage,Inter Milan,30,Penalty,Away,1
Harry Kane,England,Tottenham Hotspur,2023-24,Group stage,Arsenal,35,Left Foot,home,1
Edinson Cavani,Uruguay,Paris Saint-Germain,2014-15,Group stage,Paris Saint-Germain,78,Penalty,AWAY,1
Gareth Bale,Wales,Real Madrid,2021-22,R16,Arsenal,58,Header,home,1
Raul Gonzalez,Spain,Real Madrid,2019-20,Round of 16,Juventus,51,Penalty,Home ,3
Gareth Bale,Wales,Real Madrid,2018-19,Group stage,Manchester United,,PENALTY, Away,1
Julian Alvarez,Argentina,Manchester City,2018-19,R16,Ajax,16,Free Kick, Away,1
Edinson Cavani,Uruguay,Paris Saint-Germain,2020-21,Round of 16,Paris Saint-Germain,73,Penalty,AWAY,2
Zlatan Ibrahimovic,Sweden,Paris Saint-Germain,2011-12,Round of 16,Napoli,75,header, Away,2
Kylian Mbappe,France,Real Madrid,2017-18,GROUP STAGE,Ajax,34,Header,AWAY,3
Zlatan Ibrahimovic,Sweden,Paris Saint-Germain,2018-19,GROUP STAGE,Sevilla,6,Header,home,3
Victor Osimhen,Nigeria,Napoli,2015-16,Semi-final,Ajax,89,right foot, Away,1
Victor Osimhen,Nigeria,Napoli,2012-13,Quarter-final,Manchester City,58,Left Foot,AWAY,1
Luis Suarez,Uruguay,Atletico Madrid,2019-20,R16,Porto,82,Right Foot, Away,1
Riyad Mahrez,Algeria,Manchester City,2013-14,Quarter-final,Porto,49,Free Kick,Home ,1
Bernardo Silva,Portugal,Manchester City,2011-12,R16,Chelsea,16,right foot,home,1
Sergio Aguero,Argentina,Manchester City,2014-15,Group stage,Tottenham Hotspur,18,right foot,AWAY,1
Robert Lewandowski,Poland,Bayern Munich,2019-20,Semi-final,,89,PENALTY,Away,2
Fernando Torres,Spain,Chelsea,2015-16,Group Stage,,88,right foot,AWAY,1
  SADIO MANE  ,Senegal,Liverpool,2010-11,Group Stage,Manchester City,2,header,Home,1
Neymar Jr,Brazil,Paris Saint-Germain,2021-22,R16,Barcelona,86,Header,Away,1
Robert Lewandowski,Poland,Barcelona,2016-17,Final,Sevilla,20,right foot,AWAY,1
Memphis Depay,Netherlands,Barcelona,2018-19,Round of 16,Benfica,44,Header,AWAY,1
Kylian Mbappe,France,Paris Saint-Germain,2015-16,Final,Atletico Madrid,43,Right Foot,Away,2
Toni Kroos,Germany,Real Madrid,2023-24,R16,Manchester United,52,PENALTY, Away,1
Julian Alvarez,Argentina,Manchester City,2012-13,R16,Manchester City,69,right foot,Away,1
Erling Haaland,Norway,Manchester City,2022-23,Group Stage,Sevilla,31',header,Home,2
Memphis Depay,Netherlands,Barcelona,2015-16,R16,Inter Milan,76,right foot,home,1
Didier Drogba,Ivory Coast,Chelsea,2017-18,Group Stage,Atletico Madrid,1,PENALTY,AWAY,3
Karim Benzema,France,Real Madrid,2017-18,Quarter-final,AC Milan,9',right foot,Home,2
Andriy Shevchenko,Ukraine,Chelsea,2011-12,Quarter-final,Inter Milan,4,header,Away,1
Memphis Depay,Netherlands,Barcelona,2013-14,Semi-final,,33,Header, Away,1
Kylian Mbappe,France,Paris Saint-Germain,2020-21,Final,Inter Milan,37,Left Foot,AWAY,1
Ruud van Nistelrooy,Netherlands,Manchester United,2010-11,GROUP STAGE,Barcelona,48,Free Kick,Home,2
Riyad Mahrez,Algeria,Manchester City,2021-22,Final,Bayern Munich,3,PENALTY,home,2
Antoine Griezmann,France,Atletico Madrid,2012-13,R16,Manchester United,81,right foot, Away,2
ruud van nistelrooy,Netherlands,Manchester United,2017-18,Round of 16,,57,right foot,Home,2
Sergio Aguero,Argentina,Manchester City,2015-16,Semi-final,AC Milan,2,Header,Home ,2
Harry Kane,England,Bayern Munich,2012-13,R16,Tottenham Hotspur,70,Header,Home,3
Gareth Bale,Wales,Real Madrid,2010-11,Group Stage,Napoli,12,Free Kick,Home ,1
Paulo Dybala,Argentina,Juventus,2022-23,Semi-final,Porto,29,Right Foot,AWAY,1
Fernando Torres,Spain,Chelsea,2019-20,R16,Manchester City,59,Free Kick,Home ,3
Jude Bellingham,England,Real Madrid,2020-21,Quarter-final,,1,Header,AWAY,1
Mohamed Salah,Egypt,Liverpool,2013-14,Quarter-final,Tottenham Hotspur,38,Free Kick, Away,1
  MOHAMED SALAH  ,Egypt,Liverpool,2019-20,Semi-final,Liverpool,,Right Foot,AWAY,1
Didier Drogba,Ivory Coast,Chelsea,2020-21,Group Stage,Chelsea,57,PENALTY,AWAY,2
Fernando Torres,Spain,Chelsea,2019-20,Group Stage,Tottenham Hotspur,67,Left Foot,AWAY,3
Lionel Messi,Argentina,Barcelona,2015-16,Group Stage,Ajax,60,Left Foot,Away,1
Sergio Aguero,Argentina,Manchester City,2016-17,Round of 16,Barcelona,13,Penalty,AWAY,1
Zlatan Ibrahimovic,Sweden,Barcelona  ,2023-24,Round of 16,Sevilla,3,Header, Away,1
Jude Bellingham,England,Real Madrid,2011-12,R16,Napoli,78,Free Kick, Away,1
Sadio Mane,Senegal,Bayern Munich,2017-18,Group Stage,Liverpool,29,Penalty,AWAY,2
Jude Bellingham,England,Real Madrid,2021-22,Round of 16,Manchester City,42,PENALTY,Away,2
Joshua Kimmich,Germany,Bayern Munich,2020-21,Quarter-final,Tottenham Hotspur,26,Penalty,home,2
Robert Lewandowski,Poland,Bayern Munich,2013-14,Semi-final,Napoli,86,Left Foot,home,3
Ousmane Dembele,France,Paris Saint-Germain,2010-11,Round of 16,Manchester City,42,right foot,Home,2
Mohamed Salah,Egypt,Liverpool,2014-15,R16,Chelsea,63,Left Foot,Home ,1
  RUUD VAN NISTELROOY  ,Netherlands,Manchester United,2017-18,Group stage,Porto,27,PENALTY,Home,3
Alessandro Del Piero,Italy,Juventus,2018-19,GROUP STAGE,,59,Free Kick, Away,1
Antoine Griezmann,France,Atletico Madrid,2018-19,Semi-final,Paris Saint-Germain,2,PENALTY,Home,2
Thomas Muller,Germany,Bayern Munich,2021-22,Final,Sevilla,69,header,AWAY,2
Joshua Kimmich,Germany,Bayern Munich,2010-11,Final,Liverpool,74,Penalty, Away,1
Kevin De Bruyne,Belgium,Manchester City,2023-24,Quarter-final,Arsenal,16,Penalty,AWAY,3
Wayne Rooney,England,Manchester United  ,2016-17,Semi-final,Benfica,30,Penalty,Home ,2
Lionel Messi,Argentina,Barcelona,2015-16,Final,AC Milan,39,header,Away,1
Didier Drogba,Ivory Coast,Chelsea,2014-15,Group Stage,Real Madrid,12,PENALTY,home,1
Memphis Depay,Netherlands,Barcelona,2019-20,Group Stage,Manchester United,41,Header,Away,1
Erling Haaland,Norway,Borussia Dortmund,2021-22,Round of 16,,12,Header,AWAY,3
Sergio Aguero,Argentina,Manchester City,2012-13,Final,Sevilla,35,Left Foot,Away,1
Kylian Mbappe,France,Paris Saint-Germain,2016-17,R16,Manchester City,10,Right Foot,Away,3
Raul Gonzalez,Spain,Real Madrid,2023-24,Group Stage,Real Madrid,63,Free Kick, Away,3
Joshua Kimmich,Germany,Bayern Munich,2018-19,R16,Benfica,6,Right Foot,AWAY,1
Neymar Jr,Brazil,Barcelona,2018-19,Group stage,Inter Milan,58,Header,home,1
Raul Gonzalez,Spain,Real Madrid,2011-12,Final,,,Left Foot, Away,1
Luis Suarez,Uruguay,Atletico Madrid,2014-15,GROUP STAGE,Paris Saint-Germain,,header,Home,1
Edinson Cavani,Uruguay,Paris Saint-Germain,2021-22,R16,Inter Milan,79,Left Foot, Away,1
Alfredo Di Stefano,Argentina,Real Madrid,2022-23,GROUP STAGE,Sevilla,29,Penalty,Home ,1
wayne rooney,England,Manchester United,2017-18,R16,Liverpool,61,right foot,Away,1
Harry Kane,England,Bayern Munich,2016-17,R16,Porto,95,PENALTY,home,2
Robert Lewandowski,Poland,Barcelona,2018-19,Round of 16,Inter Milan,33,header, Away,1
Wayne Rooney,England,Manchester United,2022-23,Semi-final,Borussia Dortmund,53,header,Away,2
Bernardo Silva,Portugal,Manchester City,2017-18,Final,Benfica,74,Right Foot,AWAY,1
  LUIS SUAREZ  ,Uruguay,Atletico Madrid,2023-24,R16,Porto,37,Right Foot,home,1
Sadio Mane,Senegal,Liverpool,2011-12,Round of 16,Paris Saint-Germain,86,Penalty,Home ,3
Zlatan Ibrahimovic,Sweden,Inter Milan,2013-14,Round of 16,,80,Right Foot,Home ,3
Edinson Cavani,Uruguay,Paris Saint-Germain,2012-13,R16,Ajax,79,Right Foot,Home ,3
Jude Bellingham,England,Real Madrid,2023-24,Round of 16,Sevilla,85,right foot,Home ,2
Jude Bellingham,England,Real Madrid,2010-11,Semi-final,AC Milan,3,PENALTY,home,2
Alessandro Del Piero,Italy,Juventus,2010-11,GROUP STAGE,,27,Right Foot,AWAY,1
Luka Modric,Croatia,Real Madrid,2016-17,Final,Atletico Madrid,41,Left Foot,Home ,1
Kevin De Bruyne,Belgium,Manchester City,2011-12,Group stage,Inter Milan,,Left Foot,AWAY,3
Sergio Aguero,Argentina,Manchester City,2010-11,Semi-final,Arsenal,38',Header,Away,1
  CRISTIANO RONALDO  ,Portugal,Juventus,2014-15,Quarter-final,Chelsea,57,right foot,Away,2
Harry Kane,England,Bayern Munich,2010-11,Semi-final,Chelsea,74,PENALTY,home,2
Wayne Rooney,England,Manchester United,2020-21,Group stage,Barcelona,54,Free Kick,home,1
Luis Suarez,Uruguay,Atletico Madrid  ,2011-12,Semi-final,Bayern Munich,1,header,Away,2
Antoine Griezmann,France,Atletico Madrid,2020-21,R16,Barcelona,45,PENALTY,AWAY,2
Didier Drogba,Ivory Coast,Chelsea,2023-24,GROUP STAGE,,43,PENALTY, Away,1
Robert Lewandowski,Poland,Borussia Dortmund,2016-17,R16,Bayern Munich,49,header,Away,2
Antoine Griezmann,France,Atletico Madrid,2014-15,Final,Sevilla,24,PENALTY,AWAY,1
Karim Benzema,France,Real Madrid,2018-19,Final,Bayern Munich,32',PENALTY,AWAY,1
Jude Bellingham,England,Real Madrid,2018-19,Round of 16,Barcelona,92,Left Foot,home,3
Robert Lewandowski,Poland,Barcelona,2019-20,Semi-final,Arsenal,83,Free Kick,AWAY,2
Vinicius Junior,Brazil,Real Madrid,2015-16,GROUP STAGE,Tottenham Hotspur,16,right foot,Away,1
Neymar Jr,Brazil,Barcelona,2019-20,Round of 16,Napoli,14,Left Foot,home,1
Raul Gonzalez,Spain,Real Madrid,2012-13,Group stage,AC Milan,96,PENALTY,Away,1
Ruud van Nistelrooy,Netherlands,Real Madrid,2016-17,Quarter-final,Inter Milan,55,Header,home,1
Andriy Shevchenko,Ukraine,Chelsea,2014-15,Group Stage,Bayern Munich,57,Header,Home ,1
  FERNANDO TORRES  ,Spain,Chelsea,2014-15,R16,,51,Right Foot,home,1
Luis Suarez,Uruguay,Barcelona,2012-13,R16,Arsenal,1,Left Foot,Home,2
Luka Modric,Croatia,Real Madrid,2015-16,Final,Bayern Munich,59,Free Kick,AWAY,3
Wayne Rooney,England,Manchester United,2019-20,Semi-final,Juventus,21,Free Kick,home,3
Ruud van Nistelrooy,Netherlands,Manchester United,2022-23,Group stage,Benfica,23,header,AWAY,2
Ousmane Dembele,France,Barcelona,2015-16,Final,Chelsea,79,Right Foot,AWAY,3
Luis Suarez,Uruguay,Barcelona,2012-13,Group stage,Liverpool,88',Left Foot,Away,1
Luis Suarez,Uruguay,Barcelona,2020-21,GROUP STAGE,Arsenal,78,Penalty,AWAY,2
Thomas Muller,Germany,Bayern Munich,2013-14,Round of 16,Manchester City,17,Penalty,Home ,3
Zlatan Ibrahimovic,Sweden,Inter Milan,2012-13,GROUP STAGE,Napoli,54,Left Foot,AWAY,1
Toni Kroos,Germany,Real Madrid,2016-17,Final,Atletico Madrid,62,Right Foot,home,1
Zlatan Ibrahimovic,Sweden,Paris Saint-Germain,2013-14,R16,Benfica,36,Right Foot,Away,2
Luis Suarez,Uruguay,Barcelona,2012-13,Final,Porto,23,PENALTY,Home,3
Vinicius Junior,Brazil,Real Madrid,2010-11,GROUP STAGE,Borussia Dortmund,7,PENALTY,Home ,1
Jude Bellingham,England,Real Madrid,2022-23,Final,Benfica,41,header,home,2
Alfredo Di Stefano,Argentina,Real Madrid,2019-20,R16,,81,PENALTY,Home ,2
Bernardo Silva,Portugal,Manchester City,2021-22,R16,Liverpool,18,header,home,1
Memphis Depay,Netherlands,Barcelona,2023-24,R16,Manchester City,71,Right Foot,Home ,1
Julian Alvarez,Argentina,Manchester City,2018-19,Quarter-final,Chelsea,61,Header, Away,1
Filippo Inzaghi,Italy,AC Milan  ,2020-21,Group Stage,Tottenham Hotspur,41,Penalty,home,1
Filippo Inzaghi,Italy,AC Milan,2023-24,Group Stage,Manchester City,80,Header,Away,1
Alfredo Di Stefano,Argentina,Real Madrid,2021-22,Semi-final,Paris Saint-Germain,92,Free Kick,Home,3
Joshua Kimmich,Germany,Bayern Munich,2018-19,Group stage,Arsenal,15,Header,AWAY,1
Luis Suarez,Uruguay,Barcelona,2017-18,Final,Manchester United,45,Left Foot,AWAY,3
Filippo Inzaghi,Italy,AC Milan,2010-11,Group stage,Napoli,46,header,Away,1
raul gonzalez,Spain,Real Madrid,2016-17,GROUP STAGE,Ajax,71,right foot,home,1
wayne rooney,England,Manchester United,2020-21,Final,Arsenal,53,right foot,Home ,1
Bukayo Saka,England,Arsenal,2017-18,Final,Barcelona,58,right foot, Away,1
Fernando Torres,Spain,Chelsea,2017-18,Final,Borussia Dortmund,8,PENALTY,home,1
Toni Kroos,Germany,Real Madrid,2020-21,Round of 16,Chelsea,20,header,home,2
Andriy Shevchenko,Ukraine,AC Milan,2012-13,Semi-final,Benfica,16,header, Away,1
Karim Benzema,France,Real Madrid,2010-11,Semi-final,Inter Milan,30,Header,Home,1
Filippo Inzaghi,Italy,AC Milan,2012-13,Quarter-final,Porto,12,Left Foot, Away,1
Luka Modric,Croatia,Real Madrid,2023-24,Final,Manchester City,96,PENALTY, Away,1
Zlatan Ibrahimovic,Sweden,AC Milan,2020-21,Group stage,Napoli,90,Penalty,Home ,1
Fernando Torres,Spain,Liverpool,2010-11,Quarter-final,Barcelona,21,Right Foot, Away,1
Sadio Mane,Senegal,Liverpool,2022-23,Group stage,Juventus,64,Right Foot, Away,1
Alessandro Del Piero,Italy,Juventus,2012-13,Round of 16,Manchester United,18,Left Foot,home,1
Fernando Torres,Spain,Chelsea,2022-23,Round of 16,Atletico Madrid,83,Free Kick,home,2
Bukayo Saka,England,Arsenal,2014-15,GROUP STAGE,Juventus,82,Right Foot,Away,1
Memphis Depay,Netherlands,Barcelona,2011-12,Final,Porto,77,Penalty,Home,2
Mohamed Salah,Egypt,Liverpool,2020-21,Group stage,Paris Saint-Germain,3,right foot,Home,2
Kylian Mbappe,France,Paris Saint-Germain,2021-22,Final,Manchester United,32,Penalty,Away,2
  BERNARDO SILVA  ,Portugal,Manchester City,2020-21,Final,,39,right foot,Home,3
Vinicius Junior,Brazil,Real Madrid,2012-13,Semi-final,Arsenal,25,Header,Home,1
Thomas Muller,Germany,Bayern Munich,2016-17,Quarter-final,Juventus,73,PENALTY,Home,1
Paulo Dybala,Argentina,Juventus,2011-12,Quarter-final,Ajax,49,Free Kick, Away,1
Paulo Dybala,Argentina,Juventus,2010-11,Final,Porto,37,Penalty,Away,1
Andriy Shevchenko,Ukraine,Chelsea,2020-21,GROUP STAGE,Sevilla,18,Free Kick, Away,1
Kylian Mbappe,France,Paris Saint-Germain,2012-13,Quarter-final,Porto,17,Right Foot,AWAY,1
Bernardo Silva,Portugal,Manchester City,2015-16,Semi-final,Benfica,,header,home,2
Andriy Shevchenko,Ukraine,AC Milan,2017-18,Group Stage,Manchester United,68,right foot,Home,3
Luka Modric,Croatia,Real Madrid  ,2010-11,Round of 16,Benfica,85,Left Foot,AWAY,3
Filippo Inzaghi,Italy,AC Milan,2017-18,Group Stage,,42,header, Away,1
Robert Lewandowski,Poland,Bayern Munich,2014-15,Quarter-final,Real Madrid,11,PENALTY,home,1
Alfredo Di Stefano,Argentina,Real Madrid,2015-16,Quarter-final,Manchester City,12,PENALTY,Home,1
Sergio Aguero,Argentina,Manchester City,2012-13,Final,Borussia Dortmund,12,PENALTY, Away,1
Vinicius Junior,Brazil,Real Madrid,2018-19,Final,Arsenal,6,header,AWAY,1
Lionel Messi,Argentina,Paris Saint-Germain,2018-19,R16,Manchester City,31,PENALTY,Home ,1
Ruud van Nistelrooy,Netherlands,Real Madrid,2021-22,Semi-final,Sevilla,85,Header,Home ,1
Alfredo Di Stefano,Argentina,Real Madrid,2010-11,Final,Ajax,47,Header,Away,2
Antoine Griezmann,France,Atletico Madrid,2017-18,Quarter-final,,18,header,AWAY,1
Neymar Jr,Brazil,Barcelona  ,2016-17,Group Stage,Inter Milan,33,Header,Home,1
sergio aguero,Argentina,Manchester City,2022-23,Round of 16,Manchester United,54,header,Home,3
  HARRY KANE  ,England,Tottenham Hotspur,2023-24,Semi-final,Sevilla,65,Left Foot,Home,3
Gareth Bale,Wales,Real Madrid  ,2016-17,Group Stage,Sevilla,59,Left Foot,home,1
Bukayo Saka,England,Arsenal,2020-21,R16,,35,PENALTY,Home ,1
Wayne Rooney,England,Manchester United,2013-14,Quarter-final,Borussia Dortmund,91',Left Foot,Home,2
Zlatan Ibrahimovic,Sweden,Paris Saint-Germain,2011-12,GROUP STAGE,AC Milan,21,header, Away,2
Bernardo Silva,Portugal,Manchester City,2015-16,Round of 16,Paris Saint-Germain,46,Right Foot,Away,1
Thomas Muller,Germany,Bayern Munich,2020-21,Group stage,Borussia Dortmund,79,Header,Home ,1
Luka Modric,Croatia,Real Madrid,2011-12,Round of 16,Chelsea,68,Header,Away,2
Antoine Griezmann,France,Atletico Madrid,2018-19,GROUP STAGE,Juventus,17,right foot, Away,1
  PAULO DYBALA  ,Argentina,Juventus  ,2019-20,Group stage,Bayern Munich,37,right foot,Home,2
Kevin De Bruyne,Belgium,Manchester City,2013-14,GROUP STAGE,Inter Milan,75,right foot,Away,1
Filippo Inzaghi,Italy,AC Milan,2015-16,Semi-final,Sevilla,61,Penalty,Home,2
Karim Benzema,France,Real Madrid,2018-19,Round of 16,Sevilla,95,right foot,Home ,1
  JULIAN ALVAREZ  ,Argentina,Manchester City,2011-12,Round of 16,Borussia Dortmund,86,PENALTY,AWAY,3
Andriy Shevchenko,Ukraine,Chelsea,2020-21,GROUP STAGE,Borussia Dortmund,96,Free Kick, Away,3
Sadio Mane,Senegal,Bayern Munich,2022-23,Group Stage,Sevilla,26,Free Kick,Away,2
Karim Benzema,France,Real Madrid,2010-11,Quarter-final,Inter Milan,60,right foot,AWAY,2
Bukayo Saka,England,Arsenal,2012-13,GROUP STAGE,Sevilla,38,Penalty,Home,1
Raul Gonzalez,Spain,Real Madrid,2010-11,Round of 16,Inter Milan,50,header, Away,1
didier drogba,Ivory Coast,Chelsea,2017-18,Round of 16,Paris Saint-Germain,68,Penalty,Home ,3
Luis Suarez,Uruguay,Barcelona,2015-16,R16,Tottenham Hotspur,11,Header, Away,3
Erling Haaland,Norway,Manchester City,2023-24,Final,Ajax,95,Header,AWAY,3
Victor Osimhen,,Napoli,2012-13,R16,Atletico Madrid,66',PENALTY,Home ,1
Kylian Mbappe,France,Paris Saint-Germain,2023-24,Quarter-final,Manchester United,1,header,home,1
Lionel Messi,Argentina,Paris Saint-Germain,2012-13,Group Stage,Manchester City,19,right foot,AWAY,1
Paulo Dybala,Argentina,Juventus,2023-24,Final,Real Madrid,20,right foot,Away,2
Cristiano Ronaldo,Portugal,Juventus,2019-20,Group stage,Paris Saint-Germain,87,header,AWAY,1
Cristiano Ronaldo,Portugal,Real Madrid,2019-20,Round of 16,AC Milan,10,Penalty,Home ,1
Joshua Kimmich,Germany,Bayern Munich,2020-21,Final,Atletico Madrid,62,Penalty, Away,1
Memphis Depay,Netherlands,Barcelona,2023-24,Group stage,Benfica,32,Free Kick,Home,1
Joshua Kimmich,Germany,Bayern Munich,2022-23,Round of 16,,74,header,Home ,1
Julian Alvarez,Argentina,Manchester City,2017-18,Group Stage,Manchester City,92,Right Foot,Home,1
Antoine Griezmann,France,Atletico Madrid,2021-22,Final,Ajax,90,header,Home,2
Gareth Bale,Wales,Real Madrid,2021-22,R16,,17,Penalty,Home,1
Cristiano Ronaldo,Portugal,Juventus,2010-11,Group stage,Benfica,76,Left Foot,Home,1
Didier Drogba,Ivory Coast,Chelsea,2018-19,GROUP STAGE,Bayern Munich,84,right foot,Away,3
vinicius junior,Brazil,Real Madrid,2015-16,Quarter-final,Atletico Madrid,82,Free Kick,home,1
Thomas Muller,Germany,Bayern Munich  ,2015-16,GROUP STAGE,Liverpool,22,Free Kick,AWAY,2
Edinson Cavani,Uruguay,Paris Saint-Germain,2023-24,Final,Borussia Dortmund,19,right foot,Home ,1
Edinson Cavani,Uruguay,Paris Saint-Germain,2011-12,Semi-final,Paris Saint-Germain,58',Free Kick,home,1
Robert Lewandowski,Poland,Borussia Dortmund,2012-13,Round of 16,Benfica,48,Free Kick,Away,1
Thomas Muller,Germany,Bayern Munich,2020-21,Group stage,Juventus,70,PENALTY,Home ,2
Lionel Messi,Argentina,Paris Saint-Germain,2012-13,Group Stage,Paris Saint-Germain,92,Left Foot,Home,1
Julian Alvarez,Argentina,Manchester City,2015-16,Semi-final,AC Milan,13,Header,Away,1
Kevin De Bruyne,Belgium,Manchester City,2017-18,Group stage,Juventus,96,Left Foot, Away,1
Neymar Jr,Brazil,Paris Saint-Germain,2022-23,Group stage,Inter Milan,2,Left Foot,Home ,2
Filippo Inzaghi,Italy,AC Milan,2022-23,Group stage,Juventus,43,PENALTY, Away,1
  ANTOINE GRIEZMANN  ,France,Atletico Madrid,2015-16,Round of 16,Chelsea,88,Header,home,3
Filippo Inzaghi,Italy,AC Milan,2013-14,R16,Ajax,91,Left Foot, Away,2
Jude Bellingham,England,Real Madrid,2020-21,Semi-final,Sevilla,8,Penalty,Home,1
Sadio Mane,Senegal,Liverpool,2017-18,GROUP STAGE,Liverpool,71',Right Foot,Home,1
Julian Alvarez,Argentina,Manchester City,2023-24,Round of 16,Barcelona,41,Header,AWAY,2
Luis Suarez,Uruguay,Atletico Madrid,2012-13,Group Stage,Tottenham Hotspur,43,right foot,Home,3
Thomas Muller,Germany,Bayern Munich,2014-15,Semi-final,Tottenham Hotspur,86,Right Foot,Home ,1
Julian Alvarez,Argentina,Manchester City,2014-15,R16,Paris Saint-Germain,63,Free Kick,Home ,3
Victor Osimhen,Nigeria,Napoli,2010-11,Group stage,Benfica,41,Right Foot,home,2
Luis Suarez,Uruguay,Atletico Madrid,2014-15,Final,Atletico Madrid,76,Penalty, Away,2
Jude Bellingham,England,Real Madrid,2020-21,Semi-final,Inter Milan,56',Penalty,Home,3
Paulo Dybala,Argentina,Juventus,2020-21,Group stage,Juventus,62,Header,home,1
Luka Modric,Croatia,Real Madrid,2019-20,Quarter-final,Sevilla,27,Penalty,Home,1
Bukayo Saka,England,Arsenal,2011-12,Semi-final,Barcelona,14,Free Kick,home,2
Andriy Shevchenko,Ukraine,AC Milan,2023-24,Final,Borussia Dortmund,82,Penalty,Away,3
Memphis Depay,Netherlands,Barcelona,2013-14,Round of 16,,84,Right Foot,Away,2
Erling Haaland,Norway,Manchester City,2015-16,Round of 16,Inter Milan,7,Penalty,home,1
Alfredo Di Stefano,Argentina,Real Madrid,2010-11,Semi-final,Porto,69,right foot, Away,1
  LUKA MODRIC  ,Croatia,Real Madrid,2010-11,Round of 16,Liverpool,32,Header,AWAY,1
Kylian Mbappe,France,Paris Saint-Germain,2020-21,GROUP STAGE,Chelsea,51,Left Foot,Home ,1
Jude Bellingham,England,Real Madrid,2020-21,Quarter-final,Real Madrid,15,Header, Away,3
Lionel Messi,Argentina,Paris Saint-Germain,2017-18,GROUP STAGE,Juventus,69,PENALTY,Away,1
Lionel Messi,Argentina,Barcelona,2015-16,GROUP STAGE,AC Milan,36,Penalty, Away,2
Lionel Messi,Argentina,Barcelona,2012-13,Group Stage,Juventus,43,Right Foot,Home ,2
Bernardo Silva,Portugal,Manchester City,2021-22,Group Stage,Inter Milan,41,Right Foot,Home,1
Vinicius Junior,Brazil,Real Madrid,2015-16,R16,Borussia Dortmund,10,Header,Home ,1
Edinson Cavani,Uruguay,Paris Saint-Germain,2022-23,Final,Ajax,68,PENALTY,Away,3
Harry Kane,England,Tottenham Hotspur,2023-24,R16,Benfica,12,right foot,home,2
Toni Kroos,Germany,Real Madrid,2010-11,Final,Barcelona,56,PENALTY,Home,1
Luis Suarez,Uruguay,Barcelona,2019-20,Quarter-final,Barcelona,17,right foot,Home,1
Vinicius Junior,Brazil,Real Madrid,2020-21,Final,Tottenham Hotspur,54,Penalty,Away,2
Karim Benzema,France,Real Madrid,2015-16,Group stage,Ajax,56,Header,Away,1
Luis Suarez,Uruguay,Atletico Madrid,2018-19,R16,Porto,7,Header,Home,2
Edinson Cavani,Uruguay,Paris Saint-Germain,2017-18,Round of 16,Atletico Madrid,60,Free Kick, Away,1
  JUDE BELLINGHAM  ,England,Real Madrid,2015-16,GROUP STAGE,Manchester United,23,Header,Away,2
Raul Gonzalez,Spain,Real Madrid,2012-13,Round of 16,Juventus,67,Header, Away,1
Alessandro Del Piero,Italy,Juventus  ,2020-21,Group stage,Tottenham Hotspur,63,Right Foot,Home ,2
  SERGIO AGUERO  ,Argentina,Manchester City,2019-20,R16,Real Madrid,11,Right Foot,Home,2
Filippo Inzaghi,Italy,AC Milan,2013-14,GROUP STAGE,,63,Penalty,home,3
  HARRY KANE  ,England,Tottenham Hotspur,2022-23,Group stage,,78,Free Kick,AWAY,3
Riyad Mahrez,Algeria,Manchester City,2018-19,R16,Borussia Dortmund,30,Right Foot,home,1
Neymar Jr,Brazil,Paris Saint-Germain,2011-12,Final,Napoli,11,Penalty,Away,1
Memphis Depay,Netherlands,Barcelona,2015-16,Semi-final,Napoli,57,Right Foot,Away,1
Thomas Muller,Germany,Bayern Munich,2013-14,Group stage,Manchester United,88,header,Away,1
Vinicius Junior,Brazil,Real Madrid,2013-14,Semi-final,Paris Saint-Germain,29,Header,Home ,2
Alfredo Di Stefano,Argentina,Real Madrid,2011-12,Quarter-final,Chelsea,32,header,AWAY,1
Robert Lewandowski,Poland,Borussia Dortmund,2012-13,Final,,75,PENALTY,Home ,3
Alfredo Di Stefano,Argentina,Real Madrid,2019-20,R16,Atletico Madrid,6,right foot,home,1
Alessandro Del Piero,Italy,Juventus,2022-23,R16,Porto,44,Left Foot, Away,1
Memphis Depay,Netherlands,Barcelona,2019-20,Group stage,Bayern Munich,3,Free Kick,home,2
Andriy Shevchenko,Ukraine,Chelsea,2010-11,Quarter-final,,95,right foot,AWAY,3
Kylian Mbappe,France,Real Madrid,2019-20,R16,Ajax,22,Right Foot,Away,3
Neymar Jr,Brazil,Barcelona,2021-22,Group stage,Bayern Munich,29,Free Kick,home,1
Sergio Aguero,Argentina,Manchester City,2020-21,R16,Paris Saint-Germain,36,right foot,Home ,2
Antoine Griezmann,France,Atletico Madrid,2011-12,Round of 16,Ajax,70,PENALTY, Away,1
Alessandro Del Piero,Italy,Juventus,2014-15,GROUP STAGE,Porto,50,header,Away,3
  KEVIN DE BRUYNE  ,Belgium,Manchester City,2012-13,Semi-final,Bayern Munich,73,Header, Away,2
Bukayo Saka,England,Arsenal,2021-22,GROUP STAGE,Benfica,45,PENALTY, Away,2
Alfredo Di Stefano,Argentina,Real Madrid,2023-24,Group stage,Juventus,74,Free Kick,AWAY,1
Alfredo Di Stefano,Argentina,Real Madrid,2020-21,Quarter-final,Bayern Munich,,Free Kick, Away,3
Luka Modric,Croatia,Real Madrid,2019-20,Quarter-final,,87,PENALTY,Away,2
Cristiano Ronaldo,Portugal,Real Madrid,2022-23,Group Stage,,49,Header,Home,3
Vinicius Junior,Brazil,Real Madrid,2019-20,GROUP STAGE,Real Madrid,69,PENALTY,Home ,3
Antoine Griezmann,France,Atletico Madrid,2011-12,Quarter-final,Atletico Madrid,36,Right Foot,home,2
Filippo Inzaghi,Italy,AC Milan,2019-20,R16,Manchester City,11,Right Foot,AWAY,3
Erling Haaland,Norway,Manchester City,2015-16,Round of 16,AC Milan,12,Penalty,Home ,1
  RAUL GONZALEZ  ,Spain,Real Madrid,2018-19,Round of 16,Arsenal,93,PENALTY,Away,3
Luka Modric,Croatia,Real Madrid,2014-15,R16,Benfica,30,Left Foot,home,2
Antoine Griezmann,France,Atletico Madrid,2020-21,Quarter-final,Liverpool,95,Penalty,Home ,2
Robert Lewandowski,Poland,Borussia Dortmund,2021-22,Semi-final,Barcelona,79,Left Foot,Home,2
Luka Modric,,Real Madrid,2022-23,Group stage,Tottenham Hotspur,65',Header,AWAY,1
Antoine Griezmann,France,Atletico Madrid,2017-18,Semi-final,Manchester City,21,Left Foot,AWAY,2
Ruud van Nistelrooy,Netherlands,Real Madrid,2017-18,Group Stage,Benfica,58,Penalty,home,1
Luka Modric,Croatia,Real Madrid,2013-14,Final,Manchester United,15,Free Kick,Home,1
Raul Gonzalez,Spain,Real Madrid,2018-19,Group Stage,Chelsea,23,right foot,Home,2
Alfredo Di Stefano,Argentina,Real Madrid,2020-21,Quarter-final,Ajax,51,header,Home,1
Toni Kroos,Germany,Real Madrid,2012-13,Final,Manchester City,2,Right Foot,Home ,1
Erling Haaland,Norway,Manchester City,2010-11,Group Stage,Inter Milan,10,Left Foot,home,1
Alessandro Del Piero,Italy,Juventus,2011-12,Semi-final,Manchester United,34,Penalty,AWAY,2
Edinson Cavani,Uruguay,Paris Saint-Germain,2020-21,Group stage,Bayern Munich,88,Header, Away,2
Luka Modric,Croatia,Real Madrid,2021-22,Round of 16,,12,Left Foot,Home,1
Antoine Griezmann,France,Atletico Madrid,2019-20,Group Stage,Real Madrid,,Right Foot,Home,2
Luka Modric,Croatia,Real Madrid,2023-24,Semi-final,Benfica,23,Penalty,Home ,1
Toni Kroos,Germany,Real Madrid,2012-13,GROUP STAGE,Barcelona,30,PENALTY,Home ,1
Thomas Muller,Germany,Bayern Munich,2014-15,Round of 16,Manchester City,90',Header,AWAY,3
Vinicius Junior,Brazil,Real Madrid,2015-16,Quarter-final,Atletico Madrid,31,PENALTY,AWAY,1
Alessandro Del Piero,Italy,Juventus,2019-20,GROUP STAGE,Barcelona,62,Left Foot, Away,1
Bukayo Saka,England,Arsenal,2010-11,R16,Inter Milan,75,Penalty,Away,2
Thomas Muller,Germany,Bayern Munich,2010-11,GROUP STAGE,,10,header,Away,3
Memphis Depay,Netherlands,Barcelona,2012-13,R16,Inter Milan,13,Right Foot,Away,2
  FERNANDO TORRES  ,Spain,Chelsea,2019-20,Semi-final,Real Madrid,89,Left Foot, Away,1
Kevin De Bruyne,Belgium,Manchester City,2016-17,Quarter-final,Manchester United,20,Header,Away,1
Sadio Mane,Senegal,Liverpool,2012-13,Final,Manchester City,39,Free Kick,AWAY,1
Luka Modric,Croatia,Real Madrid,2019-20,Round of 16,,31,Left Foot,Home,1
Joshua Kimmich,Germany,Bayern Munich,2021-22,GROUP STAGE,,84,Free Kick, Away,2
  RUUD VAN NISTELROOY  ,Netherlands,Real Madrid,2013-14,Group Stage,Liverpool,83,Left Foot,Home ,1
Julian Alvarez,Argentina,Manchester City,2019-20,R16,Paris Saint-Germain,72,Penalty,Away,1
Karim Benzema,France,Real Madrid,2018-19,Group stage,Napoli,90,Left Foot,home,1
