Player,Nationality,Club,Season,Round,Opponent,Minute,Goal_Type,Venue,Goals_In_Match
Mohamed Salah,Egypt,Liverpool,2013-14,Quarter-Final,Borussia Dortmund,1,Header,Away,1
Luis Suarez,Uruguay,Barcelona,2020-21,Final,Manchester City,48,Penalty,Away,1
Gareth Bale,Wales,Real Madrid,2017-18,Round Of 16,Juventus,72,Free Kick,Away,1
Mohamed Salah,Egypt,Liverpool,2022-23,Final,Tottenham Hotspur,38,Right Foot,Away,2
Alessandro Del Piero,Italy,Juventus,2021-22,Round Of 16,Arsenal,68,Free Kick,Home,2
Andriy Shevchenko,Ukraine,Ac Milan,2013-14,Round Of 16,Real Madrid,63,Penalty,Home,2
Raul Gonzalez,Spain,Real Madrid,2018-19,Round Of 16,Benfica,52,Penalty,Away,1
Andriy Shevchenko,Ukraine,Ac Milan,2023-24,Round Of 16,Atletico Madrid,47,Penalty,Away,2
Bernardo Silva,Portugal,Manchester City,2014-15,Final,Porto,83,Header,Home,1
Vinicius Junior,Brazil,Real Madrid,2011-12,Group Stage,Ac Milan,64,Right Foot,Home,2
Jude Bellingham,England,Real Madrid,2011-12,Group Stage,Inter Milan,27,Header,Away,1
Andriy Shevchenko,Ukraine,Ac Milan,2018-19,Round Of 16,Porto,17,Header,Away,1
Toni Kroos,Germany,Real Madrid,2022-23,Group Stage,Inter Milan,8,Header,Home,2
Alessandro Del Piero,Italy,Juventus,2018-19,Final,Atletico Madrid,63,Free Kick,Away,1
Alessandro Del Piero,Italy,Juventus,2021-22,Group Stage,Sevilla,8,Left Foot,Away,2
Bukayo Saka,England,Arsenal,2022-23,Quarter-Final,Ac Milan,80,Penalty,Home,1
Luis Suarez,Uruguay,Barcelona,2013-14,Semi-Final,Manchester United,5,Free Kick,Away,3
Bukayo Saka,England,Arsenal,2013-14,Round Of 16,Sevilla,91,Right Foot,Away,2
Luka Modric,Croatia,Real Madrid,2020-21,Group Stage,Manchester City,10,Header,Home,2
Cristiano Ronaldo,Portugal,Real Madrid,2021-22,Round Of 16,Arsenal,87,Header,Away,2
Jude Bellingham,England,Real Madrid,2014-15,Group Stage,Inter Milan,28,Penalty,Away,1
Karim Benzema,France,Real Madrid,2012-13,Group Stage,Manchester City,84,Right Foot,Home,3
Lionel Messi,Argentina,Paris Saint-Germain,2022-23,Group Stage,Ac Milan,16,Free Kick,Away,1
Robert Lewandowski,Poland,Barcelona,2015-16,Group Stage,Napoli,15,Penalty,Home,2
Gareth Bale,Wales,Real Madrid,2019-20,Group Stage,Juventus,5,Penalty,Home,1
Wayne Rooney,England,Manchester United,2011-12,Group Stage,Borussia Dortmund,17,Header,Away,1
Karim Benzema,France,Real Madrid,2012-13,Final,Liverpool,55,Penalty,Home,1
Didier Drogba,Ivory Coast,Chelsea,2021-22,Semi-Final,Manchester United,88,Right Foot,Away,1
Cristiano Ronaldo,Portugal,Juventus,2017-18,Group Stage,Real Madrid,38,Header,Away,2
Cristiano Ronaldo,Portugal,Juventus,2017-18,Group Stage,Bayern Munich,39,Right Foot,Home,1
Gareth Bale,Wales,Real Madrid,2023-24,Group Stage,Porto,11,Right Foot,Home,2
Joshua Kimmich,Germany,Bayern Munich,2022-23,Group Stage,Barcelona,93,Penalty,Home,1
Kevin De Bruyne,Belgium,Manchester City,2013-14,Round Of 16,Chelsea,82,Left Foot,Home,1
Sergio Aguero,Argentina,Manchester City,2020-21,Round Of 16,Barcelona,40,Penalty,Home,2
Erling Haaland,Norway,Manchester City,2023-24,Round Of 16,Arsenal,36,Right Foot,Away,2
Memphis Depay,Netherlands,Barcelona,2013-14,Final,Manchester United,30,Left Foot,Away,3
Alessandro Del Piero,Italy,Juventus,2012-13,Group Stage,Liverpool,48,Free Kick,Home,1
Fernando Torres,Spain,Liverpool,2020-21,Round Of 16,Benfica,17,Right Foot,Home,2
Harry Kane,England,Tottenham Hotspur,2021-22,Group Stage,Real Madrid,61,Penalty,Away,3
Luis Suarez,Uruguay,Barcelona,2012-13,Semi-Final,Inter Milan,14,Header,Away,3
Bukayo Saka,England,Arsenal,2015-16,Semi-Final,Atletico Madrid,54,Penalty,Away,3
Thomas Muller,Germany,Bayern Munich,2020-21,Round Of 16,Arsenal,21,Header,Home,1
Joshua Kimmich,Germany,Bayern Munich,2016-17,Group Stage,Napoli,64,Penalty,Home,2
Vinicius Junior,Brazil,Real Madrid,2021-22,Semi-Final,Inter Milan,67,Header,Home,1
Mohamed Salah,Egypt,Liverpool,2010-11,Round Of 16,Real Madrid,36,Right Foot,Away,3
Riyad Mahrez,Algeria,Manchester City,2015-16,Semi-Final,Borussia Dortmund,88,Header,Away,2
Alfredo Di Stefano,Argentina,Real Madrid,2013-14,Round Of 16,Paris Saint-Germain,66,Free Kick,Home,3
Didier Drogba,Ivory Coast,Chelsea,2022-23,Group Stage,Manchester City,20,Header,Home,1
Edinson Cavani,Uruguay,Paris Saint-Germain,2010-11,Final,Bayern Munich,60,Right Foot,Away,3
Filippo Inzaghi,Italy,Ac Milan,2019-20,Quarter-Final,Atletico Madrid,37,Header,Away,2
Harry Kane,England,Tottenham Hotspur,2019-20,Group Stage,Napoli,91,Header,Home,1
Bukayo Saka,England,Arsenal,2016-17,Quarter-Final,Paris Saint-Germain,53,Header,Away,2
Karim Benzema,France,Real Madrid,2014-15,Group Stage,Manchester City,50,Right Foot,Away,1
Karim Benzema,France,Real Madrid,2018-19,Group Stage,Atletico Madrid,22,Right Foot,Away,1
Andriy Shevchenko,Ukraine,Ac Milan,2015-16,Group Stage,Napoli,10,Right Foot,Home,1
Toni Kroos,Germany,Real Madrid,2012-13,Group Stage,Manchester United,45,Right Foot,Away,2
Sadio Mane,Senegal,Liverpool,2018-19,Round Of 16,Inter Milan,71,Header,Home,1
Edinson Cavani,Uruguay,Paris Saint-Germain,2020-21,Group Stage,Real Madrid,7,Free Kick,Home,1
Didier Drogba,Ivory Coast,Chelsea,2015-16,Group Stage,Bayern Munich,78,Right Foot,Away,3
Edinson Cavani,Uruguay,Paris Saint-Germain,2011-12,Final,Liverpool,73,Right Foot,Home,1
Joshua Kimmich,Germany,Bayern Munich,2015-16,Group Stage,Paris Saint-Germain,12,Free Kick,Away,1
Alfredo Di Stefano,Argentina,Real Madrid,2018-19,Quarter-Final,Borussia Dortmund,4,Right Foot,Away,3
Harry Kane,England,Bayern Munich,2014-15,Group Stage,Atletico Madrid,86,Header,Home,3
Kevin De Bruyne,Belgium,Manchester City,2018-19,Group Stage,Juventus,52,Free Kick,Home,1
Cristiano Ronaldo,Portugal,Juventus,2011-12,Round Of 16,Barcelona,74,Header,Away,3
Zlatan Ibrahimovic,Sweden,Ac Milan,2011-12,Group Stage,Tottenham Hotspur,52,Header,Away,1
Ousmane Dembele,France,Barcelona,2016-17,Final,Napoli,63,Header,Away,1
Bukayo Saka,England,Arsenal,2021-22,Round Of 16,Bayern Munich,55,Left Foot,Away,1
Sergio Aguero,Argentina,Manchester City,2010-11,Group Stage,Barcelona,79,Penalty,Away,2
Luka Modric,Croatia,Real Madrid,2010-11,Quarter-Final,Manchester City,1,Right Foot,Home,3
Paulo Dybala,Argentina,Juventus,2017-18,Round Of 16,Borussia Dortmund,18,Penalty,Away,2
Robert Lewandowski,Poland,Bayern Munich,2017-18,Round Of 16,Atletico Madrid,15,Penalty,Home,1
Victor Osimhen,Nigeria,Napoli,2010-11,Group Stage,Borussia Dortmund,64,Penalty,Away,1
Mohamed Salah,Egypt,Liverpool,2014-15,Group Stage,Manchester United,76,Right Foot,Away,1
Alfredo Di Stefano,Argentina,Real Madrid,2021-22,Group Stage,Liverpool,54,Right Foot,Away,2
Mohamed Salah,Egypt,Liverpool,2016-17,Group Stage,Sevilla,78,Free Kick,Away,2
Kylian Mbappe,France,Paris Saint-Germain,2018-19,Final,Manchester City,44,Right Foot,Away,1
Vinicius Junior,Brazil,Real Madrid,2019-20,Final,Ac Milan,82,Penalty,Away,1
Joshua Kimmich,Germany,Bayern Munich,2023-24,Group Stage,Benfica,48,Left Foot,Away,2
Sergio Aguero,Argentina,Manchester City,2022-23,Round Of 16,Barcelona,80,Right Foot,Away,3
Filippo Inzaghi,Italy,Ac Milan,2021-22,Group Stage,Real Madrid,30,Penalty,Away,2
Zlatan Ibrahimovic,Sweden,Inter Milan,2018-19,Round Of 16,Borussia Dortmund,68,Penalty,Home,2
Jude Bellingham,England,Real Madrid,2017-18,Quarter-Final,Borussia Dortmund,61,Left Foot,Home,1
Neymar Jr,Brazil,Paris Saint-Germain,2023-24,Group Stage,Liverpool,66,Header,Home,2
Luka Modric,Croatia,Real Madrid,2023-24,Group Stage,Inter Milan,46,Right Foot,Away,1
Memphis Depay,Netherlands,Barcelona,2022-23,Semi-Final,Manchester City,70,Left Foot,Home,1
Fernando Torres,Spain,Liverpool,2012-13,Round Of 16,Manchester United,58,Header,Home,1
Fernando Torres,Spain,Liverpool,2016-17,Round Of 16,Borussia Dortmund,65,Right Foot,Away,2
Victor Osimhen,Nigeria,Napoli,2012-13,Quarter-Final,Manchester United,29,Free Kick,Away,1
Raul Gonzalez,Spain,Real Madrid,2016-17,Group Stage,Juventus,54,Header,Away,1
Luis Suarez,Uruguay,Barcelona,2021-22,Group Stage,Arsenal,48,Header,Away,1
Didier Drogba,Ivory Coast,Chelsea,2011-12,Group Stage,Porto,7,Right Foot,Away,1
Mohamed Salah,Egypt,Liverpool,2017-18,Final,Porto,38,Left Foot,Home,1
Alfredo Di Stefano,Argentina,Real Madrid,2019-20,Group Stage,Barcelona,95,Left Foot,Away,1
Bukayo Saka,England,Arsenal,2018-19,Round Of 16,Chelsea,58,Penalty,Away,1
Mohamed Salah,Egypt,Liverpool,2020-21,Group Stage,Barcelona,52,Penalty,Away,1
Fernando Torres,Spain,Liverpool,2010-11,Round Of 16,Chelsea,52,Penalty,Away,3
Ruud Van Nistelrooy,Netherlands,Real Madrid,2018-19,Quarter-Final,Napoli,51,Penalty,Away,1
Luis Suarez,Uruguay,Barcelona,2010-11,Semi-Final,Ajax,54,Header,Home,1
Bernardo Silva,Portugal,Manchester City,2022-23,Round Of 16,Tottenham Hotspur,70,Penalty,Away,1
Wayne Rooney,England,Manchester United,2013-14,Quarter-Final,Inter Milan,27,Right Foot,Away,2
Kevin De Bruyne,Belgium,Manchester City,2018-19,Round Of 16,Tottenham Hotspur,18,Left Foot,Home,2
Harry Kane,England,Bayern Munich,2013-14,Semi-Final,Manchester City,77,Left Foot,Away,2
Jude Bellingham,England,Real Madrid,2014-15,Semi-Final,Inter Milan,1,Penalty,Away,2
Luis Suarez,Uruguay,Atletico Madrid,2023-24,Semi-Final,Porto,3,Right Foot,Away,1
Zlatan Ibrahimovic,Sweden,Ac Milan,2013-14,Final,Benfica,78,Header,Away,1
Ruud Van Nistelrooy,Netherlands,Manchester United,2010-11,Semi-Final,Ajax,91,Header,Away,2
Toni Kroos,Germany,Real Madrid,2018-19,Final,Arsenal,74,Penalty,Away,3
Edinson Cavani,Uruguay,Paris Saint-Germain,2012-13,Round Of 16,Atletico Madrid,25,Header,Away,1
Raul Gonzalez,Spain,Real Madrid,2012-13,Group Stage,Chelsea,21,Left Foot,Away,1
Bukayo Saka,England,Arsenal,2013-14,Group Stage,Manchester City,28,Free Kick,Away,1
Ousmane Dembele,France,Barcelona,2014-15,Final,Liverpool,43,Penalty,Away,3
Joshua Kimmich,Germany,Bayern Munich,2016-17,Final,Manchester United,64,Header,Home,1
Edinson Cavani,Uruguay,Paris Saint-Germain,2016-17,Group Stage,Napoli,66,Header,Home,1
Thomas Muller,Germany,Bayern Munich,2016-17,Group Stage,Paris Saint-Germain,31,Header,Home,1
Antoine Griezmann,France,Atletico Madrid,2021-22,Semi-Final,Tottenham Hotspur,59,Right Foot,Home,2
Gareth Bale,Wales,Real Madrid,2011-12,Group Stage,Manchester United,2,Free Kick,Home,1
Alessandro Del Piero,Italy,Juventus,2017-18,Group Stage,Inter Milan,13,Header,Home,1
Alfredo Di Stefano,Argentina,Real Madrid,2019-20,Final,Manchester United,49,Left Foot,Away,1
Cristiano Ronaldo,Portugal,Manchester United,2010-11,Semi-Final,Borussia Dortmund,55,Penalty,Away,2
Bernardo Silva,Portugal,Manchester City,2020-21,Group Stage,Paris Saint-Germain,8,Penalty,Home,1
Lionel Messi,Argentina,Paris Saint-Germain,2018-19,Round Of 16,Tottenham Hotspur,10,Penalty,Away,2
Toni Kroos,Germany,Real Madrid,2019-20,Final,Tottenham Hotspur,11,Right Foot,Home,2
Sergio Aguero,Argentina,Manchester City,2010-11,Semi-Final,Tottenham Hotspur,84,Header,Home,3
Andriy Shevchenko,Ukraine,Ac Milan,2012-13,Group Stage,Manchester City,79,Free Kick,Home,1
Mohamed Salah,Egypt,Liverpool,2018-19,Group Stage,Real Madrid,39,Free Kick,Away,1
Paulo Dybala,Argentina,Juventus,2011-12,Group Stage,Inter Milan,30,Penalty,Away,1
Bukayo Saka,England,Arsenal,2013-14,Round Of 16,Barcelona,59,Penalty,Away,2
Antoine Griezmann,France,Atletico Madrid,2021-22,Group Stage,Manchester United,92,Header,Home,3
Ruud Van Nistelrooy,Netherlands,Manchester United,2021-22,Final,Benfica,60,Left Foot,Home,1
Joshua Kimmich,Germany,Bayern Munich,2017-18,Semi-Final,Manchester United,36,Right Foot,Away,3
Erling Haaland,Norway,Manchester City,2019-20,Round Of 16,Real Madrid,48,Penalty,Home,1
Victor Osimhen,Nigeria,Napoli,2017-18,Quarter-Final,Atletico Madrid,10,Free Kick,Away,1
Fernando Torres,Spain,Liverpool,2020-21,Round Of 16,Ajax,19,Header,Home,2
Kevin De Bruyne,Belgium,Manchester City,2021-22,Group Stage,Real Madrid,34,Right Foot,Home,1
Mohamed Salah,Egypt,Liverpool,2022-23,Final,Ajax,46,Right Foot,Away,1
Kylian Mbappe,France,Paris Saint-Germain,2018-19,Final,Chelsea,29,Left Foot,Home,2
Riyad Mahrez,Algeria,Manchester City,2021-22,Quarter-Final,Inter Milan,25,Header,Away,1
Neymar Jr,Brazil,Barcelona,2023-24,Round Of 16,Porto,70,Free Kick,Away,1
Sadio Mane,Senegal,Liverpool,2015-16,Group Stage,Manchester City,39,Penalty,Home,3
Ousmane Dembele,France,Paris Saint-Germain,2022-23,Quarter-Final,Manchester United,37,Penalty,Away,2
Karim Benzema,France,Real Madrid,2019-20,Round Of 16,Ajax,34,Right Foot,Away,2
Luis Suarez,Uruguay,Barcelona,2018-19,Final,Bayern Munich,8,Free Kick,Away,2
Filippo Inzaghi,Italy,Ac Milan,2011-12,Group Stage,Bayern Munich,86,Header,Away,1
Alessandro Del Piero,Italy,Juventus,2012-13,Group Stage,Liverpool,88,Left Foot,Home,1
Karim Benzema,France,Real Madrid,2012-13,Group Stage,Tottenham Hotspur,61,Free Kick,Away,1
Riyad Mahrez,Algeria,Manchester City,2020-21,Group Stage,Barcelona,50,Header,Away,2
Sergio Aguero,Argentina,Manchester City,2022-23,Group Stage,Napoli,53,Right Foot,Home,1
Erling Haaland,Norway,Borussia Dortmund,2012-13,Round Of 16,Paris Saint-Germain,79,Header,Away,3
Thomas Muller,Germany,Bayern Munich,2020-21,Group Stage,Borussia Dortmund,79,Header,Home,1
Lionel Messi,Argentina,Barcelona,2017-18,Quarter-Final,Real Madrid,21,Header,Home,1
Didier Drogba,Ivory Coast,Chelsea,2015-16,Group Stage,Porto,49,Penalty,Away,3
Bukayo Saka,England,Arsenal,2018-19,Group Stage,Ac Milan,88,Free Kick,Away,1
Vinicius Junior,Brazil,Real Madrid,2022-23,Quarter-Final,Liverpool,34,Penalty,Away,3
Joshua Kimmich,Germany,Bayern Munich,2022-23,Group Stage,Ac Milan,58,Penalty,Away,3
Memphis Depay,Netherlands,Barcelona,2012-13,Group Stage,Paris Saint-Germain,79,Free Kick,Home,2
Erling Haaland,Norway,Manchester City,2018-19,Final,Manchester United,27,Penalty,Home,1
Luka Modric,Croatia,Real Madrid,2013-14,Final,Ac Milan,23,Penalty,Away,1
Thomas Muller,Germany,Bayern Munich,2020-21,Round Of 16,Arsenal,64,Penalty,Away,1
Ruud Van Nistelrooy,Netherlands,Real Madrid,2020-21,Round Of 16,Borussia Dortmund,38,Penalty,Away,1
Luka Modric,Croatia,Real Madrid,2015-16,Group Stage,Sevilla,33,Penalty,Home,1
Didier Drogba,Ivory Coast,Chelsea,2017-18,Quarter-Final,Bayern Munich,24,Penalty,Home,1
Bernardo Silva,Portugal,Manchester City,2013-14,Semi-Final,Borussia Dortmund,80,Free Kick,Away,2
Zlatan Ibrahimovic,Sweden,Barcelona,2021-22,Final,Inter Milan,43,Penalty,Away,1
Didier Drogba,Ivory Coast,Chelsea,2013-14,Final,Ac Milan,66,Right Foot,Home,1
Gareth Bale,Wales,Real Madrid,2019-20,Semi-Final,Juventus,61,Right Foot,Away,1
Edinson Cavani,Uruguay,Paris Saint-Germain,2019-20,Semi-Final,Tottenham Hotspur,49,Free Kick,Home,1
Karim Benzema,France,Real Madrid,2019-20,Group Stage,Manchester City,1,Penalty,Away,1
Lionel Messi,Argentina,Paris Saint-Germain,2020-21,Semi-Final,Benfica,28,Right Foot,Away,1
Ousmane Dembele,France,Paris Saint-Germain,2015-16,Group Stage,Benfica,64,Penalty,Away,1
Paulo Dybala,Argentina,Juventus,2018-19,Group Stage,Inter Milan,34,Right Foot,Away,1
Andriy Shevchenko,Ukraine,Chelsea,2012-13,Group Stage,Benfica,76,Right Foot,Home,3
Gareth Bale,Wales,Real Madrid,2017-18,Final,Napoli,40,Right Foot,Home,1
Joshua Kimmich,Germany,Bayern Munich,2013-14,Final,Manchester United,27,Header,Home,2
Joshua Kimmich,Germany,Bayern Munich,2011-12,Group Stage,Sevilla,78,Header,Home,1
Neymar Jr,Brazil,Barcelona,2012-13,Round Of 16,Sevilla,26,Header,Away,2
Zlatan Ibrahimovic,Sweden,Barcelona,2010-11,Group Stage,Bayern Munich,29,Header,Away,1
Antoine Griezmann,France,Atletico Madrid,2020-21,Round Of 16,Porto,78,Left Foot,Away,1
Cristiano Ronaldo,Portugal,Real Madrid,2018-19,Quarter-Final,Sevilla,54,Header,Away,3
Antoine Griezmann,France,Atletico Madrid,2022-23,Round Of 16,Chelsea,84,Right Foot,Home,1
Lionel Messi,Argentina,Paris Saint-Germain,2014-15,Round Of 16,Benfica,61,Header,Away,1
Kylian Mbappe,France,Real Madrid,2021-22,Quarter-Final,Liverpool,28,Free Kick,Away,1
Wayne Rooney,England,Manchester United,2023-24,Round Of 16,Atletico Madrid,3,Free Kick,Away,1
Paulo Dybala,Argentina,Juventus,2019-20,Group Stage,Tottenham Hotspur,44,Right Foot,Away,2
Fernando Torres,Spain,Liverpool,2013-14,Group Stage,Ac Milan,64,Header,Home,1
Fernando Torres,Spain,Liverpool,2023-24,Round Of 16,Ac Milan,79,Header,Away,1
Fernando Torres,Spain,Chelsea,2010-11,Semi-Final,Atletico Madrid,64,Free Kick,Home,1
Sergio Aguero,Argentina,Manchester City,2020-21,Semi-Final,Juventus,19,Right Foot,Home,1
Neymar Jr,Brazil,Barcelona,2010-11,Quarter-Final,Atletico Madrid,3,Header,Home,2
Erling Haaland,Norway,Borussia Dortmund,2015-16,Round Of 16,Manchester United,89,Header,Away,3
Cristiano Ronaldo,Portugal,Juventus,2014-15,Group Stage,Porto,83,Free Kick,Away,1
Zlatan Ibrahimovic,Sweden,Paris Saint-Germain,2016-17,Group Stage,Napoli,22,Right Foot,Home,1
Jude Bellingham,England,Real Madrid,2015-16,Final,Ac Milan,82,Right Foot,Home,2
Robert Lewandowski,Poland,Borussia Dortmund,2023-24,Group Stage,Benfica,6,Right Foot,Away,1
Memphis Depay,Netherlands,Barcelona,2022-23,Final,Napoli,25,Right Foot,Away,2
Andriy Shevchenko,Ukraine,Chelsea,2011-12,Group Stage,Paris Saint-Germain,71,Free Kick,Home,1
Thomas Muller,Germany,Bayern Munich,2020-21,Final,Napoli,19,Left Foot,Away,3
Julian Alvarez,Argentina,Manchester City,2011-12,Semi-Final,Real Madrid,49,Right Foot,Away,1
Gareth Bale,Wales,Real Madrid,2019-20,Final,Chelsea,94,Right Foot,Home,1
Thomas Muller,Germany,Bayern Munich,2019-20,Final,Ac Milan,72,Right Foot,Away,1
Thomas Muller,Germany,Bayern Munich,2019-20,Final,Ajax,80,Header,Home,2
Filippo Inzaghi,Italy,Ac Milan,2020-21,Final,Real Madrid,37,Header,Home,1
Bernardo Silva,Portugal,Manchester City,2022-23,Quarter-Final,Ajax,56,Right Foot,Home,1
Cristiano Ronaldo,Portugal,Manchester United,2014-15,Semi-Final,Tottenham Hotspur,27,Header,Away,1
Toni Kroos,Germany,Real Madrid,2010-11,Group Stage,Manchester United,25,Left Foot,Away,3
Luis Suarez,Uruguay,Atletico Madrid,2019-20,Final,Paris Saint-Germain,89,Left Foot,Home,2
Kevin De Bruyne,Belgium,Manchester City,2010-11,Quarter-Final,Arsenal,64,Header,Away,1
Jude Bellingham,England,Real Madrid,2017-18,Quarter-Final,Porto,3,Penalty,Away,1
Didier Drogba,Ivory Coast,Chelsea,2014-15,Round Of 16,Sevilla,19,Right Foot,Away,3
Memphis Depay,Netherlands,Barcelona,2014-15,Round Of 16,Juventus,27,Header,Home,1
Sergio Aguero,Argentina,Manchester City,2015-16,Quarter-Final,Paris Saint-Germain,23,Penalty,Home,3
Wayne Rooney,England,Manchester United,2016-17,Group Stage,Ac Milan,26,Penalty,Home,1
Filippo Inzaghi,Italy,Ac Milan,2018-19,Round Of 16,Ajax,31,Left Foot,Home,2
Neymar Jr,Brazil,Barcelona,2012-13,Round Of 16,Ajax,23,Penalty,Away,1
Ruud Van Nistelrooy,Netherlands,Real Madrid,2023-24,Group Stage,Manchester United,83,Right Foot,Home,2
Neymar Jr,Brazil,Barcelona,2014-15,Group Stage,Atletico Madrid,13,Penalty,Away,1
Luis Suarez,Uruguay,Atletico Madrid,2011-12,Group Stage,Benfica,75,Left Foot,Home,1
Wayne Rooney,England,Manchester United,2014-15,Group Stage,Napoli,83,Penalty,Away,1
Joshua Kimmich,Germany,Bayern Munich,2020-21,Round Of 16,Juventus,95,Penalty,Away,1
Toni Kroos,Germany,Real Madrid,2022-23,Quarter-Final,Ajax,61,Header,Away,2
Antoine Griezmann,France,Atletico Madrid,2015-16,Semi-Final,Napoli,33,Right Foot,Away,1
Cristiano Ronaldo,Portugal,Manchester United,2020-21,Group Stage,Borussia Dortmund,23,Penalty,Away,3
Erling Haaland,Norway,Manchester City,2019-20,Round Of 16,Barcelona,79,Header,Home,2
Andriy Shevchenko,Ukraine,Chelsea,2017-18,Group Stage,Arsenal,35,Header,Away,3
Gareth Bale,Wales,Real Madrid,2017-18,Quarter-Final,Paris Saint-Germain,42,Penalty,Away,3
Andriy Shevchenko,Ukraine,Ac Milan,2022-23,Group Stage,Chelsea,71,Penalty,Home,1
Sadio Mane,Senegal,Bayern Munich,2011-12,Round Of 16,Inter Milan,75,Penalty,Away,2
Ruud Van Nistelrooy,Netherlands,Real Madrid,2020-21,Quarter-Final,Benfica,8,Header,Home,3
Sergio Aguero,Argentina,Manchester City,2017-18,Quarter-Final,Manchester United,23,Penalty,Home,1
Alfredo Di Stefano,Argentina,Real Madrid,2020-21,Quarter-Final,Bayern Munich,3,Left Foot,Home,1
Robert Lewandowski,Poland,Barcelona,2020-21,Round Of 16,Real Madrid,58,Header,Home,3
Toni Kroos,Germany,Real Madrid,2019-20,Round Of 16,Manchester City,44,Penalty,Home,1
Alfredo Di Stefano,Argentina,Real Madrid,2020-21,Round Of 16,Tottenham Hotspur,44,Penalty,Home,1
Didier Drogba,Ivory Coast,Chelsea,2012-13,Group Stage,Sevilla,77,Right Foot,Away,1
Julian Alvarez,Argentina,Manchester City,2013-14,Group Stage,Chelsea,10,Penalty,Away,2
Ruud Van Nistelrooy,Netherlands,Real Madrid,2021-22,Group Stage,Barcelona,12,Penalty,Away,1
Fernando Torres,Spain,Chelsea,2019-20,Group Stage,Napoli,40,Right Foot,Home,1
Raul Gonzalez,Spain,Real Madrid,2021-22,Final,Barcelona,61,Header,Away,2
Vinicius Junior,Brazil,Real Madrid,2023-24,Group Stage,Chelsea,4,Header,Away,1
Julian Alvarez,Argentina,Manchester City,2017-18,Group Stage,Tottenham Hotspur,72,Header,Home,3
Mohamed Salah,Egypt,Liverpool,2012-13,Round Of 16,Borussia Dortmund,61,Penalty,Home,1
Toni Kroos,Germany,Real Madrid,2017-18,Quarter-Final,Inter Milan,11,Right Foot,Away,1
Alfredo Di Stefano,Argentina,Real Madrid,2016-17,Group Stage,Porto,12,Right Foot,Home,1
Cristiano Ronaldo,Portugal,Real Madrid,2021-22,Round Of 16,Liverpool,47,Penalty,Home,1
Andriy Shevchenko,Ukraine,Ac Milan,2021-22,Final,Manchester City,54,Header,Away,1
Filippo Inzaghi,Italy,Ac Milan,2020-21,Group Stage,Manchester City,27,Penalty,Away,2
Vinicius Junior,Brazil,Real Madrid,2010-11,Quarter-Final,Atletico Madrid,76,Header,Home,1
Neymar Jr,Brazil,Paris Saint-Germain,2010-11,Quarter-Final,Tottenham Hotspur,65,Right Foot,Home,1
Memphis Depay,Netherlands,Barcelona,2012-13,Final,Liverpool,90,Header,Home,1
Jude Bellingham,England,Real Madrid,2015-16,Group Stage,Porto,16,Free Kick,Away,1
Luis Suarez,Uruguay,Atletico Madrid,2019-20,Round Of 16,Chelsea,40,Left Foot,Away,1
Memphis Depay,Netherlands,Barcelona,2020-21,Group Stage,Arsenal,41,Header,Away,1
Zlatan Ibrahimovic,Sweden,Paris Saint-Germain,2012-13,Semi-Final,Bayern Munich,5,Left Foot,Away,1
Filippo Inzaghi,Italy,Ac Milan,2015-16,Semi-Final,Ajax,83,Left Foot,Home,3
Gareth Bale,Wales,Real Madrid,2020-21,Quarter-Final,Bayern Munich,77,Header,Home,2
Antoine Griezmann,France,Atletico Madrid,2023-24,Group Stage,Arsenal,53,Right Foot,Away,3
Bukayo Saka,England,Arsenal,2017-18,Semi-Final,Tottenham Hotspur,28,Left Foot,Home,2
Riyad Mahrez,Algeria,Manchester City,2021-22,Group Stage,Arsenal,22,Left Foot,Away,3
Joshua Kimmich,Germany,Bayern Munich,2023-24,Final,Manchester City,32,Left Foot,Home,1
Bukayo Saka,England,Arsenal,2019-20,Final,Tottenham Hotspur,81,Penalty,Away,1
Luka Modric,Croatia,Real Madrid,2011-12,Group Stage,Bayern Munich,57,Penalty,Away,3
Fernando Torres,Spain,Liverpool,2023-24,Final,Bayern Munich,16,Right Foot,Away,2
Robert Lewandowski,Poland,Bayern Munich,2020-21,Semi-Final,Liverpool,42,Left Foot,Home,3
Jude Bellingham,England,Real Madrid,2017-18,Final,Chelsea,63,Right Foot,Home,1
Bukayo Saka,England,Arsenal,2017-18,Final,Chelsea,45,Left Foot,Home,1
Kylian Mbappe,France,Real Madrid,2010-11,Round Of 16,Manchester United,61,Penalty,Home,3
Ruud Van Nistelrooy,Netherlands,Manchester United,2022-23,Group Stage,Borussia Dortmund,18,Left Foot,Away,1
Neymar Jr,Brazil,Barcelona,2014-15,Round Of 16,Napoli,80,Header,Away,1
Joshua Kimmich,Germany,Bayern Munich,2023-24,Round Of 16,Manchester City,85,Left Foot,Away,2
Vinicius Junior,Brazil,Real Madrid,2015-16,Final,Napoli,31,Header,Away,2
Bernardo Silva,Portugal,Manchester City,2022-23,Round Of 16,Juventus,15,Left Foot,Home,1
Didier Drogba,Ivory Coast,Chelsea,2013-14,Group Stage,Juventus,84,Penalty,Home,1
Memphis Depay,Netherlands,Barcelona,2016-17,Round Of 16,Arsenal,53,Right Foot,Home,1
Julian Alvarez,Argentina,Manchester City,2014-15,Round Of 16,Paris Saint-Germain,63,Free Kick,Home,3
Karim Benzema,France,Real Madrid,2018-19,Final,Juventus,30,Header,Home,1
Paulo Dybala,Argentina,Juventus,2020-21,Semi-Final,Inter Milan,3,Right Foot,Away,1
Zlatan Ibrahimovic,Sweden,Paris Saint-Germain,2022-23,Group Stage,Juventus,53,Right Foot,Home,1
Lionel Messi,Argentina,Barcelona,2010-11,Semi-Final,Sevilla,59,Right Foot,Away,3
Didier Drogba,Ivory Coast,Chelsea,2016-17,Group Stage,Ac Milan,57,Penalty,Away,1
Erling Haaland,Norway,Manchester City,2011-12,Group Stage,Arsenal,33,Right Foot,Home,1
Luis Suarez,Uruguay,Barcelona,2021-22,Round Of 16,Manchester City,8,Penalty,Away,1
Cristiano Ronaldo,Portugal,Manchester United,2017-18,Group Stage,Borussia Dortmund,67,Free Kick,Away,1
Luka Modric,Croatia,Real Madrid,2023-24,Group Stage,Atletico Madrid,64,Penalty,Away,3
Riyad Mahrez,Algeria,Manchester City,2014-15,Round Of 16,Tottenham Hotspur,76,Left Foot,Home,3
Memphis Depay,Netherlands,Barcelona,2023-24,Group Stage,Juventus,12,Penalty,Home,1
Vinicius Junior,Brazil,Real Madrid,2012-13,Final,Manchester City,32,Penalty,Home,3
Gareth Bale,Wales,Real Madrid,2016-17,Round Of 16,Atletico Madrid,94,Header,Away,1
Bukayo Saka,England,Arsenal,2022-23,Round Of 16,Barcelona,82,Penalty,Away,1
Jude Bellingham,England,Real Madrid,2020-21,Group Stage,Ac Milan,11,Free Kick,Away,1
Fernando Torres,Spain,Liverpool,2019-20,Semi-Final,Manchester United,70,Penalty,Away,1
Cristiano Ronaldo,Portugal,Real Madrid,2017-18,Final,Arsenal,37,Header,Home,1
Mohamed Salah,Egypt,Liverpool,2023-24,Group Stage,Manchester City,89,Penalty,Home,1
Kevin De Bruyne,Belgium,Manchester City,2022-23,Group Stage,Bayern Munich,16,Right Foot,Home,2
Cristiano Ronaldo,Portugal,Real Madrid,2023-24,Final,Barcelona,43,Penalty,Away,1
Zlatan Ibrahimovic,Sweden,Ac Milan,2013-14,Round Of 16,Napoli,55,Free Kick,Home,1
Kylian Mbappe,France,Paris Saint-Germain,2013-14,Group Stage,Ajax,48,Penalty,Away,1
Riyad Mahrez,Algeria,Manchester City,2019-20,Semi-Final,Napoli,48,Right Foot,Away,1
Fernando Torres,Spain,Chelsea,2019-20,Final,Manchester United,59,Penalty,Home,3
Victor Osimhen,Nigeria,Napoli,2012-13,Group Stage,Manchester City,8,Free Kick,Away,2
Filippo Inzaghi,Italy,Ac Milan,2016-17,Final,Sevilla,51,Right Foot,Home,1
Luka Modric,Croatia,Real Madrid,2010-11,Final,Paris Saint-Germain,43,Right Foot,Away,2
Ousmane Dembele,France,Paris Saint-Germain,2013-14,Group Stage,Manchester City,15,Left Foot,Away,1
Neymar Jr,Brazil,Barcelona,2014-15,Group Stage,Chelsea,10,Header,Away,3
Fernando Torres,Spain,Liverpool,2012-13,Final,Sevilla,49,Header,Home,1
Mohamed Salah,Egypt,Liverpool,2015-16,Group Stage,Benfica,84,Penalty,Away,2
Ruud Van Nistelrooy,Netherlands,Real Madrid,2017-18,Round Of 16,Borussia Dortmund,41,Penalty,Home,2
Memphis Depay,Netherlands,Barcelona,2020-21,Round Of 16,Bayern Munich,9,Left Foot,Home,3
Riyad Mahrez,Algeria,Manchester City,2023-24,Final,Benfica,49,Left Foot,Away,1
Mohamed Salah,Egypt,Liverpool,2014-15,Final,Chelsea,11,Header,Away,1
Robert Lewandowski,Poland,Barcelona,2020-21,Group Stage,Atletico Madrid,32,Header,Home,3
Edinson Cavani,Uruguay,Paris Saint-Germain,2023-24,Group Stage,Atletico Madrid,2,Free Kick,Away,3
Luka Modric,Croatia,Real Madrid,2010-11,Semi-Final,Bayern Munich,58,Penalty,Away,2
Victor Osimhen,Nigeria,Napoli,2010-11,Group Stage,Porto,5,Right Foot,Home,1
Mohamed Salah,Egypt,Liverpool,2015-16,Quarter-Final,Tottenham Hotspur,96,Right Foot,Away,1
Joshua Kimmich,Germany,Bayern Munich,2011-12,Semi-Final,Sevilla,21,Left Foot,Home,1
Sadio Mane,Senegal,Bayern Munich,2019-20,Final,Liverpool,95,Header,Away,1
Harry Kane,England,Bayern Munich,2021-22,Group Stage,Inter Milan,46,Header,Home,1
Cristiano Ronaldo,Portugal,Manchester United,2017-18,Group Stage,Juventus,25,Header,Home,2
Sadio Mane,Senegal,Bayern Munich,2023-24,Group Stage,Manchester City,20,Free Kick,Away,1
Alfredo Di Stefano,Argentina,Real Madrid,2017-18,Semi-Final,Liverpool,91,Free Kick,Home,1
Jude Bellingham,England,Real Madrid,2019-20,Round Of 16,Juventus,54,Left Foot,Home,2
Zlatan Ibrahimovic,Sweden,Ac Milan,2019-20,Semi-Final,Napoli,81,Penalty,Home,2
Luka Modric,Croatia,Real Madrid,2011-12,Quarter-Final,Napoli,17,Penalty,Away,1
Sergio Aguero,Argentina,Manchester City,2017-18,Round Of 16,Manchester United,61,Header,Away,1
Jude Bellingham,England,Real Madrid,2015-16,Group Stage,Ajax,48,Header,Away,2
Gareth Bale,Wales,Real Madrid,2022-23,Group Stage,Atletico Madrid,50,Penalty,Away,1
Ousmane Dembele,France,Barcelona,2014-15,Quarter-Final,Juventus,90,Penalty,Away,1
Neymar Jr,Brazil,Barcelona,2023-24,Final,Atletico Madrid,65,Right Foot,Home,1
Erling Haaland,Norway,Manchester City,2020-21,Round Of 16,Napoli,21,Penalty,Away,1
Julian Alvarez,Argentina,Manchester City,2019-20,Round Of 16,Inter Milan,83,Penalty,Away,3
Zlatan Ibrahimovic,Sweden,Barcelona,2020-21,Quarter-Final,Real Madrid,16,Right Foot,Home,1
Joshua Kimmich,Germany,Bayern Munich,2011-12,Semi-Final,Ajax,49,Header,Away,1
Neymar Jr,Brazil,Barcelona,2011-12,Round Of 16,Liverpool,22,Header,Home,1
Sergio Aguero,Argentina,Manchester City,2022-23,Final,Juventus,54,Header,Home,2
Edinson Cavani,Uruguay,Paris Saint-Germain,2021-22,Final,Benfica,11,Penalty,Away,1
Alfredo Di Stefano,Argentina,Real Madrid,2023-24,Group Stage,Arsenal,20,Free Kick,Home,1
Riyad Mahrez,Algeria,Manchester City,2021-22,Semi-Final,Barcelona,55,Header,Home,2
Antoine Griezmann,France,Atletico Madrid,2021-22,Quarter-Final,Porto,83,Right Foot,Home,1
Ruud Van Nistelrooy,Netherlands,Manchester United,2011-12,Group Stage,Ac Milan,33,Left Foot,Home,1
Neymar Jr,Brazil,Barcelona,2014-15,Group Stage,Juventus,89,Right Foot,Home,2
Gareth Bale,Wales,Real Madrid,2020-21,Group Stage,Manchester City,8,Header,Away,1
Vinicius Junior,Brazil,Real Madrid,2016-17,Round Of 16,Liverpool,32,Penalty,Away,2
Zlatan Ibrahimovic,Sweden,Paris Saint-Germain,2023-24,Semi-Final,Ajax,65,Free Kick,Home,1
Erling Haaland,Norway,Manchester City,2010-11,Round Of 16,Barcelona,70,Header,Home,1
Kylian Mbappe,France,Real Madrid,2015-16,Group Stage,Chelsea,93,Right Foot,Away,1
Sadio Mane,Senegal,Bayern Munich,2015-16,Group Stage,Real Madrid,57,Header,Home,1
Neymar Jr,Brazil,Paris Saint-Germain,2011-12,Quarter-Final,Ajax,83,Right Foot,Away,3
Alessandro Del Piero,Italy,Juventus,2013-14,Round Of 16,Napoli,7,Penalty,Home,3
Luis Suarez,Uruguay,Barcelona,2015-16,Round Of 16,Tottenham Hotspur,48,Penalty,Away,1
Toni Kroos,Germany,Real Madrid,2014-15,Group Stage,Atletico Madrid,46,Left Foot,Away,1
Jude Bellingham,England,Real Madrid,2016-17,Round Of 16,Chelsea,95,Right Foot,Home,1
Zlatan Ibrahimovic,Sweden,Paris Saint-Germain,2015-16,Quarter-Final,Napoli,59,Free Kick,Away,1
Alessandro Del Piero,Italy,Juventus,2013-14,Round Of 16,Inter Milan,67,Penalty,Away,1
Raul Gonzalez,Spain,Real Madrid,2015-16,Semi-Final,Ajax,69,Header,Home,2
Raul Gonzalez,Spain,Real Madrid,2015-16,Group Stage,Atletico Madrid,52,Header,Away,1
Cristiano Ronaldo,Portugal,Real Madrid,2016-17,Round Of 16,Benfica,85,Free Kick,Home,2
Filippo Inzaghi,Italy,Ac Milan,2020-21,Group Stage,Real Madrid,7,Penalty,Away,1
Paulo Dybala,Argentina,Juventus,2019-20,Semi-Final,Bayern Munich,17,Left Foot,Away,2
Ruud Van Nistelrooy,Netherlands,Real Madrid,2014-15,Group Stage,Inter Milan,29,Right Foot,Home,1
Victor Osimhen,Nigeria,Napoli,2022-23,Quarter-Final,Borussia Dortmund,55,Penalty,Home,1
Cristiano Ronaldo,Portugal,Manchester United,2016-17,Round Of 16,Inter Milan,18,Right Foot,Away,1
Ruud Van Nistelrooy,Netherlands,Real Madrid,2010-11,Quarter-Final,Juventus,59,Right Foot,Away,2
Kevin De Bruyne,Belgium,Manchester City,2017-18,Group Stage,Barcelona,75,Right Foot,Away,2
Kevin De Bruyne,Belgium,Manchester City,2017-18,Round Of 16,Juventus,96,Penalty,Away,2
Jude Bellingham,England,Real Madrid,2016-17,Group Stage,Atletico Madrid,91,Penalty,Home,1
Edinson Cavani,Uruguay,Paris Saint-Germain,2014-15,Round Of 16,Inter Milan,17,Right Foot,Home,2
Antoine Griezmann,France,Atletico Madrid,2019-20,Group Stage,Inter Milan,82,Right Foot,Away,2
Memphis Depay,Netherlands,Barcelona,2023-24,Round Of 16,Real Madrid,57,Header,Home,1
Toni Kroos,Germany,Real Madrid,2015-16,Round Of 16,Benfica,11,Header,Home,2
Luis Suarez,Uruguay,Barcelona,2015-16,Round Of 16,Tottenham Hotspur,11,Header,Away,3
Antoine Griezmann,France,Atletico Madrid,2023-24,Semi-Final,Chelsea,87,Free Kick,Away,1
Kylian Mbappe,France,Real Madrid,2023-24,Final,Sevilla,31,Right Foot,Away,1
Alessandro Del Piero,Italy,Juventus,2012-13,Group Stage,Liverpool,17,Right Foot,Home,1
Karim Benzema,France,Real Madrid,2017-18,Quarter-Final,Tottenham Hotspur,21,Free Kick,Away,1
Memphis Depay,Netherlands,Barcelona,2011-12,Group Stage,Inter Milan,37,Header,Home,1
Kylian Mbappe,France,Real Madrid,2023-24,Group Stage,Paris Saint-Germain,9,Penalty,Home,1
Jude Bellingham,England,Real Madrid,2010-11,Semi-Final,Benfica,95,Free Kick,Home,1
Julian Alvarez,Argentina,Manchester City,2021-22,Quarter-Final,Ac Milan,4,Left Foot,Home,2
Riyad Mahrez,Algeria,Manchester City,2013-14,Group Stage,Real Madrid,6,Right Foot,Away,1
Kevin De Bruyne,Belgium,Manchester City,2016-17,Quarter-Final,Juventus,24,Right Foot,Away,2
Antoine Griezmann,France,Atletico Madrid,2011-12,Group Stage,Borussia Dortmund,45,Right Foot,Away,1
Mohamed Salah,Egypt,Liverpool,2011-12,Group Stage,Tottenham Hotspur,48,Left Foot,Away,2
Edinson Cavani,Uruguay,Paris Saint-Germain,2022-23,Quarter-Final,Bayern Munich,40,Left Foot,Home,1
Alfredo Di Stefano,Argentina,Real Madrid,2014-15,Quarter-Final,Porto,21,Header,Home,1
Kevin De Bruyne,Belgium,Manchester City,2017-18,Semi-Final,Manchester United,48,Right Foot,Away,3
Robert Lewandowski,Poland,Bayern Munich,2013-14,Quarter-Final,Chelsea,55,Right Foot,Home,1
Luka Modric,Croatia,Real Madrid,2010-11,Group Stage,Manchester United,83,Right Foot,Home,1
Cristiano Ronaldo,Portugal,Real Madrid,2013-14,Group Stage,Inter Milan,8,Penalty,Home,2
Alfredo Di Stefano,Argentina,Real Madrid,2014-15,Group Stage,Manchester United,78,Header,Home,2
Filippo Inzaghi,Italy,Ac Milan,2012-13,Group Stage,Arsenal,73,Penalty,Home,1
Joshua Kimmich,Germany,Bayern Munich,2021-22,Final,Ac Milan,79,Penalty,Home,1
Sergio Aguero,Argentina,Manchester City,2012-13,Final,Paris Saint-Germain,68,Left Foot,Home,1
Ruud Van Nistelrooy,Netherlands,Real Madrid,2023-24,Group Stage,Bayern Munich,36,Header,Home,1
Kevin De Bruyne,Belgium,Manchester City,2011-12,Semi-Final,Bayern Munich,18,Penalty,Away,1
Alessandro Del Piero,Italy,Juventus,2016-17,Quarter-Final,Liverpool,55,Penalty,Away,1
Zlatan Ibrahimovic,Sweden,Paris Saint-Germain,2015-16,Semi-Final,Chelsea,23,Header,Away,1
Ousmane Dembele,France,Barcelona,2022-23,Semi-Final,Real Madrid,1,Penalty,Away,1
Jude Bellingham,England,Real Madrid,2016-17,Quarter-Final,Porto,61,Right Foot,Home,1
Thomas Muller,Germany,Bayern Munich,2010-11,Round Of 16,Manchester City,64,Right Foot,Away,1
Bernardo Silva,Portugal,Manchester City,2020-21,Round Of 16,Paris Saint-Germain,88,Free Kick,Away,1
Luis Suarez,Uruguay,Atletico Madrid,2018-19,Round Of 16,Porto,7,Header,Home,2
Luka Modric,Croatia,Real Madrid,2017-18,Quarter-Final,Tottenham Hotspur,5,Right Foot,Home,1
Bukayo Saka,England,Arsenal,2015-16,Round Of 16,Manchester City,48,Left Foot,Away,2
Toni Kroos,Germany,Real Madrid,2023-24,Group Stage,Napoli,10,Penalty,Home,1
Luis Suarez,Uruguay,Barcelona,2010-11,Final,Napoli,12,Right Foot,Away,1
Thomas Muller,Germany,Bayern Munich,2013-14,Round Of 16,Tottenham Hotspur,61,Right Foot,Home,1
Victor Osimhen,Nigeria,Napoli,2016-17,Group Stage,Real Madrid,89,Free Kick,Away,1
Victor Osimhen,Nigeria,Napoli,2019-20,Group Stage,Real Madrid,20,Penalty,Away,1
Karim Benzema,France,Real Madrid,2019-20,Final,Bayern Munich,28,Right Foot,Home,1
Memphis Depay,Netherlands,Barcelona,2012-13,Group Stage,Sevilla,6,Free Kick,Away,1
Edinson Cavani,Uruguay,Paris Saint-Germain,2019-20,Group Stage,Barcelona,3,Header,Away,1
Ousmane Dembele,France,Barcelona,2017-18,Final,Ajax,55,Right Foot,Home,2
Gareth Bale,Wales,Real Madrid,2020-21,Round Of 16,Atletico Madrid,86,Penalty,Home,1
Kylian Mbappe,France,Paris Saint-Germain,2016-17,Group Stage,Porto,65,Header,Home,2
Alfredo Di Stefano,Argentina,Real Madrid,2022-23,Group Stage,Ajax,6,Penalty,Home,1
Kevin De Bruyne,Belgium,Manchester City,2013-14,Group Stage,Napoli,20,Penalty,Away,1
Ruud Van Nistelrooy,Netherlands,Real Madrid,2018-19,Group Stage,Sevilla,17,Right Foot,Away,1
Thomas Muller,Germany,Bayern Munich,2014-15,Group Stage,Liverpool,79,Penalty,Away,3
Joshua Kimmich,Germany,Bayern Munich,2013-14,Round Of 16,Ajax,30,Penalty,Home,1
Joshua Kimmich,Germany,Bayern Munich,2013-14,Quarter-Final,Paris Saint-Germain,54,Left Foot,Home,1
Cristiano Ronaldo,Portugal,Real Madrid,2020-21,Semi-Final,Borussia Dortmund,89,Right Foot,Away,1
Ousmane Dembele,France,Paris Saint-Germain,2018-19,Quarter-Final,Manchester United,19,Right Foot,Home,2
Julian Alvarez,Argentina,Manchester City,2011-12,Quarter-Final,Chelsea,16,Right Foot,Home,3
Bernardo Silva,Portugal,Manchester City,2012-13,Round Of 16,Tottenham Hotspur,91,Right Foot,Away,3
Cristiano Ronaldo,Portugal,Real Madrid,2022-23,Quarter-Final,Liverpool,49,Right Foot,Home,1
Alfredo Di Stefano,Argentina,Real Madrid,2014-15,Final,Inter Milan,11,Penalty,Home,1
Paulo Dybala,Argentina,Juventus,2019-20,Round Of 16,Barcelona,79,Free Kick,Away,1
Luis Suarez,Uruguay,Barcelona,2010-11,Final,Chelsea,21,Free Kick,Home,3
Mohamed Salah,Egypt,Liverpool,2019-20,Round Of 16,Barcelona,71,Right Foot,Home,3
Didier Drogba,Ivory Coast,Chelsea,2013-14,Semi-Final,Inter Milan,36,Free Kick,Away,3
Toni Kroos,Germany,Real Madrid,2016-17,Group Stage,Porto,70,Penalty,Home,3
Karim Benzema,France,Real Madrid,2010-11,Semi-Final,Borussia Dortmund,38,Free Kick,Away,1
Ruud Van Nistelrooy,Netherlands,Manchester United,2021-22,Group Stage,Inter Milan,28,Header,Home,1
Ousmane Dembele,France,Barcelona,2016-17,Round Of 16,Ac Milan,6,Penalty,Home,2
Alfredo Di Stefano,Argentina,Real Madrid,2013-14,Round Of 16,Paris Saint-Germain,27,Penalty,Home,2
Harry Kane,England,Tottenham Hotspur,2021-22,Semi-Final,Porto,48,Penalty,Home,1
Luis Suarez,Uruguay,Atletico Madrid,2021-22,Round Of 16,Real Madrid,86,Header,Away,1
Sergio Aguero,Argentina,Manchester City,2010-11,Group Stage,Barcelona,74,Free Kick,Away,2
Didier Drogba,Ivory Coast,Chelsea,2011-12,Semi-Final,Ac Milan,87,Right Foot,Away,2
Jude Bellingham,England,Real Madrid,2011-12,Round Of 16,Porto,46,Penalty,Away,1
Memphis Depay,Netherlands,Barcelona,2021-22,Quarter-Final,Tottenham Hotspur,33,Penalty,Home,1
Andriy Shevchenko,Ukraine,Ac Milan,2022-23,Round Of 16,Real Madrid,85,Header,Away,1
Gareth Bale,Wales,Real Madrid,2012-13,Semi-Final,Ajax,48,Left Foot,Home,1
Vinicius Junior,Brazil,Real Madrid,2012-13,Final,Arsenal,41,Right Foot,Home,2
Zlatan Ibrahimovic,Sweden,Inter Milan,2020-21,Quarter-Final,Liverpool,5,Header,Home,1
Ruud Van Nistelrooy,Netherlands,Real Madrid,2011-12,Group Stage,Napoli,55,Right Foot,Away,2
Gareth Bale,Wales,Real Madrid,2019-20,Round Of 16,Porto,88,Penalty,Home,2
Robert Lewandowski,Poland,Borussia Dortmund,2012-13,Round Of 16,Manchester United,61,Header,Home,1
Edinson Cavani,Uruguay,Paris Saint-Germain,2010-11,Group Stage,Sevilla,74,Header,Away,1
Fernando Torres,Spain,Liverpool,2021-22,Group Stage,Borussia Dortmund,23,Free Kick,Away,1
Bernardo Silva,Portugal,Manchester City,2011-12,Round Of 16,Real Madrid,89,Header,Home,3
Kevin De Bruyne,Belgium,Manchester City,2012-13,Round Of 16,Inter Milan,71,Right Foot,Away,1
Vinicius Junior,Brazil,Real Madrid,2011-12,Round Of 16,Bayern Munich,14,Header,Home,1
Lionel Messi,Argentina,Paris Saint-Germain,2017-18,Round Of 16,Sevilla,73,Penalty,Home,1
Jude Bellingham,England,Real Madrid,2016-17,Quarter-Final,Bayern Munich,41,Left Foot,Away,1
Toni Kroos,Germany,Real Madrid,2013-14,Round Of 16,Juventus,23,Penalty,Home,3
Wayne Rooney,England,Manchester United,2021-22,Group Stage,Arsenal,16,Right Foot,Home,2
Jude Bellingham,England,Real Madrid,2014-15,Group Stage,Borussia Dortmund,23,Header,Away,1
Mohamed Salah,Egypt,Liverpool,2021-22,Round Of 16,Chelsea,36,Free Kick,Home,1
Luis Suarez,Uruguay,Atletico Madrid,2023-24,Quarter-Final,Napoli,34,Penalty,Home,1
Luka Modric,Croatia,Real Madrid,2010-11,Group Stage,Napoli,75,Penalty,Away,1
Bukayo Saka,England,Arsenal,2010-11,Group Stage,Real Madrid,44,Right Foot,Home,1
Thomas Muller,Germany,Bayern Munich,2016-17,Round Of 16,Ac Milan,60,Free Kick,Home,2
Filippo Inzaghi,Italy,Ac Milan,2015-16,Group Stage,Benfica,65,Right Foot,Home,3
Kevin De Bruyne,Belgium,Manchester City,2018-19,Group Stage,Ajax,19,Right Foot,Away,1
Antoine Griezmann,France,Atletico Madrid,2016-17,Final,Manchester City,92,Free Kick,Home,1
Paulo Dybala,Argentina,Juventus,2020-21,Round Of 16,Sevilla,33,Header,Away,1
Erling Haaland,Norway,Manchester City,2011-12,Round Of 16,Borussia Dortmund,49,Left Foot,Home,2
Toni Kroos,Germany,Real Madrid,2012-13,Group Stage,Manchester City,44,Right Foot,Home,1
Vinicius Junior,Brazil,Real Madrid,2022-23,Group Stage,Barcelona,86,Right Foot,Away,2
Jude Bellingham,England,Real Madrid,2023-24,Group Stage,Chelsea,30,Penalty,Away,1
Vinicius Junior,Brazil,Real Madrid,2020-21,Semi-Final,Sevilla,27,Right Foot,Home,1
Riyad Mahrez,Algeria,Manchester City,2017-18,Final,Real Madrid,11,Penalty,Away,2
Kevin De Bruyne,Belgium,Manchester City,2022-23,Round Of 16,Tottenham Hotspur,65,Right Foot,Away,1
Jude Bellingham,England,Real Madrid,2010-11,Group Stage,Napoli,41,Free Kick,Away,2
Bernardo Silva,Portugal,Manchester City,2017-18,Group Stage,Ac Milan,46,Penalty,Home,1
Bernardo Silva,Portugal,Manchester City,2021-22,Round Of 16,Bayern Munich,17,Right Foot,Away,2
Memphis Depay,Netherlands,Barcelona,2018-19,Round Of 16,Manchester United,49,Penalty,Away,1
Mohamed Salah,Egypt,Liverpool,2022-23,Group Stage,Sevilla,16,Penalty,Away,2
Filippo Inzaghi,Italy,Ac Milan,2013-14,Final,Borussia Dortmund,17,Header,Home,1
Neymar Jr,Brazil,Barcelona,2012-13,Semi-Final,Borussia Dortmund,54,Free Kick,Home,1
Raul Gonzalez,Spain,Real Madrid,2015-16,Group Stage,Arsenal,17,Penalty,Home,1
Vinicius Junior,Brazil,Real Madrid,2022-23,Final,Ajax,76,Right Foot,Home,1
Alessandro Del Piero,Italy,Juventus,2018-19,Group Stage,Sevilla,25,Left Foot,Home,2
Raul Gonzalez,Spain,Real Madrid,2014-15,Round Of 16,Juventus,28,Left Foot,Home,1
Ousmane Dembele,France,Barcelona,2017-18,Round Of 16,Atletico Madrid,45,Left Foot,Away,3
Alfredo Di Stefano,Argentina,Real Madrid,2014-15,Round Of 16,Ajax,94,Left Foot,Home,2
Edinson Cavani,Uruguay,Paris Saint-Germain,2013-14,Group Stage,Juventus,19,Left Foot,Away,1
Sergio Aguero,Argentina,Manchester City,2015-16,Group Stage,Porto,89,Header,Home,1
Thomas Muller,Germany,Bayern Munich,2021-22,Final,Barcelona,14,Right Foot,Home,2
Alfredo Di Stefano,Argentina,Real Madrid,2021-22,Round Of 16,Borussia Dortmund,36,Right Foot,Away,2
Lionel Messi,Argentina,Paris Saint-Germain,2023-24,Quarter-Final,Manchester United,22,Free Kick,Away,1
Bernardo Silva,Portugal,Manchester City,2010-11,Round Of 16,Chelsea,9,Right Foot,Home,1
Wayne Rooney,England,Manchester United,2010-11,Group Stage,Bayern Munich,2,Right Foot,Away,3
Jude Bellingham,England,Real Madrid,2018-19,Group Stage,Ac Milan,14,Penalty,Away,2
Gareth Bale,Wales,Real Madrid,2017-18,Semi-Final,Manchester City,94,Penalty,Home,1
Bukayo Saka,England,Arsenal,2017-18,Group Stage,Tottenham Hotspur,12,Penalty,Home,1
Joshua Kimmich,Germany,Bayern Munich,2013-14,Group Stage,Paris Saint-Germain,25,Left Foot,Home,2
Cristiano Ronaldo,Portugal,Manchester United,2022-23,Round Of 16,Chelsea,78,Penalty,Home,1
Robert Lewandowski,Poland,Bayern Munich,2016-17,Semi-Final,Real Madrid,56,Right Foot,Home,1
Jude Bellingham,England,Real Madrid,2013-14,Round Of 16,Juventus,45,Free Kick,Away,1
Zlatan Ibrahimovic,Sweden,Ac Milan,2011-12,Group Stage,Napoli,80,Left Foot,Away,1
Gareth Bale,Wales,Real Madrid,2012-13,Final,Napoli,18,Penalty,Away,2
Karim Benzema,France,Real Madrid,2023-24,Final,Porto,23,Header,Home,1
Joshua Kimmich,Germany,Bayern Munich,2018-19,Quarter-Final,Atletico Madrid,34,Right Foot,Home,2
Robert Lewandowski,Poland,Barcelona,2016-17,Round Of 16,Sevilla,32,Free Kick,Home,1
Paulo Dybala,Argentina,Juventus,2015-16,Group Stage,Napoli,16,Right Foot,Home,1
Edinson Cavani,Uruguay,Paris Saint-Germain,2023-24,Group Stage,Manchester United,11,Left Foot,Home,2
Neymar Jr,Brazil,Barcelona,2011-12,Group Stage,Real Madrid,48,Penalty,Home,1
Gareth Bale,Wales,Real Madrid,2023-24,Quarter-Final,Barcelona,42,Penalty,Home,1
Paulo Dybala,Argentina,Juventus,2019-20,Round Of 16,Manchester United,89,Header,Away,1
Thomas Muller,Germany,Bayern Munich,2014-15,Quarter-Final,Manchester City,24,Free Kick,Home,1
Sergio Aguero,Argentina,Manchester City,2016-17,Group Stage,Atletico Madrid,56,Right Foot,Home,1
Luis Suarez,Uruguay,Atletico Madrid,2011-12,Round Of 16,Tottenham Hotspur,31,Header,Away,1
Kylian Mbappe,France,Real Madrid,2019-20,Round Of 16,Bayern Munich,4,Penalty,Home,1
Filippo Inzaghi,Italy,Ac Milan,2021-22,Final,Real Madrid,88,Left Foot,Home,1
Alfredo Di Stefano,Argentina,Real Madrid,2011-12,Semi-Final,Paris Saint-Germain,76,Penalty,Away,3
Neymar Jr,Brazil,Paris Saint-Germain,2014-15,Group Stage,Inter Milan,13,Penalty,Home,1
Edinson Cavani,Uruguay,Paris Saint-Germain,2019-20,Round Of 16,Sevilla,96,Penalty,Home,2
Ousmane Dembele,France,Barcelona,2016-17,Group Stage,Tottenham Hotspur,59,Free Kick,Home,1
Alessandro Del Piero,Italy,Juventus,2017-18,Group Stage,Bayern Munich,65,Header,Away,2
Thomas Muller,Germany,Bayern Munich,2014-15,Group Stage,Porto,22,Right Foot,Away,3
Wayne Rooney,England,Manchester United,2023-24,Group Stage,Napoli,89,Free Kick,Away,1
Vinicius Junior,Brazil,Real Madrid,2013-14,Group Stage,Paris Saint-Germain,77,Right Foot,Home,2
Alfredo Di Stefano,Argentina,Real Madrid,2013-14,Group Stage,Benfica,36,Right Foot,Away,1
Paulo Dybala,Argentina,Juventus,2023-24,Semi-Final,Paris Saint-Germain,63,Header,Home,2
Alfredo Di Stefano,Argentina,Real Madrid,2020-21,Quarter-Final,Arsenal,38,Right Foot,Away,2
Kylian Mbappe,France,Paris Saint-Germain,2023-24,Semi-Final,Bayern Munich,49,Right Foot,Home,1
Vinicius Junior,Brazil,Real Madrid,2010-11,Group Stage,Arsenal,12,Penalty,Away,1
Zlatan Ibrahimovic,Sweden,Paris Saint-Germain,2020-21,Final,Atletico Madrid,79,Penalty,Away,3
Robert Lewandowski,Poland,Borussia Dortmund,2023-24,Quarter-Final,Bayern Munich,62,Penalty,Home,2
Memphis Depay,Netherlands,Barcelona,2016-17,Round Of 16,Manchester United,73,Right Foot,Home,1
Andriy Shevchenko,Ukraine,Ac Milan,2021-22,Final,Liverpool,85,Header,Home,2
Memphis Depay,Netherlands,Barcelona,2022-23,Semi-Final,Ac Milan,92,Left Foot,Home,1
Sadio Mane,Senegal,Bayern Munich,2015-16,Group Stage,Borussia Dortmund,53,Right Foot,Away,2
Luka Modric,Croatia,Real Madrid,2015-16,Round Of 16,Ac Milan,82,Penalty,Away,3
Toni Kroos,Germany,Real Madrid,2023-24,Final,Benfica,50,Right Foot,Home,1
Victor Osimhen,Nigeria,Napoli,2014-15,Semi-Final,Atletico Madrid,59,Right Foot,Away,1
Zlatan Ibrahimovic,Sweden,Inter Milan,2023-24,Group Stage,Arsenal,20,Penalty,Away,1
Ruud Van Nistelrooy,Netherlands,Manchester United,2011-12,Group Stage,Atletico Madrid,48,Free Kick,Away,3
Gareth Bale,Wales,Real Madrid,2021-22,Group Stage,Ac Milan,9,Penalty,Away,1
Zlatan Ibrahimovic,Sweden,Ac Milan,2014-15,Round Of 16,Paris Saint-Germain,81,Left Foot,Away,1
Julian Alvarez,Argentina,Manchester City,2011-12,Final,Barcelona,84,Right Foot,Home,1
Victor Osimhen,Nigeria,Napoli,2023-24,Round Of 16,Ac Milan,21,Header,Away,3
Paulo Dybala,Argentina,Juventus,2018-19,Semi-Final,Manchester United,9,Header,Home,2
Neymar Jr,Brazil,Barcelona,2014-15,Round Of 16,Ac Milan,36,Free Kick,Away,2
Didier Drogba,Ivory Coast,Chelsea,2015-16,Round Of 16,Manchester City,91,Header,Home,1
Fernando Torres,Spain,Liverpool,2021-22,Final,Napoli,95,Free Kick,Home,2
Alessandro Del Piero,Italy,Juventus,2010-11,Quarter-Final,Napoli,8,Penalty,Home,3
Lionel Messi,Argentina,Paris Saint-Germain,2019-20,Semi-Final,Barcelona,22,Header,Away,1
Vinicius Junior,Brazil,Real Madrid,2018-19,Group Stage,Paris Saint-Germain,74,Header,Home,1
Harry Kane,England,Bayern Munich,2023-24,Round Of 16,Inter Milan,80,Header,Away,2
Lionel Messi,Argentina,Paris Saint-Germain,2015-16,Quarter-Final,Inter Milan,7,Penalty,Away,1
Luis Suarez,Uruguay,Barcelona,2013-14,Round Of 16,Porto,47,Right Foot,Home,2
Cristiano Ronaldo,Portugal,Real Madrid,2020-21,Group Stage,Napoli,59,Right Foot,Home,3
Zlatan Ibrahimovic,Sweden,Paris Saint-Germain,2016-17,Round Of 16,Napoli,39,Header,Away,1
Zlatan Ibrahimovic,Sweden,Ac Milan,2011-12,Group Stage,Benfica,37,Penalty,Away,1
Robert Lewandowski,Poland,Bayern Munich,2022-23,Round Of 16,Manchester City,5,Right Foot,Away,1
Erling Haaland,Norway,Borussia Dortmund,2012-13,Group Stage,Manchester City,11,Header,Home,1
Sadio Mane,Senegal,Liverpool,2010-11,Semi-Final,Ac Milan,42,Penalty,Away,3
Kevin De Bruyne,Belgium,Manchester City,2020-21,Group Stage,Tottenham Hotspur,91,Header,Away,1
Raul Gonzalez,Spain,Real Madrid,2017-18,Round Of 16,Benfica,54,Header,Away,3
Filippo Inzaghi,Italy,Ac Milan,2016-17,Round Of 16,Napoli,69,Header,Home,3
Toni Kroos,Germany,Real Madrid,2020-21,Group Stage,Paris Saint-Germain,37,Header,Home,2
Sergio Aguero,Argentina,Manchester City,2015-16,Group Stage,Sevilla,47,Free Kick,Away,1
Erling Haaland,Norway,Borussia Dortmund,2023-24,Round Of 16,Atletico Madrid,25,Right Foot,Away,1
Neymar Jr,Brazil,Barcelona,2019-20,Final,Atletico Madrid,41,Left Foot,Away,1
Bernardo Silva,Portugal,Manchester City,2019-20,Round Of 16,Real Madrid,35,Right Foot,Home,3
Wayne Rooney,England,Manchester United,2023-24,Quarter-Final,Ac Milan,42,Left Foot,Away,3
Ruud Van Nistelrooy,Netherlands,Manchester United,2020-21,Group Stage,Arsenal,85,Left Foot,Home,1
Luis Suarez,Uruguay,Barcelona,2015-16,Quarter-Final,Tottenham Hotspur,3,Right Foot,Home,2
Mohamed Salah,Egypt,Liverpool,2016-17,Group Stage,Real Madrid,7,Header,Away,1
Riyad Mahrez,Algeria,Manchester City,2023-24,Quarter-Final,Borussia Dortmund,76,Right Foot,Away,3
Andriy Shevchenko,Ukraine,Chelsea,2019-20,Round Of 16,Liverpool,1,Header,Home,1
Ruud Van Nistelrooy,Netherlands,Real Madrid,2017-18,Group Stage,Barcelona,34,Penalty,Away,1
Kylian Mbappe,France,Real Madrid,2019-20,Final,Porto,93,Right Foot,Home,1
Neymar Jr,Brazil,Paris Saint-Germain,2019-20,Semi-Final,Bayern Munich,43,Penalty,Home,1
Neymar Jr,Brazil,Barcelona,2019-20,Group Stage,Real Madrid,65,Right Foot,Home,1
Gareth Bale,Wales,Real Madrid,2017-18,Round Of 16,Manchester United,41,Free Kick,Home,3
Robert Lewandowski,Poland,Bayern Munich,2017-18,Semi-Final,Inter Milan,74,Penalty,Away,2
Wayne Rooney,England,Manchester United,2015-16,Semi-Final,Liverpool,86,Left Foot,Home,1
Lionel Messi,Argentina,Barcelona,2020-21,Round Of 16,Inter Milan,48,Right Foot,Away,2
Karim Benzema,France,Real Madrid,2020-21,Semi-Final,Inter Milan,11,Header,Home,1
Bukayo Saka,England,Arsenal,2019-20,Quarter-Final,Tottenham Hotspur,70,Right Foot,Home,1
Victor Osimhen,Nigeria,Napoli,2021-22,Round Of 16,Bayern Munich,48,Free Kick,Away,1
Gareth Bale,Wales,Real Madrid,2019-20,Round Of 16,Chelsea,82,Header,Away,1
Riyad Mahrez,Algeria,Manchester City,2012-13,Quarter-Final,Bayern Munich,16,Right Foot,Home,1
Luis Suarez,Uruguay,Atletico Madrid,2012-13,Round Of 16,Napoli,15,Header,Away,1
Luis Suarez,Uruguay,Atletico Madrid,2018-19,Round Of 16,Ac Milan,94,Right Foot,Home,2
Paulo Dybala,Argentina,Juventus,2017-18,Group Stage,Napoli,66,Free Kick,Home,3
Alfredo Di Stefano,Argentina,Real Madrid,2021-22,Quarter-Final,Sevilla,56,Header,Away,1
Memphis Depay,Netherlands,Barcelona,2017-18,Group Stage,Manchester City,93,Penalty,Away,1
Memphis Depay,Netherlands,Barcelona,2017-18,Round Of 16,Ajax,52,Right Foot,Home,1
Ruud Van Nistelrooy,Netherlands,Manchester United,2015-16,Round Of 16,Inter Milan,11,Header,Away,1
Zlatan Ibrahimovic,Sweden,Barcelona,2013-14,Final,Sevilla,12,Free Kick,Home,1
Alessandro Del Piero,Italy,Juventus,2013-14,Group Stage,Inter Milan,73,Right Foot,Away,1
Harry Kane,England,Bayern Munich,2011-12,Round Of 16,Real Madrid,95,Penalty,Away,1
Kylian Mbappe,France,Real Madrid,2018-19,Round Of 16,Napoli,75,Penalty,Away,1
Robert Lewandowski,Poland,Bayern Munich,2015-16,Group Stage,Liverpool,64,Free Kick,Away,3
Cristiano Ronaldo,Portugal,Manchester United,2020-21,Group Stage,Ac Milan,28,Free Kick,Away,2
Wayne Rooney,England,Manchester United,2021-22,Quarter-Final,Inter Milan,92,Free Kick,Home,1
Zlatan Ibrahimovic,Sweden,Inter Milan,2020-21,Semi-Final,Arsenal,47,Right Foot,Home,1
Neymar Jr,Brazil,Paris Saint-Germain,2014-15,Round Of 16,Napoli,22,Header,Away,1
Alessandro Del Piero,Italy,Juventus,2017-18,Quarter-Final,Napoli,4,Penalty,Home,1
Erling Haaland,Norway,Borussia Dortmund,2021-22,Quarter-Final,Ajax,19,Header,Away,1
Robert Lewandowski,Poland,Bayern Munich,2018-19,Group Stage,Real Madrid,1,Header,Away,1
Riyad Mahrez,Algeria,Manchester City,2018-19,Semi-Final,Benfica,81,Left Foot,Home,1
Cristiano Ronaldo,Portugal,Manchester United,2017-18,Round Of 16,Liverpool,64,Penalty,Away,1
Riyad Mahrez,Algeria,Manchester City,2014-15,Round Of 16,Porto,76,Header,Away,2
Didier Drogba,Ivory Coast,Chelsea,2014-15,Round Of 16,Inter Milan,50,Free Kick,Home,2
Harry Kane,England,Tottenham Hotspur,2010-11,Group Stage,Bayern Munich,66,Free Kick,Away,1
Edinson Cavani,Uruguay,Paris Saint-Germain,2013-14,Quarter-Final,Ac Milan,27,Penalty,Home,1
Ruud Van Nistelrooy,Netherlands,Manchester United,2012-13,Quarter-Final,Napoli,44,Header,Home,1
Jude Bellingham,England,Real Madrid,2021-22,Quarter-Final,Atletico Madrid,48,Right Foot,Home,3
Raul Gonzalez,Spain,Real Madrid,2010-11,Quarter-Final,Tottenham Hotspur,48,Header,Home,1
Ousmane Dembele,France,Paris Saint-Germain,2017-18,Quarter-Final,Ajax,45,Header,Home,1
Fernando Torres,Spain,Chelsea,2017-18,Round Of 16,Porto,87,Penalty,Home,3
Luka Modric,Croatia,Real Madrid,2020-21,Group Stage,Manchester United,80,Right Foot,Away,2
Alessandro Del Piero,Italy,Juventus,2016-17,Round Of 16,Napoli,61,Penalty,Away,1
Kylian Mbappe,France,Paris Saint-Germain,2021-22,Group Stage,Ajax,6,Right Foot,Away,1
Luis Suarez,Uruguay,Atletico Madrid,2011-12,Quarter-Final,Juventus,72,Penalty,Away,1
Zlatan Ibrahimovic,Sweden,Barcelona,2018-19,Quarter-Final,Ajax,63,Header,Away,3
Didier Drogba,Ivory Coast,Chelsea,2012-13,Round Of 16,Ac Milan,65,Penalty,Away,2
Raul Gonzalez,Spain,Real Madrid,2014-15,Group Stage,Atletico Madrid,48,Header,Away,1
Lionel Messi,Argentina,Barcelona,2017-18,Group Stage,Inter Milan,40,Penalty,Home,2
Andriy Shevchenko,Ukraine,Ac Milan,2010-11,Quarter-Final,Napoli,96,Penalty,Home,1
Erling Haaland,Norway,Manchester City,2011-12,Semi-Final,Liverpool,5,Header,Away,1
Luka Modric,Croatia,Real Madrid,2011-12,Group Stage,Inter Milan,79,Penalty,Away,1
Robert Lewandowski,Poland,Bayern Munich,2016-17,Final,Tottenham Hotspur,94,Header,Home,1
Zlatan Ibrahimovic,Sweden,Barcelona,2011-12,Group Stage,Tottenham Hotspur,93,Right Foot,Away,1
Riyad Mahrez,Algeria,Manchester City,2021-22,Round Of 16,Paris Saint-Germain,49,Header,Away,3
Luis Suarez,Uruguay,Barcelona,2014-15,Round Of 16,Porto,59,Free Kick,Home,1
Zlatan Ibrahimovic,Sweden,Ac Milan,2021-22,Semi-Final,Juventus,61,Right Foot,Away,2
Kevin De Bruyne,Belgium,Manchester City,2013-14,Final,Manchester United,33,Right Foot,Away,2
Wayne Rooney,England,Manchester United,2023-24,Round Of 16,Tottenham Hotspur,30,Header,Home,3
Alessandro Del Piero,Italy,Juventus,2023-24,Group Stage,Napoli,40,Header,Away,1
Bernardo Silva,Portugal,Manchester City,2022-23,Group Stage,Porto,55,Header,Away,2
Luis Suarez,Uruguay,Barcelona,2022-23,Group Stage,Porto,69,Header,Away,1
Bukayo Saka,England,Arsenal,2015-16,Group Stage,Manchester United,46,Header,Home,1
Toni Kroos,Germany,Real Madrid,2017-18,Round Of 16,Manchester City,75,Left Foot,Home,2
Memphis Depay,Netherlands,Barcelona,2017-18,Group Stage,Benfica,60,Penalty,Home,1
Gareth Bale,Wales,Real Madrid,2013-14,Quarter-Final,Atletico Madrid,87,Left Foot,Away,2
Alfredo Di Stefano,Argentina,Real Madrid,2010-11,Round Of 16,Benfica,42,Penalty,Home,2
Alfredo Di Stefano,Argentina,Real Madrid,2017-18,Quarter-Final,Chelsea,71,Penalty,Away,3
Toni Kroos,Germany,Real Madrid,2017-18,Semi-Final,Bayern Munich,35,Penalty,Away,1
Jude Bellingham,England,Real Madrid,2014-15,Group Stage,Chelsea,68,Left Foot,Home,1
Edinson Cavani,Uruguay,Paris Saint-Germain,2016-17,Group Stage,Bayern Munich,83,Header,Away,1
Toni Kroos,Germany,Real Madrid,2013-14,Group Stage,Benfica,49,Header,Home,3
Erling Haaland,Norway,Borussia Dortmund,2015-16,Group Stage,Inter Milan,52,Free Kick,Away,1
Luis Suarez,Uruguay,Atletico Madrid,2019-20,Round Of 16,Porto,82,Penalty,Home,1
Neymar Jr,Brazil,Barcelona,2012-13,Group Stage,Juventus,78,Left Foot,Away,1
Edinson Cavani,Uruguay,Paris Saint-Germain,2021-22,Quarter-Final,Arsenal,40,Right Foot,Home,1
Antoine Griezmann,France,Atletico Madrid,2012-13,Semi-Final,Napoli,8,Free Kick,Away,1
Neymar Jr,Brazil,Paris Saint-Germain,2018-19,Quarter-Final,Atletico Madrid,74,Header,Away,1
Zlatan Ibrahimovic,Sweden,Ac Milan,2016-17,Group Stage,Paris Saint-Germain,10,Left Foot,Away,1
Lionel Messi,Argentina,Paris Saint-Germain,2021-22,Final,Real Madrid,62,Penalty,Away,3
Joshua Kimmich,Germany,Bayern Munich,2022-23,Final,Porto,94,Penalty,Home,2
Toni Kroos,Germany,Real Madrid,2020-21,Round Of 16,Barcelona,2,Header,Home,2
Antoine Griezmann,France,Atletico Madrid,2021-22,Round Of 16,Liverpool,83,Free Kick,Away,1
Bernardo Silva,Portugal,Manchester City,2020-21,Round Of 16,Bayern Munich,68,Right Foot,Away,1
Didier Drogba,Ivory Coast,Chelsea,2010-11,Group Stage,Porto,69,Right Foot,Home,2
Memphis Depay,Netherlands,Barcelona,2010-11,Quarter-Final,Liverpool,65,Header,Away,1
Toni Kroos,Germany,Real Madrid,2019-20,Group Stage,Inter Milan,72,Header,Away,2
Luis Suarez,Uruguay,Barcelona,2012-13,Final,Inter Milan,23,Left Foot,Home,1
Paulo Dybala,Argentina,Juventus,2014-15,Group Stage,Napoli,86,Right Foot,Away,1
Jude Bellingham,England,Real Madrid,2021-22,Semi-Final,Paris Saint-Germain,51,Penalty,Home,3
Bukayo Saka,England,Arsenal,2018-19,Quarter-Final,Liverpool,1,Header,Away,1
Riyad Mahrez,Algeria,Manchester City,2015-16,Group Stage,Sevilla,59,Right Foot,Home,2
Wayne Rooney,England,Manchester United,2014-15,Round Of 16,Inter Milan,39,Right Foot,Away,1
Mohamed Salah,Egypt,Liverpool,2017-18,Group Stage,Sevilla,48,Penalty,Home,1
Andriy Shevchenko,Ukraine,Ac Milan,2010-11,Round Of 16,Barcelona,94,Left Foot,Home,1
Ousmane Dembele,France,Paris Saint-Germain,2016-17,Final,Tottenham Hotspur,58,Left Foot,Away,2
Toni Kroos,Germany,Real Madrid,2020-21,Round Of 16,Sevilla,1,Left Foot,Away,1
Bukayo Saka,England,Arsenal,2022-23,Final,Tottenham Hotspur,44,Free Kick,Away,1
Cristiano Ronaldo,Portugal,Real Madrid,2016-17,Final,Liverpool,4,Right Foot,Home,1
Raul Gonzalez,Spain,Real Madrid,2021-22,Round Of 16,Benfica,53,Right Foot,Home,1
Memphis Depay,Netherlands,Barcelona,2022-23,Group Stage,Sevilla,58,Header,Home,1
Raul Gonzalez,Spain,Real Madrid,2023-24,Round Of 16,Paris Saint-Germain,65,Right Foot,Away,3
Sergio Aguero,Argentina,Manchester City,2015-16,Group Stage,Inter Milan,63,Left Foot,Away,1
Sadio Mane,Senegal,Liverpool,2022-23,Round Of 16,Atletico Madrid,21,Penalty,Away,1
Jude Bellingham,England,Real Madrid,2016-17,Quarter-Final,Liverpool,55,Free Kick,Home,3
Alfredo Di Stefano,Argentina,Real Madrid,2019-20,Group Stage,Inter Milan,29,Free Kick,Home,2
Fernando Torres,Spain,Chelsea,2022-23,Group Stage,Porto,36,Left Foot,Away,2
Luka Modric,Croatia,Real Madrid,2012-13,Final,Chelsea,75,Penalty,Away,1
Victor Osimhen,Nigeria,Napoli,2019-20,Group Stage,Bayern Munich,38,Right Foot,Away,1
Wayne Rooney,England,Manchester United,2014-15,Quarter-Final,Chelsea,41,Penalty,Away,1
Bukayo Saka,England,Arsenal,2012-13,Round Of 16,Liverpool,76,Right Foot,Home,3
Karim Benzema,France,Real Madrid,2019-20,Group Stage,Bayern Munich,93,Penalty,Away,1
Zlatan Ibrahimovic,Sweden,Ac Milan,2015-16,Group Stage,Real Madrid,28,Penalty,Home,3
Mohamed Salah,Egypt,Liverpool,2015-16,Semi-Final,Manchester United,42,Free Kick,Away,2
Vinicius Junior,Brazil,Real Madrid,2021-22,Group Stage,Manchester United,26,Header,Away,2
Riyad Mahrez,Algeria,Manchester City,2016-17,Group Stage,Ajax,6,Header,Away,1
Antoine Griezmann,France,Atletico Madrid,2018-19,Final,Napoli,83,Free Kick,Home,1
Ousmane Dembele,France,Barcelona,2022-23,Group Stage,Juventus,53,Penalty,Away,1
Raul Gonzalez,Spain,Real Madrid,2011-12,Semi-Final,Porto,39,Free Kick,Away,1
Mohamed Salah,Egypt,Liverpool,2018-19,Final,Sevilla,18,Left Foot,Home,1
Ousmane Dembele,France,Paris Saint-Germain,2010-11,Semi-Final,Tottenham Hotspur,16,Header,Away,2
Sadio Mane,Senegal,Bayern Munich,2022-23,Semi-Final,Borussia Dortmund,47,Free Kick,Home,1
Julian Alvarez,Argentina,Manchester City,2016-17,Round Of 16,Chelsea,20,Penalty,Home,1
Victor Osimhen,Nigeria,Napoli,2020-21,Round Of 16,Atletico Madrid,81,Penalty,Away,1
Karim Benzema,France,Real Madrid,2022-23,Semi-Final,Paris Saint-Germain,78,Penalty,Home,1
Didier Drogba,Ivory Coast,Chelsea,2022-23,Group Stage,Tottenham Hotspur,90,Right Foot,Home,1
Kylian Mbappe,France,Paris Saint-Germain,2015-16,Quarter-Final,Liverpool,57,Free Kick,Home,1
Ousmane Dembele,France,Barcelona,2021-22,Group Stage,Atletico Madrid,78,Left Foot,Away,1
Edinson Cavani,Uruguay,Paris Saint-Germain,2015-16,Group Stage,Inter Milan,31,Penalty,Home,1
Bernardo Silva,Portugal,Manchester City,2021-22,Quarter-Final,Bayern Munich,82,Header,Home,2
Thomas Muller,Germany,Bayern Munich,2013-14,Quarter-Final,Liverpool,35,Right Foot,Away,3
Memphis Depay,Netherlands,Barcelona,2018-19,Round Of 16,Real Madrid,17,Free Kick,Away,1
Antoine Griezmann,France,Atletico Madrid,2019-20,Round Of 16,Liverpool,19,Right Foot,Away,3
Julian Alvarez,Argentina,Manchester City,2017-18,Group Stage,Paris Saint-Germain,56,Penalty,Home,1
Harry Kane,England,Tottenham Hotspur,2019-20,Final,Arsenal,36,Header,Home,3
Lionel Messi,Argentina,Paris Saint-Germain,2014-15,Quarter-Final,Sevilla,52,Penalty,Home,3
Harry Kane,England,Bayern Munich,2011-12,Semi-Final,Tottenham Hotspur,95,Penalty,Away,2
Erling Haaland,Norway,Manchester City,2018-19,Group Stage,Borussia Dortmund,73,Penalty,Away,1
Joshua Kimmich,Germany,Bayern Munich,2015-16,Round Of 16,Tottenham Hotspur,26,Header,Home,1
Neymar Jr,Brazil,Barcelona,2022-23,Semi-Final,Bayern Munich,16,Penalty,Away,2
Wayne Rooney,England,Manchester United,2015-16,Round Of 16,Borussia Dortmund,15,Penalty,Away,1
Riyad Mahrez,Algeria,Manchester City,2013-14,Final,Arsenal,53,Right Foot,Away,1
Victor Osimhen,Nigeria,Napoli,2014-15,Group Stage,Juventus,61,Free Kick,Home,3
Wayne Rooney,England,Manchester United,2014-15,Final,Ac Milan,20,Right Foot,Away,1
Karim Benzema,France,Real Madrid,2015-16,Round Of 16,Liverpool,44,Penalty,Away,1
Kevin De Bruyne,Belgium,Manchester City,2017-18,Semi-Final,Chelsea,81,Right Foot,Home,1
Gareth Bale,Wales,Real Madrid,2010-11,Group Stage,Juventus,68,Header,Home,2
Kylian Mbappe,France,Paris Saint-Germain,2016-17,Final,Benfica,32,Penalty,Away,1
Neymar Jr,Brazil,Barcelona,2013-14,Group Stage,Ajax,42,Header,Home,3
Erling Haaland,Norway,Manchester City,2010-11,Round Of 16,Tottenham Hotspur,36,Right Foot,Home,1
Julian Alvarez,Argentina,Manchester City,2023-24,Round Of 16,Ac Milan,83,Header,Home,1
Ruud Van Nistelrooy,Netherlands,Real Madrid,2022-23,Round Of 16,Ajax,22,Penalty,Away,1
Cristiano Ronaldo,Portugal,Real Madrid,2013-14,Quarter-Final,Sevilla,66,Left Foot,Away,3
Luka Modric,Croatia,Real Madrid,2014-15,Round Of 16,Ac Milan,18,Left Foot,Away,1
Joshua Kimmich,Germany,Bayern Munich,2018-19,Group Stage,Manchester City,83,Penalty,Away,2
Harry Kane,England,Bayern Munich,2021-22,Group Stage,Ac Milan,67,Header,Home,2
Bernardo Silva,Portugal,Manchester City,2018-19,Round Of 16,Borussia Dortmund,22,Left Foot,Away,1
Kylian Mbappe,France,Real Madrid,2011-12,Round Of 16,Ajax,48,Free Kick,Home,1
Luis Suarez,Uruguay,Atletico Madrid,2021-22,Group Stage,Porto,35,Penalty,Home,1
Victor Osimhen,Nigeria,Napoli,2023-24,Round Of 16,Inter Milan,70,Penalty,Home,2
Mohamed Salah,Egypt,Liverpool,2021-22,Group Stage,Inter Milan,89,Penalty,Away,1
Toni Kroos,Germany,Real Madrid,2022-23,Round Of 16,Bayern Munich,41,Free Kick,Away,1
Edinson Cavani,Uruguay,Paris Saint-Germain,2019-20,Quarter-Final,Ajax,23,Free Kick,Home,1
Joshua Kimmich,Germany,Bayern Munich,2023-24,Round Of 16,Ac Milan,50,Right Foot,Away,1
Jude Bellingham,England,Real Madrid,2015-16,Round Of 16,Borussia Dortmund,60,Header,Home,2
Edinson Cavani,Uruguay,Paris Saint-Germain,2013-14,Group Stage,Ac Milan,81,Right Foot,Away,1
Lionel Messi,Argentina,Barcelona,2017-18,Group Stage,Tottenham Hotspur,55,Left Foot,Away,1
Alfredo Di Stefano,Argentina,Real Madrid,2016-17,Semi-Final,Tottenham Hotspur,19,Right Foot,Away,1
Raul Gonzalez,Spain,Real Madrid,2010-11,Group Stage,Sevilla,89,Header,Home,2
Toni Kroos,Germany,Real Madrid,2015-16,Semi-Final,Barcelona,54,Right Foot,Home,2
Ruud Van Nistelrooy,Netherlands,Real Madrid,2023-24,Semi-Final,Paris Saint-Germain,74,Left Foot,Away,1
Robert Lewandowski,Poland,Borussia Dortmund,2020-21,Group Stage,Bayern Munich,18,Header,Away,1
Didier Drogba,Ivory Coast,Chelsea,2019-20,Semi-Final,Barcelona,30,Free Kick,Home,2
Neymar Jr,Brazil,Paris Saint-Germain,2018-19,Group Stage,Tottenham Hotspur,21,Penalty,Home,3
Toni Kroos,Germany,Real Madrid,2018-19,Final,Sevilla,77,Right Foot,Away,1
Cristiano Ronaldo,Portugal,Real Madrid,2015-16,Group Stage,Manchester United,85,Header,Home,1
Andriy Shevchenko,Ukraine,Ac Milan,2020-21,Final,Sevilla,79,Header,Away,1
Neymar Jr,Brazil,Paris Saint-Germain,2019-20,Group Stage,Barcelona,49,Penalty,Away,2
Raul Gonzalez,Spain,Real Madrid,2020-21,Quarter-Final,Porto,66,Header,Home,2
Neymar Jr,Brazil,Barcelona,2022-23,Final,Sevilla,70,Header,Home,2
Bernardo Silva,Portugal,Manchester City,2011-12,Semi-Final,Ajax,68,Right Foot,Away,1
Filippo Inzaghi,Italy,Ac Milan,2023-24,Group Stage,Atletico Madrid,87,Penalty,Home,2
Memphis Depay,Netherlands,Barcelona,2022-23,Round Of 16,Juventus,88,Free Kick,Home,1
Bernardo Silva,Portugal,Manchester City,2013-14,Round Of 16,Inter Milan,95,Penalty,Away,1
Erling Haaland,Norway,Manchester City,2020-21,Group Stage,Atletico Madrid,48,Free Kick,Home,1
Bernardo Silva,Portugal,Manchester City,2012-13,Group Stage,Benfica,1,Header,Away,1
Toni Kroos,Germany,Real Madrid,2023-24,Group Stage,Ajax,78,Header,Away,2
Memphis Depay,Netherlands,Barcelona,2013-14,Quarter-Final,Inter Milan,49,Free Kick,Away,1
Karim Benzema,France,Real Madrid,2013-14,Group Stage,Manchester City,25,Free Kick,Home,1
Mohamed Salah,Egypt,Liverpool,2020-21,Group Stage,Sevilla,87,Header,Home,1
Kylian Mbappe,France,Real Madrid,2016-17,Round Of 16,Ac Milan,34,Left Foot,Away,2
Fernando Torres,Spain,Chelsea,2013-14,Round Of 16,Barcelona,34,Free Kick,Away,1
Luka Modric,Croatia,Real Madrid,2013-14,Quarter-Final,Inter Milan,4,Right Foot,Home,1
Riyad Mahrez,Algeria,Manchester City,2012-13,Group Stage,Sevilla,79,Penalty,Away,1
Antoine Griezmann,France,Atletico Madrid,2012-13,Round Of 16,Benfica,28,Free Kick,Home,2
Erling Haaland,Norway,Manchester City,2013-14,Round Of 16,Inter Milan,36,Penalty,Away,1
Gareth Bale,Wales,Real Madrid,2020-21,Quarter-Final,Chelsea,94,Header,Home,1
Zlatan Ibrahimovic,Sweden,Paris Saint-Germain,2016-17,Quarter-Final,Arsenal,48,Header,Away,1
Zlatan Ibrahimovic,Sweden,Paris Saint-Germain,2019-20,Round Of 16,Atletico Madrid,40,Penalty,Away,1
Jude Bellingham,England,Real Madrid,2012-13,Semi-Final,Bayern Munich,67,Header,Home,2
Sergio Aguero,Argentina,Manchester City,2022-23,Group Stage,Barcelona,27,Right Foot,Away,2
Joshua Kimmich,Germany,Bayern Munich,2010-11,Group Stage,Ac Milan,91,Header,Home,1
Wayne Rooney,England,Manchester United,2011-12,Group Stage,Arsenal,75,Header,Home,3
Joshua Kimmich,Germany,Bayern Munich,2020-21,Quarter-Final,Sevilla,47,Penalty,Away,2
Thomas Muller,Germany,Bayern Munich,2016-17,Round Of 16,Atletico Madrid,57,Header,Away,3
Ruud Van Nistelrooy,Netherlands,Manchester United,2022-23,Round Of 16,Sevilla,19,Header,Home,1
Vinicius Junior,Brazil,Real Madrid,2012-13,Round Of 16,Borussia Dortmund,45,Header,Home,2
Edinson Cavani,Uruguay,Paris Saint-Germain,2011-12,Group Stage,Barcelona,26,Penalty,Home,1
Antoine Griezmann,France,Atletico Madrid,2012-13,Semi-Final,Arsenal,62,Free Kick,Home,1
Kylian Mbappe,France,Paris Saint-Germain,2019-20,Semi-Final,Juventus,75,Left Foot,Home,3
Karim Benzema,France,Real Madrid,2018-19,Group Stage,Bayern Munich,10,Header,Away,1
Gareth Bale,Wales,Real Madrid,2019-20,Round Of 16,Barcelona,85,Right Foot,Away,1
Luis Suarez,Uruguay,Atletico Madrid,2020-21,Quarter-Final,Juventus,65,Left Foot,Away,1
Toni Kroos,Germany,Real Madrid,2012-13,Semi-Final,Sevilla,43,Penalty,Away,3
Kylian Mbappe,France,Paris Saint-Germain,2017-18,Round Of 16,Benfica,20,Penalty,Home,2
Antoine Griezmann,France,Atletico Madrid,2019-20,Semi-Final,Barcelona,76,Penalty,Home,2
Zlatan Ibrahimovic,Sweden,Barcelona,2010-11,Semi-Final,Manchester United,78,Left Foot,Home,1
Thomas Muller,Germany,Bayern Munich,2018-19,Semi-Final,Manchester City,47,Header,Home,2
Vinicius Junior,Brazil,Real Madrid,2017-18,Round Of 16,Porto,46,Left Foot,Home,2
Memphis Depay,Netherlands,Barcelona,2012-13,Round Of 16,Real Madrid,93,Right Foot,Home,1
Robert Lewandowski,Poland,Borussia Dortmund,2011-12,Round Of 16,Ajax,65,Right Foot,Away,1
Ruud Van Nistelrooy,Netherlands,Manchester United,2010-11,Semi-Final,Tottenham Hotspur,68,Free Kick,Away,1
Julian Alvarez,Argentina,Manchester City,2012-13,Round Of 16,Inter Milan,48,Penalty,Home,2
Wayne Rooney,England,Manchester United,2020-21,Final,Juventus,78,Header,Home,2
Bukayo Saka,England,Arsenal,2012-13,Round Of 16,Benfica,36,Free Kick,Away,1
Filippo Inzaghi,Italy,Ac Milan,2017-18,Round Of 16,Real Madrid,88,Right Foot,Away,1
Luka Modric,Croatia,Real Madrid,2023-24,Round Of 16,Barcelona,3,Penalty,Away,3
Joshua Kimmich,Germany,Bayern Munich,2014-15,Round Of 16,Ac Milan,71,Penalty,Away,1
Thomas Muller,Germany,Bayern Munich,2021-22,Final,Manchester United,71,Free Kick,Home,1
Victor Osimhen,Nigeria,Napoli,2022-23,Quarter-Final,Chelsea,18,Header,Home,1
Edinson Cavani,Uruguay,Paris Saint-Germain,2023-24,Round Of 16,Manchester City,7,Header,Home,1
Kylian Mbappe,France,Paris Saint-Germain,2020-21,Group Stage,Chelsea,51,Left Foot,Home,1
Thomas Muller,Germany,Bayern Munich,2019-20,Semi-Final,Barcelona,62,Left Foot,Away,1
Alessandro Del Piero,Italy,Juventus,2015-16,Round Of 16,Bayern Munich,40,Header,Away,1
Jude Bellingham,England,Real Madrid,2016-17,Group Stage,Bayern Munich,21,Penalty,Home,1
Gareth Bale,Wales,Real Madrid,2023-24,Round Of 16,Benfica,43,Header,Home,2
Thomas Muller,Germany,Bayern Munich,2016-17,Semi-Final,Borussia Dortmund,2,Header,Away,1
Sadio Mane,Senegal,Liverpool,2019-20,Final,Napoli,12,Left Foot,Away,3
Joshua Kimmich,Germany,Bayern Munich,2019-20,Group Stage,Atletico Madrid,56,Header,Home,1
Lionel Messi,Argentina,Barcelona,2017-18,Final,Napoli,17,Penalty,Home,2
Andriy Shevchenko,Ukraine,Ac Milan,2017-18,Group Stage,Sevilla,92,Penalty,Away,2
Zlatan Ibrahimovic,Sweden,Ac Milan,2012-13,Group Stage,Manchester United,76,Penalty,Home,1
Didier Drogba,Ivory Coast,Chelsea,2019-20,Group Stage,Ajax,51,Header,Away,1
Riyad Mahrez,Algeria,Manchester City,2012-13,Round Of 16,Atletico Madrid,83,Header,Home,3
Sadio Mane,Senegal,Liverpool,2010-11,Final,Atletico Madrid,59,Header,Away,2
Bukayo Saka,England,Arsenal,2012-13,Group Stage,Benfica,18,Penalty,Home,1
Ousmane Dembele,France,Paris Saint-Germain,2019-20,Group Stage,Ac Milan,16,Free Kick,Away,1
Julian Alvarez,Argentina,Manchester City,2013-14,Semi-Final,Atletico Madrid,19,Free Kick,Home,1
Bernardo Silva,Portugal,Manchester City,2014-15,Final,Benfica,91,Header,Away,1
Toni Kroos,Germany,Real Madrid,2013-14,Semi-Final,Paris Saint-Germain,61,Penalty,Home,1
Cristiano Ronaldo,Portugal,Manchester United,2020-21,Quarter-Final,Benfica,58,Free Kick,Away,2
Thomas Muller,Germany,Bayern Munich,2020-21,Group Stage,Real Madrid,89,Left Foot,Home,3
Thomas Muller,Germany,Bayern Munich,2020-21,Final,Juventus,25,Header,Away,2
Mohamed Salah,Egypt,Liverpool,2019-20,Group Stage,Sevilla,52,Free Kick,Away,2
Thomas Muller,Germany,Bayern Munich,2019-20,Quarter-Final,Juventus,1,Penalty,Home,3
Sadio Mane,Senegal,Bayern Munich,2011-12,Semi-Final,Porto,68,Penalty,Away,1
Memphis Depay,Netherlands,Barcelona,2021-22,Group Stage,Inter Milan,19,Penalty,Away,3
Antoine Griezmann,France,Atletico Madrid,2023-24,Round Of 16,Porto,11,Penalty,Home,3
Raul Gonzalez,Spain,Real Madrid,2020-21,Group Stage,Sevilla,76,Penalty,Home,1
Victor Osimhen,Nigeria,Napoli,2022-23,Round Of 16,Benfica,44,Penalty,Home,1
Lionel Messi,Argentina,Paris Saint-Germain,2012-13,Final,Tottenham Hotspur,46,Penalty,Home,1
Riyad Mahrez,Algeria,Manchester City,2010-11,Group Stage,Tottenham Hotspur,72,Penalty,Home,1
Memphis Depay,Netherlands,Barcelona,2023-24,Quarter-Final,Atletico Madrid,11,Free Kick,Home,1
Filippo Inzaghi,Italy,Ac Milan,2016-17,Group Stage,Sevilla,62,Header,Home,2
Antoine Griezmann,France,Atletico Madrid,2015-16,Group Stage,Chelsea,14,Header,Home,1
Paulo Dybala,Argentina,Juventus,2021-22,Quarter-Final,Paris Saint-Germain,47,Penalty,Away,1
Alfredo Di Stefano,Argentina,Real Madrid,2018-19,Semi-Final,Tottenham Hotspur,82,Header,Home,1
Thomas Muller,Germany,Bayern Munich,2012-13,Round Of 16,Chelsea,21,Right Foot,Home,2
Harry Kane,England,Bayern Munich,2020-21,Group Stage,Tottenham Hotspur,63,Free Kick,Away,1
Mohamed Salah,Egypt,Liverpool,2017-18,Round Of 16,Borussia Dortmund,71,Right Foot,Home,1
Bernardo Silva,Portugal,Manchester City,2011-12,Group Stage,Napoli,1,Penalty,Home,1
Didier Drogba,Ivory Coast,Chelsea,2016-17,Group Stage,Ac Milan,1,Left Foot,Away,1
Jude Bellingham,England,Real Madrid,2022-23,Group Stage,Ajax,66,Left Foot,Away,1
Andriy Shevchenko,Ukraine,Chelsea,2013-14,Group Stage,Benfica,34,Right Foot,Home,2
Julian Alvarez,Argentina,Manchester City,2014-15,Semi-Final,Paris Saint-Germain,6,Penalty,Home,1
Ruud Van Nistelrooy,Netherlands,Manchester United,2010-11,Round Of 16,Tottenham Hotspur,86,Header,Away,1
Luis Suarez,Uruguay,Atletico Madrid,2020-21,Round Of 16,Bayern Munich,78,Header,Home,3
Alfredo Di Stefano,Argentina,Real Madrid,2015-16,Group Stage,Liverpool,73,Left Foot,Home,2
Alessandro Del Piero,Italy,Juventus,2016-17,Group Stage,Porto,86,Header,Away,3
Harry Kane,England,Tottenham Hotspur,2016-17,Group Stage,Sevilla,17,Left Foot,Home,2
Cristiano Ronaldo,Portugal,Juventus,2020-21,Group Stage,Liverpool,21,Header,Home,1
Bernardo Silva,Portugal,Manchester City,2012-13,Quarter-Final,Bayern Munich,72,Header,Home,2
Raul Gonzalez,Spain,Real Madrid,2020-21,Semi-Final,Ac Milan,26,Penalty,Home,1
Riyad Mahrez,Algeria,Manchester City,2017-18,Round Of 16,Ajax,33,Penalty,Away,1
Robert Lewandowski,Poland,Borussia Dortmund,2010-11,Quarter-Final,Liverpool,48,Right Foot,Home,2
Thomas Muller,Germany,Bayern Munich,2017-18,Group Stage,Juventus,17,Penalty,Away,1
Fernando Torres,Spain,Liverpool,2012-13,Round Of 16,Manchester United,48,Header,Home,3
Luka Modric,Croatia,Real Madrid,2017-18,Final,Napoli,42,Free Kick,Home,2
Ousmane Dembele,France,Paris Saint-Germain,2021-22,Group Stage,Bayern Munich,23,Header,Away,1
Didier Drogba,Ivory Coast,Chelsea,2011-12,Group Stage,Juventus,17,Right Foot,Home,2
Sadio Mane,Senegal,Liverpool,2018-19,Round Of 16,Inter Milan,72,Right Foot,Away,2
Luis Suarez,Uruguay,Atletico Madrid,2019-20,Group Stage,Borussia Dortmund,57,Header,Home,3
Luis Suarez,Uruguay,Atletico Madrid,2022-23,Round Of 16,Real Madrid,18,Free Kick,Away,2
Sadio Mane,Senegal,Bayern Munich,2013-14,Final,Benfica,25,Penalty,Away,1
Alfredo Di Stefano,Argentina,Real Madrid,2010-11,Quarter-Final,Chelsea,12,Header,Away,1
Sadio Mane,Senegal,Liverpool,2023-24,Round Of 16,Manchester United,32,Left Foot,Away,2
Cristiano Ronaldo,Portugal,Manchester United,2017-18,Semi-Final,Manchester City,49,Right Foot,Home,1
Erling Haaland,Norway,Borussia Dortmund,2022-23,Semi-Final,Manchester City,90,Left Foot,Home,2
Cristiano Ronaldo,Portugal,Juventus,2021-22,Round Of 16,Napoli,12,Free Kick,Away,2
Kevin De Bruyne,Belgium,Manchester City,2013-14,Semi-Final,Inter Milan,71,Right Foot,Home,1
Luka Modric,Croatia,Real Madrid,2014-15,Final,Ajax,46,Left Foot,Home,1
Luka Modric,Croatia,Real Madrid,2010-11,Semi-Final,Napoli,10,Free Kick,Home,1
Vinicius Junior,Brazil,Real Madrid,2016-17,Round Of 16,Borussia Dortmund,88,Header,Away,1
Paulo Dybala,Argentina,Juventus,2016-17,Group Stage,Benfica,71,Header,Away,1
Alfredo Di Stefano,Argentina,Real Madrid,2012-13,Round Of 16,Arsenal,40,Right Foot,Away,1
Edinson Cavani,Uruguay,Paris Saint-Germain,2018-19,Semi-Final,Tottenham Hotspur,92,Penalty,Away,2
Ruud Van Nistelrooy,Netherlands,Real Madrid,2020-21,Group Stage,Paris Saint-Germain,34,Penalty,Away,1
Edinson Cavani,Uruguay,Paris Saint-Germain,2022-23,Final,Ajax,68,Penalty,Away,3
Cristiano Ronaldo,Portugal,Juventus,2016-17,Group Stage,Tottenham Hotspur,32,Right Foot,Home,1
Andriy Shevchenko,Ukraine,Chelsea,2022-23,Semi-Final,Borussia Dortmund,45,Header,Away,2
Karim Benzema,France,Real Madrid,2012-13,Round Of 16,Borussia Dortmund,38,Right Foot,Home,1
Erling Haaland,Norway,Borussia Dortmund,2012-13,Final,Benfica,30,Right Foot,Home,3
Luka Modric,Croatia,Real Madrid,2018-19,Quarter-Final,Manchester City,89,Header,Away,1
Andriy Shevchenko,Ukraine,Ac Milan,2012-13,Group Stage,Chelsea,80,Left Foot,Home,2
Riyad Mahrez,Algeria,Manchester City,2023-24,Semi-Final,Chelsea,83,Penalty,Away,1
Andriy Shevchenko,Ukraine,Chelsea,2010-11,Group Stage,Liverpool,66,Header,Away,1
Raul Gonzalez,Spain,Real Madrid,2013-14,Final,Barcelona,43,Right Foot,Home,1
Fernando Torres,Spain,Chelsea,2012-13,Final,Manchester City,15,Right Foot,Home,1
Riyad Mahrez,Algeria,Manchester City,2020-21,Group Stage,Borussia Dortmund,42,Left Foot,Away,3
Sergio Aguero,Argentina,Manchester City,2020-21,Semi-Final,Benfica,89,Penalty,Away,1
Luka Modric,Croatia,Real Madrid,2014-15,Quarter-Final,Borussia Dortmund,56,Header,Away,1
Andriy Shevchenko,Ukraine,Ac Milan,2015-16,Semi-Final,Atletico Madrid,9,Penalty,Away,2
Andriy Shevchenko,Ukraine,Ac Milan,2015-16,Round Of 16,Borussia Dortmund,60,Right Foot,Home,2
Wayne Rooney,England,Manchester United,2016-17,Final,Chelsea,70,Penalty,Away,1
Julian Alvarez,Argentina,Manchester City,2020-21,Group Stage,Ajax,75,Left Foot,Home,2
Filippo Inzaghi,Italy,Ac Milan,2023-24,Round Of 16,Atletico Madrid,67,Right Foot,Away,2
Vinicius Junior,Brazil,Real Madrid,2014-15,Round Of 16,Arsenal,71,Left Foot,Home,1
Joshua Kimmich,Germany,Bayern Munich,2017-18,Quarter-Final,Ajax,34,Right Foot,Away,2
Thomas Muller,Germany,Bayern Munich,2021-22,Group Stage,Atletico Madrid,88,Header,Home,1
Joshua Kimmich,Germany,Bayern Munich,2012-13,Group Stage,Manchester City,84,Left Foot,Home,3
Ousmane Dembele,France,Barcelona,2011-12,Final,Benfica,60,Header,Home,1
Memphis Depay,Netherlands,Barcelona,2010-11,Semi-Final,Liverpool,28,Right Foot,Home,2
Toni Kroos,Germany,Real Madrid,2021-22,Final,Porto,5,Header,Away,2
Fernando Torres,Spain,Chelsea,2022-23,Quarter-Final,Liverpool,24,Free Kick,Home,2
Ousmane Dembele,France,Barcelona,2013-14,Group Stage,Bayern Munich,58,Right Foot,Home,2
Alfredo Di Stefano,Argentina,Real Madrid,2015-16,Round Of 16,Bayern Munich,80,Right Foot,Home,1
Cristiano Ronaldo,Portugal,Manchester United,2022-23,Final,Napoli,71,Right Foot,Away,1
Lionel Messi,Argentina,Barcelona,2020-21,Group Stage,Paris Saint-Germain,4,Header,Away,3
Kevin De Bruyne,Belgium,Manchester City,2023-24,Quarter-Final,Paris Saint-Germain,33,Header,Home,3
Raul Gonzalez,Spain,Real Madrid,2021-22,Group Stage,Atletico Madrid,50,Right Foot,Home,1
Harry Kane,England,Bayern Munich,2012-13,Quarter-Final,Chelsea,71,Header,Home,1
Wayne Rooney,England,Manchester United,2022-23,Quarter-Final,Ajax,91,Left Foot,Away,1
Vinicius Junior,Brazil,Real Madrid,2016-17,Round Of 16,Bayern Munich,87,Header,Home,1
Memphis Depay,Netherlands,Barcelona,2012-13,Final,Porto,11,Right Foot,Away,3
Jude Bellingham,England,Real Madrid,2022-23,Semi-Final,Liverpool,94,Penalty,Home,2
Vinicius Junior,Brazil,Real Madrid,2014-15,Group Stage,Ajax,90,Penalty,Away,1
Raul Gonzalez,Spain,Real Madrid,2022-23,Group Stage,Juventus,53,Header,Away,1
Joshua Kimmich,Germany,Bayern Munich,2022-23,Semi-Final,Tottenham Hotspur,88,Left Foot,Home,2
Alfredo Di Stefano,Argentina,Real Madrid,2023-24,Round Of 16,Juventus,77,Penalty,Away,1
Robert Lewandowski,Poland,Barcelona,2011-12,Round Of 16,Chelsea,3,Penalty,Away,1
Andriy Shevchenko,Ukraine,Ac Milan,2017-18,Group Stage,Paris Saint-Germain,87,Right Foot,Away,2
Erling Haaland,Norway,Borussia Dortmund,2023-24,Group Stage,Chelsea,53,Left Foot,Home,1
Kylian Mbappe,France,Paris Saint-Germain,2017-18,Quarter-Final,Atletico Madrid,13,Penalty,Home,3
Ruud Van Nistelrooy,Netherlands,Manchester United,2021-22,Semi-Final,Juventus,89,Penalty,Home,1
Raul Gonzalez,Spain,Real Madrid,2018-19,Group Stage,Manchester City,55,Left Foot,Home,2
Luis Suarez,Uruguay,Atletico Madrid,2011-12,Group Stage,Ac Milan,19,Penalty,Home,1
Antoine Griezmann,France,Atletico Madrid,2010-11,Group Stage,Liverpool,70,Right Foot,Away,3
Ousmane Dembele,France,Paris Saint-Germain,2012-13,Round Of 16,Inter Milan,38,Header,Home,2
Thomas Muller,Germany,Bayern Munich,2010-11,Semi-Final,Arsenal,40,Penalty,Home,1
Thomas Muller,Germany,Bayern Munich,2013-14,Group Stage,Napoli,7,Penalty,Away,1
Bukayo Saka,England,Arsenal,2013-14,Group Stage,Atletico Madrid,86,Penalty,Away,1
Joshua Kimmich,Germany,Bayern Munich,2016-17,Group Stage,Tottenham Hotspur,13,Header,Home,2
Joshua Kimmich,Germany,Bayern Munich,2015-16,Group Stage,Ac Milan,26,Header,Home,2
Jude Bellingham,England,Real Madrid,2017-18,Group Stage,Paris Saint-Germain,28,Left Foot,Away,1
Mohamed Salah,Egypt,Liverpool,2019-20,Round Of 16,Chelsea,81,Header,Home,1
Ruud Van Nistelrooy,Netherlands,Real Madrid,2014-15,Round Of 16,Atletico Madrid,48,Header,Home,2
Kevin De Bruyne,Belgium,Manchester City,2018-19,Group Stage,Manchester United,22,Right Foot,Home,1
Memphis Depay,Netherlands,Barcelona,2016-17,Group Stage,Real Madrid,79,Right Foot,Away,1
Bernardo Silva,Portugal,Manchester City,2022-23,Round Of 16,Ac Milan,74,Penalty,Home,2
Karim Benzema,France,Real Madrid,2011-12,Group Stage,Ac Milan,13,Penalty,Home,2
Alfredo Di Stefano,Argentina,Real Madrid,2016-17,Group Stage,Inter Milan,38,Left Foot,Away,2
Raul Gonzalez,Spain,Real Madrid,2011-12,Round Of 16,Liverpool,5,Free Kick,Away,3
Fernando Torres,Spain,Chelsea,2017-18,Group Stage,Benfica,95,Header,Home,1
Cristiano Ronaldo,Portugal,Real Madrid,2021-22,Group Stage,Ac Milan,56,Right Foot,Away,1
Raul Gonzalez,Spain,Real Madrid,2010-11,Group Stage,Bayern Munich,63,Right Foot,Away,1
Alfredo Di Stefano,Argentina,Real Madrid,2015-16,Final,Borussia Dortmund,28,Right Foot,Away,1
Antoine Griezmann,France,Atletico Madrid,2022-23,Round Of 16,Benfica,68,Free Kick,Home,1
Karim Benzema,France,Real Madrid,2010-11,Group Stage,Benfica,94,Right Foot,Home,2
Memphis Depay,Netherlands,Barcelona,2016-17,Group Stage,Porto,70,Left Foot,Home,1
Victor Osimhen,Nigeria,Napoli,2012-13,Semi-Final,Paris Saint-Germain,58,Header,Home,2
Julian Alvarez,Argentina,Manchester City,2023-24,Final,Ac Milan,42,Penalty,Home,1
Julian Alvarez,Argentina,Manchester City,2019-20,Quarter-Final,Porto,34,Header,Away,1
Victor Osimhen,Nigeria,Napoli,2012-13,Round Of 16,Atletico Madrid,59,Right Foot,Home,3
Cristiano Ronaldo,Portugal,Manchester United,2023-24,Quarter-Final,Barcelona,61,Penalty,Home,1
Thomas Muller,Germany,Bayern Munich,2016-17,Semi-Final,Porto,7,Penalty,Home,2
Luka Modric,Croatia,Real Madrid,2018-19,Round Of 16,Tottenham Hotspur,34,Left Foot,Away,2
Paulo Dybala,Argentina,Juventus,2023-24,Semi-Final,Bayern Munich,58,Header,Home,3
Vinicius Junior,Brazil,Real Madrid,2022-23,Quarter-Final,Paris Saint-Germain,60,Left Foot,Home,3
Antoine Griezmann,France,Atletico Madrid,2019-20,Group Stage,Porto,16,Penalty,Away,1
Sadio Mane,Senegal,Bayern Munich,2017-18,Quarter-Final,Real Madrid,21,Penalty,Away,1
Luis Suarez,Uruguay,Barcelona,2013-14,Round Of 16,Real Madrid,5,Free Kick,Home,1
Karim Benzema,France,Real Madrid,2023-24,Round Of 16,Barcelona,59,Header,Home,3
Raul Gonzalez,Spain,Real Madrid,2023-24,Group Stage,Sevilla,64,Free Kick,Away,3
Mohamed Salah,Egypt,Liverpool,2018-19,Quarter-Final,Ajax,78,Right Foot,Away,3
Harry Kane,England,Bayern Munich,2017-18,Final,Benfica,58,Penalty,Away,1
Sadio Mane,Senegal,Bayern Munich,2022-23,Round Of 16,Napoli,73,Header,Away,2
Julian Alvarez,Argentina,Manchester City,2010-11,Round Of 16,Ajax,6,Right Foot,Home,1
Memphis Depay,Netherlands,Barcelona,2018-19,Group Stage,Porto,56,Header,Home,3
Bukayo Saka,England,Arsenal,2019-20,Group Stage,Manchester City,86,Right Foot,Away,2
Riyad Mahrez,Algeria,Manchester City,2023-24,Semi-Final,Napoli,92,Free Kick,Away,2
Alfredo Di Stefano,Argentina,Real Madrid,2013-14,Round Of 16,Juventus,40,Free Kick,Home,2
Riyad Mahrez,Algeria,Manchester City,2012-13,Group Stage,Real Madrid,29,Right Foot,Away,2
Ruud Van Nistelrooy,Netherlands,Manchester United,2013-14,Final,Sevilla,61,Right Foot,Home,3
Joshua Kimmich,Germany,Bayern Munich,2021-22,Group Stage,Juventus,47,Right Foot,Home,1
Lionel Messi,Argentina,Paris Saint-Germain,2022-23,Final,Arsenal,19,Right Foot,Away,2
Gareth Bale,Wales,Real Madrid,2022-23,Round Of 16,Atletico Madrid,29,Penalty,Home,1
Riyad Mahrez,Algeria,Manchester City,2012-13,Group Stage,Paris Saint-Germain,94,Header,Away,2
Erling Haaland,Norway,Manchester City,2013-14,Round Of 16,Atletico Madrid,78,Left Foot,Away,1
Sergio Aguero,Argentina,Manchester City,2013-14,Group Stage,Barcelona,26,Penalty,Away,1
Mohamed Salah,Egypt,Liverpool,2021-22,Round Of 16,Sevilla,77,Right Foot,Home,1
Memphis Depay,Netherlands,Barcelona,2015-16,Final,Inter Milan,53,Penalty,Away,1
Neymar Jr,Brazil,Paris Saint-Germain,2018-19,Semi-Final,Benfica,79,Right Foot,Home,1
Sergio Aguero,Argentina,Manchester City,2019-20,Round Of 16,Real Madrid,11,Right Foot,Home,2
Alessandro Del Piero,Italy,Juventus,2013-14,Group Stage,Paris Saint-Germain,90,Penalty,Away,2
Ousmane Dembele,France,Barcelona,2018-19,Semi-Final,Benfica,81,Header,Home,3
Karim Benzema,France,Real Madrid,2018-19,Final,Bayern Munich,40,Header,Home,2
Alessandro Del Piero,Italy,Juventus,2023-24,Round Of 16,Inter Milan,16,Right Foot,Home,2
Zlatan Ibrahimovic,Sweden,Ac Milan,2017-18,Final,Tottenham Hotspur,9,Free Kick,Home,1
Luka Modric,Croatia,Real Madrid,2015-16,Semi-Final,Manchester United,28,Header,Home,1
Neymar Jr,Brazil,Paris Saint-Germain,2023-24,Group Stage,Manchester City,94,Right Foot,Away,3
Mohamed Salah,Egypt,Liverpool,2017-18,Round Of 16,Sevilla,43,Free Kick,Away,1
Memphis Depay,Netherlands,Barcelona,2020-21,Group Stage,Real Madrid,14,Header,Away,1
Zlatan Ibrahimovic,Sweden,Paris Saint-Germain,2010-11,Group Stage,Porto,54,Header,Away,1
Bukayo Saka,England,Arsenal,2014-15,Round Of 16,Real Madrid,60,Free Kick,Away,1
Vinicius Junior,Brazil,Real Madrid,2021-22,Quarter-Final,Inter Milan,28,Right Foot,Away,1
Vinicius Junior,Brazil,Real Madrid,2017-18,Group Stage,Borussia Dortmund,30,Penalty,Away,1
Ruud Van Nistelrooy,Netherlands,Real Madrid,2023-24,Semi-Final,Tottenham Hotspur,55,Penalty,Away,1
Bernardo Silva,Portugal,Manchester City,2011-12,Final,Real Madrid,31,Free Kick,Home,1
Neymar Jr,Brazil,Paris Saint-Germain,2017-18,Semi-Final,Borussia Dortmund,70,Header,Away,3
Victor Osimhen,Nigeria,Napoli,2018-19,Final,Ac Milan,39,Penalty,Home,2
Antoine Griezmann,France,Atletico Madrid,2014-15,Group Stage,Sevilla,60,Free Kick,Home,2
Thomas Muller,Germany,Bayern Munich,2021-22,Round Of 16,Napoli,76,Header,Away,1
Alfredo Di Stefano,Argentina,Real Madrid,2019-20,Group Stage,Benfica,83,Header,Away,2
Paulo Dybala,Argentina,Juventus,2022-23,Group Stage,Porto,40,Right Foot,Away,2
Filippo Inzaghi,Italy,Ac Milan,2022-23,Quarter-Final,Sevilla,58,Header,Away,2
Karim Benzema,France,Real Madrid,2019-20,Round Of 16,Atletico Madrid,15,Left Foot,Away,1
Paulo Dybala,Argentina,Juventus,2014-15,Quarter-Final,Napoli,94,Penalty,Home,1
Edinson Cavani,Uruguay,Paris Saint-Germain,2015-16,Group Stage,Sevilla,41,Header,Home,1
Paulo Dybala,Argentina,Juventus,2013-14,Group Stage,Porto,8,Left Foot,Home,1
Ousmane Dembele,France,Barcelona,2016-17,Round Of 16,Napoli,45,Header,Away,1
Kevin De Bruyne,Belgium,Manchester City,2020-21,Group Stage,Porto,5,Right Foot,Away,3
Joshua Kimmich,Germany,Bayern Munich,2010-11,Group Stage,Tottenham Hotspur,36,Penalty,Home,1
Raul Gonzalez,Spain,Real Madrid,2021-22,Round Of 16,Napoli,64,Header,Away,1
Edinson Cavani,Uruguay,Paris Saint-Germain,2015-16,Group Stage,Manchester City,84,Penalty,Home,2
Luis Suarez,Uruguay,Barcelona,2018-19,Final,Napoli,3,Penalty,Home,1
Kevin De Bruyne,Belgium,Manchester City,2020-21,Group Stage,Tottenham Hotspur,96,Right Foot,Away,2
Robert Lewandowski,Poland,Barcelona,2019-20,Round Of 16,Borussia Dortmund,64,Free Kick,Away,2
Joshua Kimmich,Germany,Bayern Munich,2013-14,Group Stage,Ajax,52,Free Kick,Home,1
Didier Drogba,Ivory Coast,Chelsea,2014-15,Final,Manchester United,37,Free Kick,Home,1
Antoine Griezmann,France,Atletico Madrid,2015-16,Group Stage,Juventus,88,Right Foot,Home,1
Luka Modric,Croatia,Real Madrid,2019-20,Semi-Final,Arsenal,1,Right Foot,Away,2
Neymar Jr,Brazil,Paris Saint-Germain,2012-13,Semi-Final,Benfica,51,Header,Away,2
Antoine Griezmann,France,Atletico Madrid,2016-17,Group Stage,Chelsea,71,Header,Home,1
Sadio Mane,Senegal,Bayern Munich,2020-21,Final,Manchester United,85,Penalty,Away,1
Zlatan Ibrahimovic,Sweden,Inter Milan,2019-20,Group Stage,Benfica,55,Penalty,Home,3
Sadio Mane,Senegal,Liverpool,2011-12,Group Stage,Bayern Munich,69,Header,Away,1
Victor Osimhen,Nigeria,Napoli,2017-18,Round Of 16,Paris Saint-Germain,32,Right Foot,Home,3
Antoine Griezmann,France,Atletico Madrid,2015-16,Quarter-Final,Porto,91,Left Foot,Home,1
Mohamed Salah,Egypt,Liverpool,2019-20,Quarter-Final,Ac Milan,26,Right Foot,Away,2
Zlatan Ibrahimovic,Sweden,Inter Milan,2012-13,Group Stage,Atletico Madrid,5,Right Foot,Away,3
Jude Bellingham,England,Real Madrid,2022-23,Round Of 16,Sevilla,47,Right Foot,Home,1
Neymar Jr,Brazil,Paris Saint-Germain,2011-12,Group Stage,Manchester United,52,Header,Home,1
Robert Lewandowski,Poland,Borussia Dortmund,2021-22,Group Stage,Atletico Madrid,25,Right Foot,Away,3
Luka Modric,Croatia,Real Madrid,2017-18,Round Of 16,Inter Milan,76,Header,Home,2
Kevin De Bruyne,Belgium,Manchester City,2012-13,Final,Benfica,31,Free Kick,Away,1
Fernando Torres,Spain,Liverpool,2012-13,Group Stage,Tottenham Hotspur,44,Header,Away,1
Neymar Jr,Brazil,Barcelona,2023-24,Semi-Final,Porto,90,Right Foot,Away,2
Cristiano Ronaldo,Portugal,Juventus,2013-14,Group Stage,Atletico Madrid,29,Header,Away,1
Luka Modric,Croatia,Real Madrid,2016-17,Round Of 16,Atletico Madrid,65,Right Foot,Home,1
Robert Lewandowski,Poland,Borussia Dortmund,2012-13,Round Of 16,Benfica,48,Free Kick,Away,1
Riyad Mahrez,Algeria,Manchester City,2013-14,Semi-Final,Barcelona,40,Right Foot,Home,1
Paulo Dybala,Argentina,Juventus,2011-12,Group Stage,Bayern Munich,52,Right Foot,Away,1
Neymar Jr,Brazil,Barcelona,2010-11,Round Of 16,Inter Milan,23,Right Foot,Away,3
Joshua Kimmich,Germany,Bayern Munich,2023-24,Group Stage,Ac Milan,60,Header,Home,1
Kylian Mbappe,France,Real Madrid,2017-18,Round Of 16,Porto,4,Penalty,Away,2
Victor Osimhen,Nigeria,Napoli,2020-21,Group Stage,Liverpool,4,Left Foot,Home,2
Kevin De Bruyne,Belgium,Manchester City,2012-13,Final,Benfica,32,Header,Away,1
Fernando Torres,Spain,Chelsea,2013-14,Group Stage,Tottenham Hotspur,64,Header,Home,1
Wayne Rooney,England,Manchester United,2020-21,Group Stage,Paris Saint-Germain,2,Left Foot,Home,3
Lionel Messi,Argentina,Paris Saint-Germain,2012-13,Group Stage,Juventus,15,Left Foot,Away,1
Ousmane Dembele,France,Barcelona,2017-18,Quarter-Final,Borussia Dortmund,38,Header,Away,3
Neymar Jr,Brazil,Barcelona,2023-24,Group Stage,Sevilla,64,Right Foot,Away,1
Erling Haaland,Norway,Borussia Dortmund,2012-13,Group Stage,Paris Saint-Germain,38,Right Foot,Home,1
Raul Gonzalez,Spain,Real Madrid,2010-11,Group Stage,Sevilla,96,Header,Home,3
Sadio Mane,Senegal,Liverpool,2013-14,Final,Inter Milan,57,Penalty,Home,1
Luis Suarez,Uruguay,Atletico Madrid,2014-15,Quarter-Final,Bayern Munich,16,Header,Away,2
Antoine Griezmann,France,Atletico Madrid,2018-19,Group Stage,Real Madrid,48,Header,Home,1
Wayne Rooney,England,Manchester United,2022-23,Round Of 16,Juventus,68,Right Foot,Home,1
Julian Alvarez,Argentina,Manchester City,2014-15,Final,Ac Milan,50,Header,Away,1
Sergio Aguero,Argentina,Manchester City,2013-14,Group Stage,Borussia Dortmund,1,Penalty,Home,2
Filippo Inzaghi,Italy,Ac Milan,2013-14,Round Of 16,Benfica,56,Left Foot,Away,2
Luis Suarez,Uruguay,Atletico Madrid,2021-22,Round Of 16,Sevilla,68,Penalty,Away,1
Bukayo Saka,England,Arsenal,2017-18,Round Of 16,Atletico Madrid,18,Free Kick,Home,1
Alessandro Del Piero,Italy,Juventus,2013-14,Group Stage,Borussia Dortmund,16,Right Foot,Home,1
Lionel Messi,Argentina,Barcelona,2021-22,Quarter-Final,Benfica,38,Penalty,Home,1
Lionel Messi,Argentina,Barcelona,2010-11,Final,Manchester United,52,Penalty,Away,1
Alfredo Di Stefano,Argentina,Real Madrid,2022-23,Group Stage,Atletico Madrid,37,Penalty,Home,2
Ruud Van Nistelrooy,Netherlands,Real Madrid,2010-11,Semi-Final,Chelsea,75,Penalty,Home,1
Alessandro Del Piero,Italy,Juventus,2013-14,Quarter-Final,Manchester City,24,Penalty,Away,1
Kevin De Bruyne,Belgium,Manchester City,2014-15,Quarter-Final,Barcelona,28,Right Foot,Home,2
Cristiano Ronaldo,Portugal,Real Madrid,2015-16,Semi-Final,Inter Milan,96,Penalty,Home,1
Toni Kroos,Germany,Real Madrid,2010-11,Group Stage,Benfica,54,Left Foot,Away,1
Bernardo Silva,Portugal,Manchester City,2011-12,Group Stage,Ajax,68,Penalty,Away,1
Zlatan Ibrahimovic,Sweden,Paris Saint-Germain,2014-15,Round Of 16,Barcelona,36,Left Foot,Away,2
Riyad Mahrez,Algeria,Manchester City,2015-16,Final,Bayern Munich,56,Header,Away,1
Luis Suarez,Uruguay,Atletico Madrid,2015-16,Group Stage,Real Madrid,40,Header,Away,1
Gareth Bale,Wales,Real Madrid,2013-14,Quarter-Final,Barcelona,36,Free Kick,Away,2
Thomas Muller,Germany,Bayern Munich,2013-14,Semi-Final,Arsenal,34,Penalty,Home,1
Alessandro Del Piero,Italy,Juventus,2022-23,Quarter-Final,Liverpool,28,Penalty,Away,3
Jude Bellingham,England,Real Madrid,2022-23,Group Stage,Tottenham Hotspur,55,Free Kick,Home,2
Wayne Rooney,England,Manchester United,2022-23,Group Stage,Paris Saint-Germain,52,Left Foot,Home,1
Vinicius Junior,Brazil,Real Madrid,2017-18,Round Of 16,Atletico Madrid,27,Header,Away,1
Karim Benzema,France,Real Madrid,2018-19,Semi-Final,Porto,72,Right Foot,Away,2
Kevin De Bruyne,Belgium,Manchester City,2010-11,Round Of 16,Barcelona,93,Header,Away,1
Cristiano Ronaldo,Portugal,Manchester United,2014-15,Round Of 16,Real Madrid,4,Left Foot,Home,2
Mohamed Salah,Egypt,Liverpool,2012-13,Round Of 16,Juventus,9,Penalty,Home,2
Zlatan Ibrahimovic,Sweden,Paris Saint-Germain,2010-11,Group Stage,Benfica,47,Penalty,Away,1
Bernardo Silva,Portugal,Manchester City,2017-18,Group Stage,Atletico Madrid,25,Penalty,Home,1
Filippo Inzaghi,Italy,Ac Milan,2010-11,Round Of 16,Borussia Dortmund,17,Penalty,Away,1
Mohamed Salah,Egypt,Liverpool,2020-21,Round Of 16,Ajax,60,Free Kick,Away,2
Fernando Torres,Spain,Liverpool,2011-12,Final,Arsenal,94,Header,Home,2
Wayne Rooney,England,Manchester United,2021-22,Group Stage,Benfica,47,Right Foot,Away,1
Memphis Depay,Netherlands,Barcelona,2011-12,Final,Napoli,35,Penalty,Home,1
Kylian Mbappe,France,Real Madrid,2013-14,Group Stage,Manchester City,32,Left Foot,Home,1
Kevin De Bruyne,Belgium,Manchester City,2015-16,Semi-Final,Juventus,3,Right Foot,Away,1
Kevin De Bruyne,Belgium,Manchester City,2016-17,Group Stage,Porto,51,Right Foot,Away,1
Memphis Depay,Netherlands,Barcelona,2016-17,Group Stage,Tottenham Hotspur,11,Penalty,Away,1
Ruud Van Nistelrooy,Netherlands,Manchester United,2010-11,Final,Napoli,40,Left Foot,Away,2
Joshua Kimmich,Germany,Bayern Munich,2022-23,Round Of 16,Tottenham Hotspur,69,Right Foot,Away,2
Edinson Cavani,Uruguay,Paris Saint-Germain,2012-13,Final,Manchester City,4,Left Foot,Away,3
Didier Drogba,Ivory Coast,Chelsea,2014-15,Group Stage,Real Madrid,12,Penalty,Home,1
Didier Drogba,Ivory Coast,Chelsea,2016-17,Quarter-Final,Paris Saint-Germain,82,Header,Away,2
Didier Drogba,Ivory Coast,Chelsea,2013-14,Semi-Final,Manchester United,32,Right Foot,Away,1
Filippo Inzaghi,Italy,Ac Milan,2019-20,Group Stage,Porto,60,Free Kick,Away,1
Bernardo Silva,Portugal,Manchester City,2013-14,Group Stage,Ac Milan,9,Header,Home,2
Robert Lewandowski,Poland,Borussia Dortmund,2014-15,Round Of 16,Inter Milan,14,Penalty,Home,2
Fernando Torres,Spain,Liverpool,2023-24,Final,Manchester City,59,Header,Home,1
Mohamed Salah,Egypt,Liverpool,2014-15,Quarter-Final,Bayern Munich,29,Right Foot,Away,1
Joshua Kimmich,Germany,Bayern Munich,2013-14,Group Stage,Barcelona,37,Free Kick,Away,1
Mohamed Salah,Egypt,Liverpool,2015-16,Quarter-Final,Manchester City,42,Right Foot,Home,2
Karim Benzema,France,Real Madrid,2010-11,Round Of 16,Ac Milan,15,Penalty,Away,2
Cristiano Ronaldo,Portugal,Real Madrid,2022-23,Round Of 16,Porto,64,Right Foot,Away,2
Ousmane Dembele,France,Paris Saint-Germain,2010-11,Final,Arsenal,32,Header,Away,3
Sergio Aguero,Argentina,Manchester City,2018-19,Group Stage,Liverpool,57,Right Foot,Home,1
Zlatan Ibrahimovic,Sweden,Paris Saint-Germain,2017-18,Round Of 16,Bayern Munich,87,Left Foot,Home,1
Ruud Van Nistelrooy,Netherlands,Real Madrid,2022-23,Group Stage,Ac Milan,79,Right Foot,Away,2
Luis Suarez,Uruguay,Atletico Madrid,2013-14,Group Stage,Arsenal,69,Right Foot,Away,2
Kylian Mbappe,France,Paris Saint-Germain,2010-11,Round Of 16,Bayern Munich,92,Penalty,Home,2
Wayne Rooney,England,Manchester United,2017-18,Quarter-Final,Porto,28,Header,Home,1
Andriy Shevchenko,Ukraine,Ac Milan,2010-11,Group Stage,Manchester United,38,Header,Away,1
Robert Lewandowski,Poland,Barcelona,2015-16,Final,Sevilla,65,Left Foot,Home,1
Luis Suarez,Uruguay,Barcelona,2020-21,Round Of 16,Manchester United,30,Left Foot,Home,1
Robert Lewandowski,Poland,Borussia Dortmund,2018-19,Final,Chelsea,3,Free Kick,Away,1
Riyad Mahrez,Algeria,Manchester City,2013-14,Group Stage,Porto,33,Right Foot,Home,2
Joshua Kimmich,Germany,Bayern Munich,2023-24,Round Of 16,Manchester City,19,Right Foot,Away,3
Victor Osimhen,Nigeria,Napoli,2020-21,Quarter-Final,Paris Saint-Germain,69,Header,Home,2
Robert Lewandowski,Poland,Borussia Dortmund,2023-24,Group Stage,Ac Milan,91,Free Kick,Away,1
Filippo Inzaghi,Italy,Ac Milan,2014-15,Final,Borussia Dortmund,3,Right Foot,Home,1
Didier Drogba,Ivory Coast,Chelsea,2021-22,Group Stage,Paris Saint-Germain,18,Left Foot,Away,3
Kylian Mbappe,France,Paris Saint-Germain,2021-22,Round Of 16,Ajax,43,Penalty,Home,2
Paulo Dybala,Argentina,Juventus,2019-20,Group Stage,Ajax,35,Left Foot,Home,1
Sadio Mane,Senegal,Liverpool,2015-16,Round Of 16,Paris Saint-Germain,76,Right Foot,Home,1
Alfredo Di Stefano,Argentina,Real Madrid,2018-19,Semi-Final,Napoli,64,Right Foot,Away,1
Harry Kane,England,Bayern Munich,2019-20,Group Stage,Liverpool,46,Header,Away,1
Kevin De Bruyne,Belgium,Manchester City,2017-18,Round Of 16,Napoli,91,Header,Home,2
Ruud Van Nistelrooy,Netherlands,Manchester United,2013-14,Round Of 16,Juventus,48,Right Foot,Home,2
Wayne Rooney,England,Manchester United,2014-15,Group Stage,Juventus,34,Right Foot,Away,1
Lionel Messi,Argentina,Barcelona,2022-23,Final,Arsenal,60,Header,Home,1
Vinicius Junior,Brazil,Real Madrid,2015-16,Final,Bayern Munich,78,Penalty,Away,1
Vinicius Junior,Brazil,Real Madrid,2016-17,Group Stage,Atletico Madrid,86,Left Foot,Away,1
Andriy Shevchenko,Ukraine,Chelsea,2015-16,Round Of 16,Borussia Dortmund,51,Header,Home,2
Toni Kroos,Germany,Real Madrid,2010-11,Quarter-Final,Sevilla,19,Penalty,Home,1
Vinicius Junior,Brazil,Real Madrid,2019-20,Group Stage,Benfica,25,Penalty,Home,3
Jude Bellingham,England,Real Madrid,2017-18,Group Stage,Juventus,30,Header,Home,3
Wayne Rooney,England,Manchester United,2012-13,Quarter-Final,Ac Milan,74,Penalty,Home,3
Robert Lewandowski,Poland,Borussia Dortmund,2011-12,Semi-Final,Sevilla,1,Penalty,Home,1
Julian Alvarez,Argentina,Manchester City,2018-19,Final,Atletico Madrid,19,Right Foot,Home,2
Bukayo Saka,England,Arsenal,2020-21,Round Of 16,Bayern Munich,7,Penalty,Away,3
Didier Drogba,Ivory Coast,Chelsea,2021-22,Quarter-Final,Manchester United,92,Left Foot,Home,2
Filippo Inzaghi,Italy,Ac Milan,2012-13,Final,Sevilla,32,Penalty,Away,1
Gareth Bale,Wales,Real Madrid,2015-16,Final,Arsenal,42,Header,Away,3
Cristiano Ronaldo,Portugal,Real Madrid,2013-14,Final,Liverpool,63,Free Kick,Home,1
Neymar Jr,Brazil,Paris Saint-Germain,2019-20,Quarter-Final,Manchester City,57,Header,Home,3
Kylian Mbappe,France,Paris Saint-Germain,2010-11,Group Stage,Liverpool,78,Header,Home,1
Toni Kroos,Germany,Real Madrid,2017-18,Group Stage,Sevilla,49,Free Kick,Home,2
Lionel Messi,Argentina,Barcelona,2023-24,Final,Chelsea,19,Header,Away,3
Cristiano Ronaldo,Portugal,Manchester United,2011-12,Quarter-Final,Paris Saint-Germain,2,Header,Away,1
Thomas Muller,Germany,Bayern Munich,2016-17,Round Of 16,Inter Milan,20,Penalty,Away,1
Joshua Kimmich,Germany,Bayern Munich,2022-23,Final,Barcelona,30,Left Foot,Home,1
Luis Suarez,Uruguay,Atletico Madrid,2015-16,Final,Liverpool,14,Header,Home,1
Robert Lewandowski,Poland,Borussia Dortmund,2012-13,Group Stage,Porto,42,Right Foot,Home,1
Thomas Muller,Germany,Bayern Munich,2012-13,Round Of 16,Liverpool,21,Right Foot,Home,2
Karim Benzema,France,Real Madrid,2014-15,Semi-Final,Benfica,56,Free Kick,Home,3
Julian Alvarez,Argentina,Manchester City,2022-23,Round Of 16,Paris Saint-Germain,48,Penalty,Home,1
Erling Haaland,Norway,Borussia Dortmund,2019-20,Quarter-Final,Benfica,63,Left Foot,Away,1
Cristiano Ronaldo,Portugal,Juventus,2018-19,Quarter-Final,Borussia Dortmund,43,Right Foot,Away,2
Raul Gonzalez,Spain,Real Madrid,2022-23,Group Stage,Paris Saint-Germain,78,Right Foot,Away,1
Joshua Kimmich,Germany,Bayern Munich,2010-11,Semi-Final,Manchester United,76,Right Foot,Home,1
Lionel Messi,Argentina,Paris Saint-Germain,2013-14,Quarter-Final,Bayern Munich,22,Penalty,Away,2
Paulo Dybala,Argentina,Juventus,2011-12,Semi-Final,Sevilla,76,Header,Away,3
Paulo Dybala,Argentina,Juventus,2022-23,Semi-Final,Bayern Munich,94,Penalty,Away,1
Jude Bellingham,England,Real Madrid,2010-11,Group Stage,Ac Milan,68,Left Foot,Home,2
Riyad Mahrez,Algeria,Manchester City,2013-14,Group Stage,Ac Milan,27,Right Foot,Home,3
Toni Kroos,Germany,Real Madrid,2010-11,Semi-Final,Manchester City,53,Left Foot,Away,1
Ruud Van Nistelrooy,Netherlands,Manchester United,2016-17,Semi-Final,Barcelona,27,Right Foot,Away,1
Alfredo Di Stefano,Argentina,Real Madrid,2012-13,Group Stage,Liverpool,59,Penalty,Home,1
Sergio Aguero,Argentina,Manchester City,2012-13,Round Of 16,Manchester United,64,Right Foot,Away,1
Wayne Rooney,England,Manchester United,2020-21,Group Stage,Benfica,50,Penalty,Away,1
Sadio Mane,Senegal,Bayern Munich,2023-24,Semi-Final,Liverpool,75,Free Kick,Home,2
Julian Alvarez,Argentina,Manchester City,2021-22,Semi-Final,Manchester United,60,Left Foot,Away,1
Thomas Muller,Germany,Bayern Munich,2018-19,Group Stage,Benfica,78,Penalty,Home,1
Alfredo Di Stefano,Argentina,Real Madrid,2023-24,Final,Barcelona,41,Header,Away,3
Andriy Shevchenko,Ukraine,Chelsea,2012-13,Group Stage,Atletico Madrid,59,Left Foot,Away,1
Sergio Aguero,Argentina,Manchester City,2016-17,Group Stage,Napoli,95,Right Foot,Away,1
Raul Gonzalez,Spain,Real Madrid,2011-12,Round Of 16,Napoli,42,Penalty,Home,3
Gareth Bale,Wales,Real Madrid,2013-14,Semi-Final,Bayern Munich,94,Header,Away,2
Edinson Cavani,Uruguay,Paris Saint-Germain,2018-19,Semi-Final,Benfica,14,Free Kick,Away,3
Filippo Inzaghi,Italy,Ac Milan,2015-16,Group Stage,Ajax,12,Right Foot,Away,1
Riyad Mahrez,Algeria,Manchester City,2014-15,Quarter-Final,Barcelona,53,Left Foot,Home,2
Lionel Messi,Argentina,Paris Saint-Germain,2012-13,Group Stage,Arsenal,82,Left Foot,Away,1
Mohamed Salah,Egypt,Liverpool,2013-14,Group Stage,Chelsea,59,Right Foot,Home,1
Neymar Jr,Brazil,Barcelona,2012-13,Round Of 16,Sevilla,60,Header,Away,2
Paulo Dybala,Argentina,Juventus,2019-20,Group Stage,Porto,82,Left Foot,Home,2
Ousmane Dembele,France,Paris Saint-Germain,2016-17,Round Of 16,Ac Milan,14,Right Foot,Home,1
Fernando Torres,Spain,Liverpool,2013-14,Round Of 16,Ac Milan,94,Header,Home,1
Alfredo Di Stefano,Argentina,Real Madrid,2015-16,Group Stage,Barcelona,57,Free Kick,Away,1
Mohamed Salah,Egypt,Liverpool,2021-22,Round Of 16,Benfica,37,Header,Away,2
Vinicius Junior,Brazil,Real Madrid,2016-17,Round Of 16,Paris Saint-Germain,68,Penalty,Home,1
Julian Alvarez,Argentina,Manchester City,2020-21,Semi-Final,Barcelona,55,Free Kick,Away,3
Wayne Rooney,England,Manchester United,2017-18,Group Stage,Manchester City,25,Free Kick,Away,1
Riyad Mahrez,Algeria,Manchester City,2016-17,Round Of 16,Barcelona,61,Header,Away,3
Kylian Mbappe,France,Paris Saint-Germain,2012-13,Round Of 16,Manchester United,9,Free Kick,Away,1
Cristiano Ronaldo,Portugal,Real Madrid,2010-11,Group Stage,Ac Milan,46,Header,Away,1
Edinson Cavani,Uruguay,Paris Saint-Germain,2012-13,Group Stage,Porto,48,Penalty,Home,1
Bernardo Silva,Portugal,Manchester City,2021-22,Final,Barcelona,43,Penalty,Home,1
Alfredo Di Stefano,Argentina,Real Madrid,2014-15,Group Stage,Arsenal,16,Right Foot,Away,1
Julian Alvarez,Argentina,Manchester City,2011-12,Quarter-Final,Arsenal,57,Header,Home,1
Karim Benzema,France,Real Madrid,2010-11,Group Stage,Juventus,94,Right Foot,Home,1
Luis Suarez,Uruguay,Atletico Madrid,2011-12,Group Stage,Ajax,88,Header,Home,1
Robert Lewandowski,Poland,Barcelona,2016-17,Round Of 16,Ac Milan,25,Penalty,Away,1
Ousmane Dembele,France,Barcelona,2022-23,Group Stage,Sevilla,40,Right Foot,Away,2
Joshua Kimmich,Germany,Bayern Munich,2014-15,Round Of 16,Manchester United,28,Penalty,Home,3
Wayne Rooney,England,Manchester United,2017-18,Group Stage,Sevilla,45,Penalty,Home,1
Toni Kroos,Germany,Real Madrid,2020-21,Final,Arsenal,24,Right Foot,Home,1
Raul Gonzalez,Spain,Real Madrid,2011-12,Group Stage,Barcelona,93,Free Kick,Home,2
Paulo Dybala,Argentina,Juventus,2013-14,Quarter-Final,Barcelona,39,Penalty,Away,3
Neymar Jr,Brazil,Paris Saint-Germain,2016-17,Quarter-Final,Juventus,69,Header,Away,1
Gareth Bale,Wales,Real Madrid,2015-16,Group Stage,Sevilla,83,Free Kick,Home,3
Filippo Inzaghi,Italy,Ac Milan,2016-17,Group Stage,Manchester City,38,Header,Away,1
Luis Suarez,Uruguay,Atletico Madrid,2013-14,Group Stage,Barcelona,48,Penalty,Away,3
Sergio Aguero,Argentina,Manchester City,2020-21,Group Stage,Bayern Munich,47,Penalty,Away,1
Zlatan Ibrahimovic,Sweden,Inter Milan,2010-11,Round Of 16,Benfica,26,Free Kick,Away,3
Neymar Jr,Brazil,Barcelona,2022-23,Group Stage,Benfica,26,Right Foot,Home,3
Raul Gonzalez,Spain,Real Madrid,2019-20,Group Stage,Liverpool,4,Penalty,Home,2
Neymar Jr,Brazil,Barcelona,2020-21,Final,Napoli,48,Penalty,Away,3
Luis Suarez,Uruguay,Atletico Madrid,2017-18,Semi-Final,Porto,67,Header,Home,1
Ousmane Dembele,France,Barcelona,2020-21,Group Stage,Borussia Dortmund,66,Right Foot,Home,1
Alfredo Di Stefano,Argentina,Real Madrid,2019-20,Final,Juventus,48,Free Kick,Away,1
Filippo Inzaghi,Italy,Ac Milan,2014-15,Group Stage,Arsenal,78,Penalty,Home,2
Riyad Mahrez,Algeria,Manchester City,2021-22,Group Stage,Manchester United,88,Right Foot,Home,1
Ousmane Dembele,France,Barcelona,2023-24,Group Stage,Tottenham Hotspur,23,Header,Home,2
Kevin De Bruyne,Belgium,Manchester City,2018-19,Round Of 16,Napoli,34,Header,Home,3
Riyad Mahrez,Algeria,Manchester City,2020-21,Final,Barcelona,43,Header,Away,1
Kylian Mbappe,France,Real Madrid,2015-16,Round Of 16,Borussia Dortmund,80,Right Foot,Home,1
Victor Osimhen,Nigeria,Napoli,2021-22,Quarter-Final,Atletico Madrid,81,Penalty,Home,1
Kylian Mbappe,France,Paris Saint-Germain,2010-11,Semi-Final,Bayern Munich,48,Penalty,Away,2
Bernardo Silva,Portugal,Manchester City,2020-21,Group Stage,Real Madrid,93,Header,Home,3
Zlatan Ibrahimovic,Sweden,Barcelona,2012-13,Group Stage,Manchester City,70,Free Kick,Away,1
Bernardo Silva,Portugal,Manchester City,2015-16,Group Stage,Atletico Madrid,53,Header,Home,1
Lionel Messi,Argentina,Paris Saint-Germain,2019-20,Semi-Final,Barcelona,33,Free Kick,Away,1
Vinicius Junior,Brazil,Real Madrid,2013-14,Semi-Final,Ajax,95,Header,Away,3
Memphis Depay,Netherlands,Barcelona,2011-12,Quarter-Final,Tottenham Hotspur,91,Right Foot,Away,2
Edinson Cavani,Uruguay,Paris Saint-Germain,2016-17,Semi-Final,Arsenal,33,Right Foot,Away,1
Sergio Aguero,Argentina,Manchester City,2019-20,Group Stage,Tottenham Hotspur,10,Penalty,Away,1
Neymar Jr,Brazil,Paris Saint-Germain,2023-24,Group Stage,Real Madrid,60,Penalty,Away,3
Lionel Messi,Argentina,Paris Saint-Germain,2015-16,Round Of 16,Chelsea,27,Header,Home,2
Riyad Mahrez,Algeria,Manchester City,2014-15,Round Of 16,Atletico Madrid,77,Right Foot,Away,2
Kevin De Bruyne,Belgium,Manchester City,2022-23,Round Of 16,Liverpool,80,Penalty,Away,1
Robert Lewandowski,Poland,Bayern Munich,2016-17,Round Of 16,Real Madrid,85,Right Foot,Home,1
Jude Bellingham,England,Real Madrid,2012-13,Semi-Final,Arsenal,67,Header,Away,1
Kylian Mbappe,France,Paris Saint-Germain,2010-11,Round Of 16,Real Madrid,78,Header,Away,1
Didier Drogba,Ivory Coast,Chelsea,2012-13,Group Stage,Atletico Madrid,33,Header,Home,2
Sadio Mane,Senegal,Bayern Munich,2012-13,Quarter-Final,Paris Saint-Germain,16,Right Foot,Home,3
Ousmane Dembele,France,Paris Saint-Germain,2021-22,Final,Borussia Dortmund,34,Right Foot,Home,2
Toni Kroos,Germany,Real Madrid,2023-24,Semi-Final,Chelsea,86,Free Kick,Home,3
Karim Benzema,France,Real Madrid,2018-19,Group Stage,Barcelona,94,Left Foot,Home,1
Fernando Torres,Spain,Chelsea,2022-23,Semi-Final,Arsenal,40,Right Foot,Home,2
Edinson Cavani,Uruguay,Paris Saint-Germain,2014-15,Group Stage,Barcelona,89,Penalty,Home,1
Toni Kroos,Germany,Real Madrid,2019-20,Semi-Final,Juventus,32,Right Foot,Home,1
Harry Kane,England,Bayern Munich,2010-11,Semi-Final,Chelsea,74,Penalty,Home,2
Kylian Mbappe,France,Paris Saint-Germain,2017-18,Group Stage,Ac Milan,41,Left Foot,Home,3
Filippo Inzaghi,Italy,Ac Milan,2018-19,Group Stage,Sevilla,96,Left Foot,Away,1
Alfredo Di Stefano,Argentina,Real Madrid,2011-12,Quarter-Final,Arsenal,41,Header,Home,2
Julian Alvarez,Argentina,Manchester City,2010-11,Semi-Final,Bayern Munich,54,Penalty,Home,3
Alessandro Del Piero,Italy,Juventus,2019-20,Quarter-Final,Barcelona,17,Right Foot,Home,1
Victor Osimhen,Nigeria,Napoli,2012-13,Round Of 16,Manchester City,14,Right Foot,Away,1
Karim Benzema,France,Real Madrid,2016-17,Quarter-Final,Liverpool,38,Left Foot,Away,2
Sergio Aguero,Argentina,Manchester City,2023-24,Quarter-Final,Tottenham Hotspur,54,Right Foot,Home,1
Julian Alvarez,Argentina,Manchester City,2010-11,Round Of 16,Porto,37,Right Foot,Home,1
Wayne Rooney,England,Manchester United,2013-14,Group Stage,Ac Milan,88,Right Foot,Away,3
Ousmane Dembele,France,Paris Saint-Germain,2022-23,Round Of 16,Arsenal,94,Penalty,Home,2
Ruud Van Nistelrooy,Netherlands,Manchester United,2018-19,Group Stage,Real Madrid,23,Penalty,Away,3
Zlatan Ibrahimovic,Sweden,Paris Saint-Germain,2012-13,Round Of 16,Inter Milan,6,Penalty,Away,2
Bukayo Saka,England,Arsenal,2010-11,Semi-Final,Benfica,16,Penalty,Away,1
Gareth Bale,Wales,Real Madrid,2017-18,Final,Borussia Dortmund,66,Left Foot,Away,1
Paulo Dybala,Argentina,Juventus,2018-19,Round Of 16,Ac Milan,9,Header,Away,2
Didier Drogba,Ivory Coast,Chelsea,2019-20,Group Stage,Sevilla,24,Header,Away,2
Thomas Muller,Germany,Bayern Munich,2019-20,Round Of 16,Manchester City,76,Penalty,Home,2
Jude Bellingham,England,Real Madrid,2010-11,Round Of 16,Paris Saint-Germain,33,Penalty,Home,3
Wayne Rooney,England,Manchester United,2011-12,Group Stage,Inter Milan,51,Right Foot,Away,1
Riyad Mahrez,Algeria,Manchester City,2012-13,Semi-Final,Sevilla,85,Header,Home,1
Karim Benzema,France,Real Madrid,2012-13,Group Stage,Ajax,86,Right Foot,Away,1
Robert Lewandowski,Poland,Bayern Munich,2020-21,Group Stage,Benfica,90,Header,Home,1
Sergio Aguero,Argentina,Manchester City,2022-23,Quarter-Final,Paris Saint-Germain,13,Left Foot,Home,1
Andriy Shevchenko,Ukraine,Ac Milan,2010-11,Group Stage,Sevilla,14,Penalty,Away,2
Neymar Jr,Brazil,Barcelona,2010-11,Final,Juventus,45,Penalty,Away,1
Memphis Depay,Netherlands,Barcelona,2022-23,Group Stage,Porto,4,Free Kick,Away,1
Victor Osimhen,Nigeria,Napoli,2011-12,Group Stage,Liverpool,15,Header,Away,3
Kylian Mbappe,France,Real Madrid,2014-15,Final,Arsenal,46,Header,Away,1
Antoine Griezmann,France,Atletico Madrid,2017-18,Group Stage,Ajax,29,Penalty,Home,1
Neymar Jr,Brazil,Paris Saint-Germain,2012-13,Group Stage,Barcelona,68,Right Foot,Home,1
Julian Alvarez,Argentina,Manchester City,2013-14,Final,Arsenal,55,Left Foot,Away,2
Harry Kane,England,Tottenham Hotspur,2019-20,Group Stage,Manchester United,95,Left Foot,Away,1
Sadio Mane,Senegal,Liverpool,2018-19,Group Stage,Porto,46,Right Foot,Away,2
Bukayo Saka,England,Arsenal,2016-17,Group Stage,Manchester City,82,Header,Away,1
Luka Modric,Croatia,Real Madrid,2015-16,Group Stage,Porto,90,Penalty,Away,3
Memphis Depay,Netherlands,Barcelona,2020-21,Round Of 16,Napoli,3,Right Foot,Home,1
Alessandro Del Piero,Italy,Juventus,2011-12,Final,Barcelona,74,Right Foot,Home,1
Neymar Jr,Brazil,Barcelona,2011-12,Final,Borussia Dortmund,82,Penalty,Away,2
Gareth Bale,Wales,Real Madrid,2018-19,Final,Arsenal,64,Right Foot,Away,2
Toni Kroos,Germany,Real Madrid,2019-20,Semi-Final,Ac Milan,41,Penalty,Away,1
Ousmane Dembele,France,Barcelona,2016-17,Semi-Final,Inter Milan,74,Header,Away,2
Ruud Van Nistelrooy,Netherlands,Manchester United,2016-17,Round Of 16,Napoli,96,Right Foot,Away,1
Bukayo Saka,England,Arsenal,2012-13,Group Stage,Napoli,22,Header,Away,1
Mohamed Salah,Egypt,Liverpool,2020-21,Round Of 16,Barcelona,54,Penalty,Home,1
Toni Kroos,Germany,Real Madrid,2023-24,Round Of 16,Napoli,61,Right Foot,Away,1
Harry Kane,England,Tottenham Hotspur,2015-16,Group Stage,Manchester United,70,Left Foot,Away,1
Karim Benzema,France,Real Madrid,2020-21,Round Of 16,Arsenal,77,Left Foot,Away,1
Sergio Aguero,Argentina,Manchester City,2023-24,Group Stage,Napoli,27,Header,Away,2
Vinicius Junior,Brazil,Real Madrid,2021-22,Round Of 16,Arsenal,24,Header,Away,1
Luka Modric,Croatia,Real Madrid,2018-19,Semi-Final,Sevilla,23,Left Foot,Away,3
Fernando Torres,Spain,Chelsea,2019-20,Group Stage,Manchester United,42,Left Foot,Away,2
Jude Bellingham,England,Real Madrid,2010-11,Round Of 16,Chelsea,44,Penalty,Home,1
Joshua Kimmich,Germany,Bayern Munich,2012-13,Group Stage,Tottenham Hotspur,49,Right Foot,Away,1
Karim Benzema,France,Real Madrid,2022-23,Group Stage,Chelsea,86,Right Foot,Home,2
Victor Osimhen,Nigeria,Napoli,2021-22,Semi-Final,Arsenal,48,Header,Home,2
Sergio Aguero,Argentina,Manchester City,2021-22,Final,Benfica,9,Right Foot,Home,3
Thomas Muller,Germany,Bayern Munich,2023-24,Round Of 16,Borussia Dortmund,72,Penalty,Home,1
Sergio Aguero,Argentina,Manchester City,2012-13,Group Stage,Barcelona,21,Left Foot,Home,1
Fernando Torres,Spain,Chelsea,2021-22,Round Of 16,Benfica,46,Header,Home,2
Alessandro Del Piero,Italy,Juventus,2015-16,Final,Liverpool,14,Left Foot,Home,1
Riyad Mahrez,Algeria,Manchester City,2023-24,Group Stage,Ajax,57,Right Foot,Home,1
Riyad Mahrez,Algeria,Manchester City,2019-20,Final,Real Madrid,5,Penalty,Home,3
Wayne Rooney,England,Manchester United,2018-19,Semi-Final,Ac Milan,34,Penalty,Away,1
Edinson Cavani,Uruguay,Paris Saint-Germain,2014-15,Final,Porto,3,Right Foot,Away,1
Fernando Torres,Spain,Chelsea,2021-22,Quarter-Final,Manchester United,26,Right Foot,Away,1
Joshua Kimmich,Germany,Bayern Munich,2016-17,Group Stage,Ajax,51,Header,Home,3
Jude Bellingham,England,Real Madrid,2018-19,Group Stage,Manchester United,51,Header,Away,2
Gareth Bale,Wales,Real Madrid,2011-12,Group Stage,Sevilla,91,Free Kick,Home,2
Edinson Cavani,Uruguay,Paris Saint-Germain,2023-24,Round Of 16,Chelsea,25,Penalty,Away,3
Harry Kane,England,Bayern Munich,2021-22,Final,Manchester United,63,Right Foot,Home,2
Cristiano Ronaldo,Portugal,Manchester United,2010-11,Group Stage,Tottenham Hotspur,13,Left Foot,Away,1
Erling Haaland,Norway,Manchester City,2018-19,Round Of 16,Napoli,37,Right Foot,Home,3
Memphis Depay,Netherlands,Barcelona,2014-15,Final,Liverpool,39,Header,Away,1
Jude Bellingham,England,Real Madrid,2017-18,Group Stage,Napoli,34,Right Foot,Home,2
Harry Kane,England,Tottenham Hotspur,2020-21,Semi-Final,Chelsea,2,Penalty,Away,2
Luis Suarez,Uruguay,Barcelona,2017-18,Group Stage,Chelsea,47,Header,Away,1
Wayne Rooney,England,Manchester United,2014-15,Round Of 16,Tottenham Hotspur,95,Right Foot,Home,1
Erling Haaland,Norway,Manchester City,2023-24,Round Of 16,Tottenham Hotspur,47,Right Foot,Home,1
Erling Haaland,Norway,Manchester City,2010-11,Quarter-Final,Barcelona,96,Right Foot,Home,2
Sadio Mane,Senegal,Bayern Munich,2023-24,Semi-Final,Sevilla,11,Header,Away,1
Riyad Mahrez,Algeria,Manchester City,2021-22,Quarter-Final,Real Madrid,23,Right Foot,Away,1
Antoine Griezmann,France,Atletico Madrid,2012-13,Group Stage,Liverpool,50,Header,Home,1
Ousmane Dembele,France,Paris Saint-Germain,2013-14,Semi-Final,Inter Milan,48,Penalty,Home,2
Memphis Depay,Netherlands,Barcelona,2012-13,Group Stage,Ac Milan,48,Penalty,Away,1
Joshua Kimmich,Germany,Bayern Munich,2011-12,Quarter-Final,Barcelona,55,Penalty,Away,1
Neymar Jr,Brazil,Barcelona,2019-20,Group Stage,Manchester United,88,Left Foot,Away,2
Bernardo Silva,Portugal,Manchester City,2021-22,Quarter-Final,Real Madrid,53,Free Kick,Home,2
Harry Kane,England,Tottenham Hotspur,2018-19,Group Stage,Manchester City,3,Header,Home,1
Zlatan Ibrahimovic,Sweden,Barcelona,2021-22,Group Stage,Juventus,15,Penalty,Away,1
Alessandro Del Piero,Italy,Juventus,2019-20,Group Stage,Ac Milan,29,Penalty,Home,2
Bernardo Silva,Portugal,Manchester City,2013-14,Semi-Final,Arsenal,63,Header,Away,3
Luis Suarez,Uruguay,Atletico Madrid,2010-11,Quarter-Final,Porto,81,Penalty,Home,1
Filippo Inzaghi,Italy,Ac Milan,2011-12,Group Stage,Atletico Madrid,27,Header,Away,1
Didier Drogba,Ivory Coast,Chelsea,2017-18,Group Stage,Liverpool,82,Penalty,Away,1
Wayne Rooney,England,Manchester United,2020-21,Semi-Final,Manchester City,80,Penalty,Away,1
Zlatan Ibrahimovic,Sweden,Inter Milan,2017-18,Group Stage,Juventus,59,Free Kick,Home,1
Fernando Torres,Spain,Liverpool,2017-18,Round Of 16,Borussia Dortmund,67,Header,Away,2
Wayne Rooney,England,Manchester United,2019-20,Semi-Final,Barcelona,30,Right Foot,Home,2
Fernando Torres,Spain,Chelsea,2011-12,Round Of 16,Paris Saint-Germain,54,Header,Home,1
Luis Suarez,Uruguay,Atletico Madrid,2017-18,Semi-Final,Sevilla,13,Free Kick,Away,1
Vinicius Junior,Brazil,Real Madrid,2019-20,Quarter-Final,Chelsea,5,Left Foot,Away,1
Mohamed Salah,Egypt,Liverpool,2010-11,Group Stage,Arsenal,48,Penalty,Home,1
Robert Lewandowski,Poland,Bayern Munich,2014-15,Group Stage,Chelsea,64,Left Foot,Away,3
Jude Bellingham,England,Real Madrid,2022-23,Round Of 16,Liverpool,48,Left Foot,Home,1
Karim Benzema,France,Real Madrid,2022-23,Group Stage,Atletico Madrid,93,Right Foot,Home,2
Robert Lewandowski,Poland,Barcelona,2010-11,Semi-Final,Atletico Madrid,69,Left Foot,Home,1
Gareth Bale,Wales,Real Madrid,2023-24,Round Of 16,Atletico Madrid,58,Header,Away,1
Toni Kroos,Germany,Real Madrid,2022-23,Final,Inter Milan,1,Free Kick,Away,3
Bukayo Saka,England,Arsenal,2013-14,Quarter-Final,Chelsea,15,Penalty,Away,1
Ruud Van Nistelrooy,Netherlands,Manchester United,2016-17,Round Of 16,Borussia Dortmund,39,Right Foot,Away,1
Jude Bellingham,England,Real Madrid,2021-22,Group Stage,Manchester City,38,Penalty,Away,3
Neymar Jr,Brazil,Barcelona,2019-20,Group Stage,Bayern Munich,16,Header,Away,1
Kevin De Bruyne,Belgium,Manchester City,2017-18,Group Stage,Ajax,39,Right Foot,Away,1
Ruud Van Nistelrooy,Netherlands,Manchester United,2013-14,Group Stage,Manchester City,64,Penalty,Away,1
Erling Haaland,Norway,Borussia Dortmund,2018-19,Quarter-Final,Porto,54,Left Foot,Away,2
Victor Osimhen,Nigeria,Napoli,2012-13,Final,Real Madrid,90,Header,Home,2
Bukayo Saka,England,Arsenal,2018-19,Quarter-Final,Porto,93,Header,Away,3
Neymar Jr,Brazil,Barcelona,2023-24,Group Stage,Liverpool,31,Left Foot,Home,1
Alfredo Di Stefano,Argentina,Real Madrid,2017-18,Semi-Final,Borussia Dortmund,64,Penalty,Home,2
Kylian Mbappe,France,Real Madrid,2015-16,Quarter-Final,Inter Milan,55,Right Foot,Away,1
Memphis Depay,Netherlands,Barcelona,2012-13,Final,Bayern Munich,16,Penalty,Home,2
Zlatan Ibrahimovic,Sweden,Paris Saint-Germain,2020-21,Quarter-Final,Real Madrid,38,Right Foot,Home,2
Cristiano Ronaldo,Portugal,Manchester United,2022-23,Final,Juventus,75,Left Foot,Away,1
Bukayo Saka,England,Arsenal,2022-23,Group Stage,Chelsea,64,Free Kick,Away,2
Luis Suarez,Uruguay,Barcelona,2020-21,Final,Ac Milan,85,Left Foot,Away,1
Harry Kane,England,Bayern Munich,2017-18,Semi-Final,Atletico Madrid,67,Right Foot,Home,1
Riyad Mahrez,Algeria,Manchester City,2014-15,Round Of 16,Porto,32,Header,Home,2
Vinicius Junior,Brazil,Real Madrid,2012-13,Group Stage,Paris Saint-Germain,52,Right Foot,Home,3
Riyad Mahrez,Algeria,Manchester City,2022-23,Round Of 16,Bayern Munich,56,Penalty,Home,2
Riyad Mahrez,Algeria,Manchester City,2013-14,Group Stage,Arsenal,5,Header,Home,2
Luis Suarez,Uruguay,Barcelona,2015-16,Final,Paris Saint-Germain,59,Left Foot,Home,1
Didier Drogba,Ivory Coast,Chelsea,2014-15,Group Stage,Napoli,86,Right Foot,Away,1
Thomas Muller,Germany,Bayern Munich,2012-13,Round Of 16,Atletico Madrid,51,Penalty,Away,1
Julian Alvarez,Argentina,Manchester City,2011-12,Round Of 16,Sevilla,54,Right Foot,Away,2
Bukayo Saka,England,Arsenal,2016-17,Group Stage,Real Madrid,83,Right Foot,Away,1
Victor Osimhen,Nigeria,Napoli,2013-14,Final,Barcelona,54,Right Foot,Home,1
Robert Lewandowski,Poland,Borussia Dortmund,2014-15,Round Of 16,Porto,73,Right Foot,Home,1
Alfredo Di Stefano,Argentina,Real Madrid,2013-14,Group Stage,Porto,43,Header,Away,1
Luka Modric,Croatia,Real Madrid,2022-23,Group Stage,Benfica,28,Header,Away,2
Erling Haaland,Norway,Manchester City,2022-23,Quarter-Final,Napoli,62,Penalty,Away,1
Gareth Bale,Wales,Real Madrid,2018-19,Group Stage,Ac Milan,86,Header,Away,2
Didier Drogba,Ivory Coast,Chelsea,2010-11,Group Stage,Juventus,70,Right Foot,Home,1
Riyad Mahrez,Algeria,Manchester City,2018-19,Round Of 16,Napoli,90,Right Foot,Away,1
Harry Kane,England,Bayern Munich,2020-21,Group Stage,Napoli,17,Left Foot,Home,1
Antoine Griezmann,France,Atletico Madrid,2012-13,Round Of 16,Chelsea,16,Header,Home,1
Joshua Kimmich,Germany,Bayern Munich,2018-19,Group Stage,Ajax,85,Free Kick,Home,1
Fernando Torres,Spain,Chelsea,2017-18,Quarter-Final,Sevilla,34,Header,Away,3
Alfredo Di Stefano,Argentina,Real Madrid,2020-21,Round Of 16,Chelsea,5,Penalty,Away,1
Filippo Inzaghi,Italy,Ac Milan,2019-20,Group Stage,Juventus,24,Header,Home,1
Neymar Jr,Brazil,Paris Saint-Germain,2016-17,Quarter-Final,Liverpool,74,Penalty,Away,1
Ousmane Dembele,France,Barcelona,2011-12,Group Stage,Manchester City,2,Header,Home,3
Gareth Bale,Wales,Real Madrid,2023-24,Round Of 16,Arsenal,33,Penalty,Away,3
Didier Drogba,Ivory Coast,Chelsea,2023-24,Round Of 16,Tottenham Hotspur,43,Right Foot,Away,3
Thomas Muller,Germany,Bayern Munich,2020-21,Round Of 16,Tottenham Hotspur,6,Penalty,Away,1
Alessandro Del Piero,Italy,Juventus,2013-14,Round Of 16,Arsenal,67,Penalty,Home,1
Ousmane Dembele,France,Paris Saint-Germain,2017-18,Semi-Final,Atletico Madrid,82,Header,Away,1
Antoine Griezmann,France,Atletico Madrid,2014-15,Round Of 16,Juventus,50,Header,Home,3
Toni Kroos,Germany,Real Madrid,2017-18,Quarter-Final,Tottenham Hotspur,70,Left Foot,Away,1
Thomas Muller,Germany,Bayern Munich,2013-14,Group Stage,Ajax,59,Penalty,Away,1
Filippo Inzaghi,Italy,Ac Milan,2017-18,Final,Sevilla,18,Penalty,Home,1
Riyad Mahrez,Algeria,Manchester City,2015-16,Group Stage,Ajax,3,Free Kick,Home,3
Lionel Messi,Argentina,Paris Saint-Germain,2022-23,Quarter-Final,Real Madrid,39,Free Kick,Away,1
Bernardo Silva,Portugal,Manchester City,2018-19,Round Of 16,Tottenham Hotspur,41,Penalty,Home,2
Kylian Mbappe,France,Paris Saint-Germain,2010-11,Round Of 16,Manchester United,56,Right Foot,Away,1
Sergio Aguero,Argentina,Manchester City,2021-22,Final,Juventus,47,Free Kick,Away,2
Paulo Dybala,Argentina,Juventus,2020-21,Round Of 16,Arsenal,12,Header,Home,1
Thomas Muller,Germany,Bayern Munich,2022-23,Semi-Final,Ajax,55,Header,Away,1
Victor Osimhen,Nigeria,Napoli,2014-15,Group Stage,Ajax,19,Penalty,Away,1
Thomas Muller,Germany,Bayern Munich,2019-20,Round Of 16,Borussia Dortmund,77,Header,Home,2
Alfredo Di Stefano,Argentina,Real Madrid,2010-11,Group Stage,Ajax,80,Header,Home,1
Bernardo Silva,Portugal,Manchester City,2021-22,Round Of 16,Bayern Munich,83,Header,Away,1
Antoine Griezmann,France,Atletico Madrid,2014-15,Round Of 16,Tottenham Hotspur,94,Free Kick,Away,1
Erling Haaland,Norway,Borussia Dortmund,2019-20,Group Stage,Ac Milan,5,Right Foot,Home,2
Andriy Shevchenko,Ukraine,Ac Milan,2012-13,Round Of 16,Manchester United,96,Free Kick,Away,1
Gareth Bale,Wales,Real Madrid,2018-19,Round Of 16,Atletico Madrid,16,Header,Away,2
Wayne Rooney,England,Manchester United,2010-11,Group Stage,Borussia Dortmund,33,Free Kick,Away,1
Robert Lewandowski,Poland,Bayern Munich,2016-17,Final,Barcelona,90,Penalty,Away,2
Bernardo Silva,Portugal,Manchester City,2014-15,Round Of 16,Sevilla,33,Left Foot,Away,1
Thomas Muller,Germany,Bayern Munich,2018-19,Group Stage,Borussia Dortmund,17,Right Foot,Away,1
Antoine Griezmann,France,Atletico Madrid,2012-13,Group Stage,Manchester City,37,Header,Away,3
Luis Suarez,Uruguay,Atletico Madrid,2019-20,Round Of 16,Ajax,15,Header,Away,2
Erling Haaland,Norway,Borussia Dortmund,2017-18,Round Of 16,Arsenal,59,Right Foot,Home,3
Paulo Dybala,Argentina,Juventus,2015-16,Group Stage,Tottenham Hotspur,30,Penalty,Away,2
Vinicius Junior,Brazil,Real Madrid,2014-15,Group Stage,Sevilla,26,Left Foot,Away,1
Alfredo Di Stefano,Argentina,Real Madrid,2011-12,Round Of 16,Atletico Madrid,94,Penalty,Home,1
Vinicius Junior,Brazil,Real Madrid,2020-21,Group Stage,Napoli,68,Right Foot,Home,2
Julian Alvarez,Argentina,Manchester City,2021-22,Final,Juventus,51,Header,Away,1
Bernardo Silva,Portugal,Manchester City,2022-23,Round Of 16,Atletico Madrid,94,Penalty,Home,1
Ousmane Dembele,France,Paris Saint-Germain,2021-22,Round Of 16,Atletico Madrid,35,Free Kick,Away,1
Ruud Van Nistelrooy,Netherlands,Real Madrid,2011-12,Round Of 16,Barcelona,12,Header,Away,1
Antoine Griezmann,France,Atletico Madrid,2017-18,Round Of 16,Ac Milan,30,Free Kick,Home,1
Robert Lewandowski,Poland,Borussia Dortmund,2018-19,Group Stage,Ac Milan,70,Penalty,Away,2
Bernardo Silva,Portugal,Manchester City,2021-22,Round Of 16,Ac Milan,64,Penalty,Away,2
Bukayo Saka,England,Arsenal,2019-20,Semi-Final,Bayern Munich,91,Free Kick,Away,1
Luis Suarez,Uruguay,Barcelona,2014-15,Semi-Final,Ac Milan,28,Right Foot,Home,2
Ruud Van Nistelrooy,Netherlands,Manchester United,2021-22,Group Stage,Tottenham Hotspur,39,Free Kick,Home,2
Gareth Bale,Wales,Real Madrid,2022-23,Round Of 16,Ajax,63,Header,Away,1
Alessandro Del Piero,Italy,Juventus,2013-14,Semi-Final,Ajax,27,Right Foot,Away,1
Sadio Mane,Senegal,Bayern Munich,2019-20,Group Stage,Porto,88,Header,Away,1
Didier Drogba,Ivory Coast,Chelsea,2020-21,Group Stage,Borussia Dortmund,84,Left Foot,Away,1
Luka Modric,Croatia,Real Madrid,2020-21,Final,Tottenham Hotspur,74,Left Foot,Away,1
Ruud Van Nistelrooy,Netherlands,Real Madrid,2023-24,Quarter-Final,Ajax,31,Left Foot,Home,1
Jude Bellingham,England,Real Madrid,2013-14,Group Stage,Porto,17,Penalty,Home,1
Raul Gonzalez,Spain,Real Madrid,2023-24,Group Stage,Inter Milan,30,Penalty,Away,1
Harry Kane,England,Tottenham Hotspur,2023-24,Group Stage,Arsenal,35,Left Foot,Home,1
Gareth Bale,Wales,Real Madrid,2021-22,Round Of 16,Arsenal,58,Header,Home,1
Raul Gonzalez,Spain,Real Madrid,2019-20,Round Of 16,Juventus,51,Penalty,Home,3
Gareth Bale,Wales,Real Madrid,2018-19,Group Stage,Manchester United,48,Penalty,Away,1
Julian Alvarez,Argentina,Manchester City,2018-19,Round Of 16,Ajax,16,Free Kick,Away,1
Zlatan Ibrahimovic,Sweden,Paris Saint-Germain,2011-12,Round Of 16,Napoli,75,Header,Away,2
Kylian Mbappe,France,Real Madrid,2017-18,Group Stage,Ajax,34,Header,Away,3
Zlatan Ibrahimovic,Sweden,Paris Saint-Germain,2018-19,Group Stage,Sevilla,6,Header,Home,3
Victor Osimhen,Nigeria,Napoli,2015-16,Semi-Final,Ajax,89,Right Foot,Away,1
Victor Osimhen,Nigeria,Napoli,2012-13,Quarter-Final,Manchester City,58,Left Foot,Away,1
Luis Suarez,Uruguay,Atletico Madrid,2019-20,Round Of 16,Porto,82,Right Foot,Away,1
Riyad Mahrez,Algeria,Manchester City,2013-14,Quarter-Final,Porto,49,Free Kick,Home,1
Bernardo Silva,Portugal,Manchester City,2011-12,Round Of 16,Chelsea,16,Right Foot,Home,1
Sergio Aguero,Argentina,Manchester City,2014-15,Group Stage,Tottenham Hotspur,18,Right Foot,Away,1
Sadio Mane,Senegal,Liverpool,2010-11,Group Stage,Manchester City,2,Header,Home,1
Neymar Jr,Brazil,Paris Saint-Germain,2021-22,Round Of 16,Barcelona,86,Header,Away,1
Robert Lewandowski,Poland,Barcelona,2016-17,Final,Sevilla,20,Right Foot,Away,1
Memphis Depay,Netherlands,Barcelona,2018-19,Round Of 16,Benfica,44,Header,Away,1
Kylian Mbappe,France,Paris Saint-Germain,2015-16,Final,Atletico Madrid,43,Right Foot,Away,2
Toni Kroos,Germany,Real Madrid,2023-24,Round Of 16,Manchester United,52,Penalty,Away,1
Erling Haaland,Norway,Manchester City,2022-23,Group Stage,Sevilla,31,Header,Home,2
Memphis Depay,Netherlands,Barcelona,2015-16,Round Of 16,Inter Milan,76,Right Foot,Home,1
Didier Drogba,Ivory Coast,Chelsea,2017-18,Group Stage,Atletico Madrid,1,Penalty,Away,3
Karim Benzema,France,Real Madrid,2017-18,Quarter-Final,Ac Milan,9,Right Foot,Home,2
Andriy Shevchenko,Ukraine,Chelsea,2011-12,Quarter-Final,Inter Milan,4,Header,Away,1
Kylian Mbappe,France,Paris Saint-Germain,2020-21,Final,Inter Milan,37,Left Foot,Away,1
Ruud Van Nistelrooy,Netherlands,Manchester United,2010-11,Group Stage,Barcelona,48,Free Kick,Home,2
Riyad Mahrez,Algeria,Manchester City,2021-22,Final,Bayern Munich,3,Penalty,Home,2
Antoine Griezmann,France,Atletico Madrid,2012-13,Round Of 16,Manchester United,81,Right Foot,Away,2
Sergio Aguero,Argentina,Manchester City,2015-16,Semi-Final,Ac Milan,2,Header,Home,2
Harry Kane,England,Bayern Munich,2012-13,Round Of 16,Tottenham Hotspur,70,Header,Home,3
Gareth Bale,Wales,Real Madrid,2010-11,Group Stage,Napoli,12,Free Kick,Home,1
Paulo Dybala,Argentina,Juventus,2022-23,Semi-Final,Porto,29,Right Foot,Away,1
Fernando Torres,Spain,Chelsea,2019-20,Round Of 16,Manchester City,59,Free Kick,Home,3
Mohamed Salah,Egypt,Liverpool,2013-14,Quarter-Final,Tottenham Hotspur,38,Free Kick,Away,1
Fernando Torres,Spain,Chelsea,2019-20,Group Stage,Tottenham Hotspur,67,Left Foot,Away,3
Lionel Messi,Argentina,Barcelona,2015-16,Group Stage,Ajax,60,Left Foot,Away,1
Sergio Aguero,Argentina,Manchester City,2016-17,Round Of 16,Barcelona,13,Penalty,Away,1
Zlatan Ibrahimovic,Sweden,Barcelona,2023-24,Round Of 16,Sevilla,3,Header,Away,1
Jude Bellingham,England,Real Madrid,2011-12,Round Of 16,Napoli,78,Free Kick,Away,1
Sadio Mane,Senegal,Bayern Munich,2017-18,Group Stage,Liverpool,29,Penalty,Away,2
Jude Bellingham,England,Real Madrid,2021-22,Round Of 16,Manchester City,42,Penalty,Away,2
Joshua Kimmich,Germany,Bayern Munich,2020-21,Quarter-Final,Tottenham Hotspur,26,Penalty,Home,2
Robert Lewandowski,Poland,Bayern Munich,2013-14,Semi-Final,Napoli,86,Left Foot,Home,3
Ousmane Dembele,France,Paris Saint-Germain,2010-11,Round Of 16,Manchester City,42,Right Foot,Home,2
Mohamed Salah,Egypt,Liverpool,2014-15,Round Of 16,Chelsea,63,Left Foot,Home,1
Ruud Van Nistelrooy,Netherlands,Manchester United,2017-18,Group Stage,Porto,27,Penalty,Home,3
Antoine Griezmann,France,Atletico Madrid,2018-19,Semi-Final,Paris Saint-Germain,2,Penalty,Home,2
Thomas Muller,Germany,Bayern Munich,2021-22,Final,Sevilla,69,Header,Away,2
Joshua Kimmich,Germany,Bayern Munich,2010-11,Final,Liverpool,74,Penalty,Away,1
Kevin De Bruyne,Belgium,Manchester City,2023-24,Quarter-Final,Arsenal,16,Penalty,Away,3
Wayne Rooney,England,Manchester United,2016-17,Semi-Final,Benfica,30,Penalty,Home,2
Lionel Messi,Argentina,Barcelona,2015-16,Final,Ac Milan,39,Header,Away,1
Memphis Depay,Netherlands,Barcelona,2019-20,Group Stage,Manchester United,41,Header,Away,1
Sergio Aguero,Argentina,Manchester City,2012-13,Final,Sevilla,35,Left Foot,Away,1
Kylian Mbappe,France,Paris Saint-Germain,2016-17,Round Of 16,Manchester City,10,Right Foot,Away,3
Joshua Kimmich,Germany,Bayern Munich,2018-19,Round Of 16,Benfica,6,Right Foot,Away,1
Neymar Jr,Brazil,Barcelona,2018-19,Group Stage,Inter Milan,58,Header,Home,1
Luis Suarez,Uruguay,Atletico Madrid,2014-15,Group Stage,Paris Saint-Germain,48,Header,Home,1
Edinson Cavani,Uruguay,Paris Saint-Germain,2021-22,Round Of 16,Inter Milan,79,Left Foot,Away,1
Alfredo Di Stefano,Argentina,Real Madrid,2022-23,Group Stage,Sevilla,29,Penalty,Home,1
Wayne Rooney,England,Manchester United,2017-18,Round Of 16,Liverpool,61,Right Foot,Away,1
Harry Kane,England,Bayern Munich,2016-17,Round Of 16,Porto,95,Penalty,Home,2
Robert Lewandowski,Poland,Barcelona,2018-19,Round Of 16,Inter Milan,33,Header,Away,1
Wayne Rooney,England,Manchester United,2022-23,Semi-Final,Borussia Dortmund,53,Header,Away,2
Bernardo Silva,Portugal,Manchester City,2017-18,Final,Benfica,74,Right Foot,Away,1
Luis Suarez,Uruguay,Atletico Madrid,2023-24,Round Of 16,Porto,37,Right Foot,Home,1
Sadio Mane,Senegal,Liverpool,2011-12,Round Of 16,Paris Saint-Germain,86,Penalty,Home,3
Edinson Cavani,Uruguay,Paris Saint-Germain,2012-13,Round Of 16,Ajax,79,Right Foot,Home,3
Jude Bellingham,England,Real Madrid,2023-24,Round Of 16,Sevilla,85,Right Foot,Home,2
Jude Bellingham,England,Real Madrid,2010-11,Semi-Final,Ac Milan,3,Penalty,Home,2
Luka Modric,Croatia,Real Madrid,2016-17,Final,Atletico Madrid,41,Left Foot,Home,1
Kevin De Bruyne,Belgium,Manchester City,2011-12,Group Stage,Inter Milan,48,Left Foot,Away,3
Sergio Aguero,Argentina,Manchester City,2010-11,Semi-Final,Arsenal,38,Header,Away,1
Cristiano Ronaldo,Portugal,Juventus,2014-15,Quarter-Final,Chelsea,57,Right Foot,Away,2
Wayne Rooney,England,Manchester United,2020-21,Group Stage,Barcelona,54,Free Kick,Home,1
Luis Suarez,Uruguay,Atletico Madrid,2011-12,Semi-Final,Bayern Munich,1,Header,Away,2
Antoine Griezmann,France,Atletico Madrid,2020-21,Round Of 16,Barcelona,45,Penalty,Away,2
Robert Lewandowski,Poland,Borussia Dortmund,2016-17,Round Of 16,Bayern Munich,49,Header,Away,2
Antoine Griezmann,France,Atletico Madrid,2014-15,Final,Sevilla,24,Penalty,Away,1
Karim Benzema,France,Real Madrid,2018-19,Final,Bayern Munich,32,Penalty,Away,1
Jude Bellingham,England,Real Madrid,2018-19,Round Of 16,Barcelona,92,Left Foot,Home,3
Robert Lewandowski,Poland,Barcelona,2019-20,Semi-Final,Arsenal,83,Free Kick,Away,2
Vinicius Junior,Brazil,Real Madrid,2015-16,Group Stage,Tottenham Hotspur,16,Right Foot,Away,1
Neymar Jr,Brazil,Barcelona,2019-20,Round Of 16,Napoli,14,Left Foot,Home,1
Raul Gonzalez,Spain,Real Madrid,2012-13,Group Stage,Ac Milan,96,Penalty,Away,1
Ruud Van Nistelrooy,Netherlands,Real Madrid,2016-17,Quarter-Final,Inter Milan,55,Header,Home,1
Andriy Shevchenko,Ukraine,Chelsea,2014-15,Group Stage,Bayern Munich,57,Header,Home,1
Luis Suarez,Uruguay,Barcelona,2012-13,Round Of 16,Arsenal,1,Left Foot,Home,2
Luka Modric,Croatia,Real Madrid,2015-16,Final,Bayern Munich,59,Free Kick,Away,3
Wayne Rooney,England,Manchester United,2019-20,Semi-Final,Juventus,21,Free Kick,Home,3
Ruud Van Nistelrooy,Netherlands,Manchester United,2022-23,Group Stage,Benfica,23,Header,Away,2
Ousmane Dembele,France,Barcelona,2015-16,Final,Chelsea,79,Right Foot,Away,3
Luis Suarez,Uruguay,Barcelona,2012-13,Group Stage,Liverpool,88,Left Foot,Away,1
Luis Suarez,Uruguay,Barcelona,2020-21,Group Stage,Arsenal,78,Penalty,Away,2
Thomas Muller,Germany,Bayern Munich,2013-14,Round Of 16,Manchester City,17,Penalty,Home,3
Zlatan Ibrahimovic,Sweden,Inter Milan,2012-13,Group Stage,Napoli,54,Left Foot,Away,1
Toni Kroos,Germany,Real Madrid,2016-17,Final,Atletico Madrid,62,Right Foot,Home,1
Zlatan Ibrahimovic,Sweden,Paris Saint-Germain,2013-14,Round Of 16,Benfica,36,Right Foot,Away,2
Luis Suarez,Uruguay,Barcelona,2012-13,Final,Porto,23,Penalty,Home,3
Vinicius Junior,Brazil,Real Madrid,2010-11,Group Stage,Borussia Dortmund,7,Penalty,Home,1
Jude Bellingham,England,Real Madrid,2022-23,Final,Benfica,41,Header,Home,2
Bernardo Silva,Portugal,Manchester City,2021-22,Round Of 16,Liverpool,18,Header,Home,1
Memphis Depay,Netherlands,Barcelona,2023-24,Round Of 16,Manchester City,71,Right Foot,Home,1
Julian Alvarez,Argentina,Manchester City,2018-19,Quarter-Final,Chelsea,61,Header,Away,1
Filippo Inzaghi,Italy,Ac Milan,2020-21,Group Stage,Tottenham Hotspur,41,Penalty,Home,1
Filippo Inzaghi,Italy,Ac Milan,2023-24,Group Stage,Manchester City,80,Header,Away,1
Alfredo Di Stefano,Argentina,Real Madrid,2021-22,Semi-Final,Paris Saint-Germain,92,Free Kick,Home,3
Joshua Kimmich,Germany,Bayern Munich,2018-19,Group Stage,Arsenal,15,Header,Away,1
Luis Suarez,Uruguay,Barcelona,2017-18,Final,Manchester United,45,Left Foot,Away,3
Filippo Inzaghi,Italy,Ac Milan,2010-11,Group Stage,Napoli,46,Header,Away,1
Raul Gonzalez,Spain,Real Madrid,2016-17,Group Stage,Ajax,71,Right Foot,Home,1
Wayne Rooney,England,Manchester United,2020-21,Final,Arsenal,53,Right Foot,Home,1
Bukayo Saka,England,Arsenal,2017-18,Final,Barcelona,58,Right Foot,Away,1
Fernando Torres,Spain,Chelsea,2017-18,Final,Borussia Dortmund,8,Penalty,Home,1
Toni Kroos,Germany,Real Madrid,2020-21,Round Of 16,Chelsea,20,Header,Home,2
Andriy Shevchenko,Ukraine,Ac Milan,2012-13,Semi-Final,Benfica,16,Header,Away,1
Karim Benzema,France,Real Madrid,2010-11,Semi-Final,Inter Milan,30,Header,Home,1
Filippo Inzaghi,Italy,Ac Milan,2012-13,Quarter-Final,Porto,12,Left Foot,Away,1
Luka Modric,Croatia,Real Madrid,2023-24,Final,Manchester City,96,Penalty,Away,1
Zlatan Ibrahimovic,Sweden,Ac Milan,2020-21,Group Stage,Napoli,90,Penalty,Home,1
Fernando Torres,Spain,Liverpool,2010-11,Quarter-Final,Barcelona,21,Right Foot,Away,1
Sadio Mane,Senegal,Liverpool,2022-23,Group Stage,Juventus,64,Right Foot,Away,1
Alessandro Del Piero,Italy,Juventus,2012-13,Round Of 16,Manchester United,18,Left Foot,Home,1
Fernando Torres,Spain,Chelsea,2022-23,Round Of 16,Atletico Madrid,83,Free Kick,Home,2
Bukayo Saka,England,Arsenal,2014-15,Group Stage,Juventus,82,Right Foot,Away,1
Memphis Depay,Netherlands,Barcelona,2011-12,Final,Porto,77,Penalty,Home,2
Mohamed Salah,Egypt,Liverpool,2020-21,Group Stage,Paris Saint-Germain,3,Right Foot,Home,2
Kylian Mbappe,France,Paris Saint-Germain,2021-22,Final,Manchester United,32,Penalty,Away,2
Vinicius Junior,Brazil,Real Madrid,2012-13,Semi-Final,Arsenal,25,Header,Home,1
Thomas Muller,Germany,Bayern Munich,2016-17,Quarter-Final,Juventus,73,Penalty,Home,1
Paulo Dybala,Argentina,Juventus,2011-12,Quarter-Final,Ajax,49,Free Kick,Away,1
Paulo Dybala,Argentina,Juventus,2010-11,Final,Porto,37,Penalty,Away,1
Andriy Shevchenko,Ukraine,Chelsea,2020-21,Group Stage,Sevilla,18,Free Kick,Away,1
Kylian Mbappe,France,Paris Saint-Germain,2012-13,Quarter-Final,Porto,17,Right Foot,Away,1
Bernardo Silva,Portugal,Manchester City,2015-16,Semi-Final,Benfica,48,Header,Home,2
Andriy Shevchenko,Ukraine,Ac Milan,2017-18,Group Stage,Manchester United,68,Right Foot,Home,3
Luka Modric,Croatia,Real Madrid,2010-11,Round Of 16,Benfica,85,Left Foot,Away,3
Robert Lewandowski,Poland,Bayern Munich,2014-15,Quarter-Final,Real Madrid,11,Penalty,Home,1
Alfredo Di Stefano,Argentina,Real Madrid,2015-16,Quarter-Final,Manchester City,12,Penalty,Home,1
Sergio Aguero,Argentina,Manchester City,2012-13,Final,Borussia Dortmund,12,Penalty,Away,1
Vinicius Junior,Brazil,Real Madrid,2018-19,Final,Arsenal,6,Header,Away,1
Lionel Messi,Argentina,Paris Saint-Germain,2018-19,Round Of 16,Manchester City,31,Penalty,Home,1
Ruud Van Nistelrooy,Netherlands,Real Madrid,2021-22,Semi-Final,Sevilla,85,Header,Home,1
Alfredo Di Stefano,Argentina,Real Madrid,2010-11,Final,Ajax,47,Header,Away,2
Neymar Jr,Brazil,Barcelona,2016-17,Group Stage,Inter Milan,33,Header,Home,1
Sergio Aguero,Argentina,Manchester City,2022-23,Round Of 16,Manchester United,54,Header,Home,3
Harry Kane,England,Tottenham Hotspur,2023-24,Semi-Final,Sevilla,65,Left Foot,Home,3
Gareth Bale,Wales,Real Madrid,2016-17,Group Stage,Sevilla,59,Left Foot,Home,1
Wayne Rooney,England,Manchester United,2013-14,Quarter-Final,Borussia Dortmund,91,Left Foot,Home,2
Zlatan Ibrahimovic,Sweden,Paris Saint-Germain,2011-12,Group Stage,Ac Milan,21,Header,Away,2
Bernardo Silva,Portugal,Manchester City,2015-16,Round Of 16,Paris Saint-Germain,46,Right Foot,Away,1
Luka Modric,Croatia,Real Madrid,2011-12,Round Of 16,Chelsea,68,Header,Away,2
Antoine Griezmann,France,Atletico Madrid,2018-19,Group Stage,Juventus,17,Right Foot,Away,1
Paulo Dybala,Argentina,Juventus,2019-20,Group Stage,Bayern Munich,37,Right Foot,Home,2
Kevin De Bruyne,Belgium,Manchester City,2013-14,Group Stage,Inter Milan,75,Right Foot,Away,1
Filippo Inzaghi,Italy,Ac Milan,2015-16,Semi-Final,Sevilla,61,Penalty,Home,2
Karim Benzema,France,Real Madrid,2018-19,Round Of 16,Sevilla,95,Right Foot,Home,1
Julian Alvarez,Argentina,Manchester City,2011-12,Round Of 16,Borussia Dortmund,86,Penalty,Away,3
Andriy Shevchenko,Ukraine,Chelsea,2020-21,Group Stage,Borussia Dortmund,96,Free Kick,Away,3
Sadio Mane,Senegal,Bayern Munich,2022-23,Group Stage,Sevilla,26,Free Kick,Away,2
Karim Benzema,France,Real Madrid,2010-11,Quarter-Final,Inter Milan,60,Right Foot,Away,2
Bukayo Saka,England,Arsenal,2012-13,Group Stage,Sevilla,38,Penalty,Home,1
Raul Gonzalez,Spain,Real Madrid,2010-11,Round Of 16,Inter Milan,50,Header,Away,1
Didier Drogba,Ivory Coast,Chelsea,2017-18,Round Of 16,Paris Saint-Germain,68,Penalty,Home,3
Erling Haaland,Norway,Manchester City,2023-24,Final,Ajax,95,Header,Away,3
Victor Osimhen,Nigeria,Napoli,2012-13,Round Of 16,Atletico Madrid,66,Penalty,Home,1
Kylian Mbappe,France,Paris Saint-Germain,2023-24,Quarter-Final,Manchester United,1,Header,Home,1
Lionel Messi,Argentina,Paris Saint-Germain,2012-13,Group Stage,Manchester City,19,Right Foot,Away,1
Paulo Dybala,Argentina,Juventus,2023-24,Final,Real Madrid,20,Right Foot,Away,2
Cristiano Ronaldo,Portugal,Juventus,2019-20,Group Stage,Paris Saint-Germain,87,Header,Away,1
Cristiano Ronaldo,Portugal,Real Madrid,2019-20,Round Of 16,Ac Milan,10,Penalty,Home,1
Joshua Kimmich,Germany,Bayern Munich,2020-21,Final,Atletico Madrid,62,Penalty,Away,1
Memphis Depay,Netherlands,Barcelona,2023-24,Group Stage,Benfica,32,Free Kick,Home,1
Antoine Griezmann,France,Atletico Madrid,2021-22,Final,Ajax,90,Header,Home,2
Cristiano Ronaldo,Portugal,Juventus,2010-11,Group Stage,Benfica,76,Left Foot,Home,1
Didier Drogba,Ivory Coast,Chelsea,2018-19,Group Stage,Bayern Munich,84,Right Foot,Away,3
Vinicius Junior,Brazil,Real Madrid,2015-16,Quarter-Final,Atletico Madrid,82,Free Kick,Home,1
Thomas Muller,Germany,Bayern Munich,2015-16,Group Stage,Liverpool,22,Free Kick,Away,2
Edinson Cavani,Uruguay,Paris Saint-Germain,2023-24,Final,Borussia Dortmund,19,Right Foot,Home,1
Thomas Muller,Germany,Bayern Munich,2020-21,Group Stage,Juventus,70,Penalty,Home,2
Julian Alvarez,Argentina,Manchester City,2015-16,Semi-Final,Ac Milan,13,Header,Away,1
Kevin De Bruyne,Belgium,Manchester City,2017-18,Group Stage,Juventus,96,Left Foot,Away,1
Neymar Jr,Brazil,Paris Saint-Germain,2022-23,Group Stage,Inter Milan,2,Left Foot,Home,2
Filippo Inzaghi,Italy,Ac Milan,2022-23,Group Stage,Juventus,43,Penalty,Away,1
Antoine Griezmann,France,Atletico Madrid,2015-16,Round Of 16,Chelsea,88,Header,Home,3
Filippo Inzaghi,Italy,Ac Milan,2013-14,Round Of 16,Ajax,91,Left Foot,Away,2
Jude Bellingham,England,Real Madrid,2020-21,Semi-Final,Sevilla,8,Penalty,Home,1
Julian Alvarez,Argentina,Manchester City,2023-24,Round Of 16,Barcelona,41,Header,Away,2
Luis Suarez,Uruguay,Atletico Madrid,2012-13,Group Stage,Tottenham Hotspur,43,Right Foot,Home,3
Thomas Muller,Germany,Bayern Munich,2014-15,Semi-Final,Tottenham Hotspur,86,Right Foot,Home,1
Victor Osimhen,Nigeria,Napoli,2010-11,Group Stage,Benfica,41,Right Foot,Home,2
Jude Bellingham,England,Real Madrid,2020-21,Semi-Final,Inter Milan,56,Penalty,Home,3
Luka Modric,Croatia,Real Madrid,2019-20,Quarter-Final,Sevilla,27,Penalty,Home,1
Bukayo Saka,England,Arsenal,2011-12,Semi-Final,Barcelona,14,Free Kick,Home,2
Andriy Shevchenko,Ukraine,Ac Milan,2023-24,Final,Borussia Dortmund,82,Penalty,Away,3
Erling Haaland,Norway,Manchester City,2015-16,Round Of 16,Inter Milan,7,Penalty,Home,1
Alfredo Di Stefano,Argentina,Real Madrid,2010-11,Semi-Final,Porto,69,Right Foot,Away,1
Luka Modric,Croatia,Real Madrid,2010-11,Round Of 16,Liverpool,32,Header,Away,1
Lionel Messi,Argentina,Paris Saint-Germain,2017-18,Group Stage,Juventus,69,Penalty,Away,1
Lionel Messi,Argentina,Barcelona,2015-16,Group Stage,Ac Milan,36,Penalty,Away,2
Lionel Messi,Argentina,Barcelona,2012-13,Group Stage,Juventus,43,Right Foot,Home,2
Bernardo Silva,Portugal,Manchester City,2021-22,Group Stage,Inter Milan,41,Right Foot,Home,1
Vinicius Junior,Brazil,Real Madrid,2015-16,Round Of 16,Borussia Dortmund,10,Header,Home,1
Harry Kane,England,Tottenham Hotspur,2023-24,Round Of 16,Benfica,12,Right Foot,Home,2
Toni Kroos,Germany,Real Madrid,2010-11,Final,Barcelona,56,Penalty,Home,1
Vinicius Junior,Brazil,Real Madrid,2020-21,Final,Tottenham Hotspur,54,Penalty,Away,2
Karim Benzema,France,Real Madrid,2015-16,Group Stage,Ajax,56,Header,Away,1
Edinson Cavani,Uruguay,Paris Saint-Germain,2017-18,Round Of 16,Atletico Madrid,60,Free Kick,Away,1
Jude Bellingham,England,Real Madrid,2015-16,Group Stage,Manchester United,23,Header,Away,2
Raul Gonzalez,Spain,Real Madrid,2012-13,Round Of 16,Juventus,67,Header,Away,1
Alessandro Del Piero,Italy,Juventus,2020-21,Group Stage,Tottenham Hotspur,63,Right Foot,Home,2
Riyad Mahrez,Algeria,Manchester City,2018-19,Round Of 16,Borussia Dortmund,30,Right Foot,Home,1
Neymar Jr,Brazil,Paris Saint-Germain,2011-12,Final,Napoli,11,Penalty,Away,1
Memphis Depay,Netherlands,Barcelona,2015-16,Semi-Final,Napoli,57,Right Foot,Away,1
Thomas Muller,Germany,Bayern Munich,2013-14,Group Stage,Manchester United,88,Header,Away,1
Vinicius Junior,Brazil,Real Madrid,2013-14,Semi-Final,Paris Saint-Germain,29,Header,Home,2
Alfredo Di Stefano,Argentina,Real Madrid,2011-12,Quarter-Final,Chelsea,32,Header,Away,1
Alfredo Di Stefano,Argentina,Real Madrid,2019-20,Round Of 16,Atletico Madrid,6,Right Foot,Home,1
Alessandro Del Piero,Italy,Juventus,2022-23,Round Of 16,Porto,44,Left Foot,Away,1
Memphis Depay,Netherlands,Barcelona,2019-20,Group Stage,Bayern Munich,3,Free Kick,Home,2
Kylian Mbappe,France,Real Madrid,2019-20,Round Of 16,Ajax,22,Right Foot,Away,3
Neymar Jr,Brazil,Barcelona,2021-22,Group Stage,Bayern Munich,29,Free Kick,Home,1
Sergio Aguero,Argentina,Manchester City,2020-21,Round Of 16,Paris Saint-Germain,36,Right Foot,Home,2
Antoine Griezmann,France,Atletico Madrid,2011-12,Round Of 16,Ajax,70,Penalty,Away,1
Alessandro Del Piero,Italy,Juventus,2014-15,Group Stage,Porto,50,Header,Away,3
Kevin De Bruyne,Belgium,Manchester City,2012-13,Semi-Final,Bayern Munich,73,Header,Away,2
Bukayo Saka,England,Arsenal,2021-22,Group Stage,Benfica,45,Penalty,Away,2
Alfredo Di Stefano,Argentina,Real Madrid,2023-24,Group Stage,Juventus,74,Free Kick,Away,1
Alfredo Di Stefano,Argentina,Real Madrid,2020-21,Quarter-Final,Bayern Munich,48,Free Kick,Away,3
Filippo Inzaghi,Italy,Ac Milan,2019-20,Round Of 16,Manchester City,11,Right Foot,Away,3
Erling Haaland,Norway,Manchester City,2015-16,Round Of 16,Ac Milan,12,Penalty,Home,1
Raul Gonzalez,Spain,Real Madrid,2018-19,Round Of 16,Arsenal,93,Penalty,Away,3
Luka Modric,Croatia,Real Madrid,2014-15,Round Of 16,Benfica,30,Left Foot,Home,2
Antoine Griezmann,France,Atletico Madrid,2020-21,Quarter-Final,Liverpool,95,Penalty,Home,2
Robert Lewandowski,Poland,Borussia Dortmund,2021-22,Semi-Final,Barcelona,79,Left Foot,Home,2
Luka Modric,Croatia,Real Madrid,2022-23,Group Stage,Tottenham Hotspur,65,Header,Away,1
Antoine Griezmann,France,Atletico Madrid,2017-18,Semi-Final,Manchester City,21,Left Foot,Away,2
Ruud Van Nistelrooy,Netherlands,Real Madrid,2017-18,Group Stage,Benfica,58,Penalty,Home,1
Luka Modric,Croatia,Real Madrid,2013-14,Final,Manchester United,15,Free Kick,Home,1
Raul Gonzalez,Spain,Real Madrid,2018-19,Group Stage,Chelsea,23,Right Foot,Home,2
Alfredo Di Stefano,Argentina,Real Madrid,2020-21,Quarter-Final,Ajax,51,Header,Home,1
Toni Kroos,Germany,Real Madrid,2012-13,Final,Manchester City,2,Right Foot,Home,1
Erling Haaland,Norway,Manchester City,2010-11,Group Stage,Inter Milan,10,Left Foot,Home,1
Alessandro Del Piero,Italy,Juventus,2011-12,Semi-Final,Manchester United,34,Penalty,Away,2
Edinson Cavani,Uruguay,Paris Saint-Germain,2020-21,Group Stage,Bayern Munich,88,Header,Away,2
Antoine Griezmann,France,Atletico Madrid,2019-20,Group Stage,Real Madrid,48,Right Foot,Home,2
Luka Modric,Croatia,Real Madrid,2023-24,Semi-Final,Benfica,23,Penalty,Home,1
Toni Kroos,Germany,Real Madrid,2012-13,Group Stage,Barcelona,30,Penalty,Home,1
Thomas Muller,Germany,Bayern Munich,2014-15,Round Of 16,Manchester City,90,Header,Away,3
Vinicius Junior,Brazil,Real Madrid,2015-16,Quarter-Final,Atletico Madrid,31,Penalty,Away,1
Alessandro Del Piero,Italy,Juventus,2019-20,Group Stage,Barcelona,62,Left Foot,Away,1
Bukayo Saka,England,Arsenal,2010-11,Round Of 16,Inter Milan,75,Penalty,Away,2
Memphis Depay,Netherlands,Barcelona,2012-13,Round Of 16,Inter Milan,13,Right Foot,Away,2
Fernando Torres,Spain,Chelsea,2019-20,Semi-Final,Real Madrid,89,Left Foot,Away,1
Kevin De Bruyne,Belgium,Manchester City,2016-17,Quarter-Final,Manchester United,20,Header,Away,1
Sadio Mane,Senegal,Liverpool,2012-13,Final,Manchester City,39,Free Kick,Away,1
Ruud Van Nistelrooy,Netherlands,Real Madrid,2013-14,Group Stage,Liverpool,83,Left Foot,Home,1
Julian Alvarez,Argentina,Manchester City,2019-20,Round Of 16,Paris Saint-Germain,72,Penalty,Away,1
Karim Benzema,France,Real Madrid,2018-19,Group Stage,Napoli,90,Left Foot,Home,1
